{
  "experiment": "unet_v4_1m_topo5",
  "best_val_loss": 0.192815,
  "epochs_run": 150,
  "train_loss": [
    0.637352,
    0.609221,
    0.593206,
    0.586038,
    0.578754,
    0.577801,
    0.5739,
    0.569584,
    0.568309,
    0.562545,
    0.559027,
    0.559091,
    0.555894,
    0.551712,
    0.547021,
    0.54542,
    0.543714,
    0.537153,
    0.538675,
    0.534126,
    0.529899,
    0.524292,
    0.51753,
    0.511962,
    0.505904,
    0.499843,
    0.489069,
    0.481469,
    0.472281,
    0.463027,
    0.453008,
    0.446606,
    0.441915,
    0.431854,
    0.425201,
    0.419315,
    0.413861,
    0.406939,
    0.405902,
    0.396895,
    0.393323,
    0.39188,
    0.384265,
    0.382903,
    0.37848,
    0.376846,
    0.370229,
    0.370125,
    0.366328,
    0.362814,
    0.360454,
    0.357311,
    0.356917,
    0.351378,
    0.354168,
    0.35114,
    0.347029,
    0.345188,
    0.343829,
    0.340739,
    0.342368,
    0.337723,
    0.335323,
    0.330289,
    0.329503,
    0.328465,
    0.32864,
    0.322761,
    0.323259,
    0.322084,
    0.319952,
    0.317545,
    0.317383,
    0.31402,
    0.313119,
    0.311044,
    0.309686,
    0.310457,
    0.304327,
    0.306408,
    0.304825,
    0.303828,
    0.298482,
    0.296755,
    0.296376,
    0.298612,
    0.297655,
    0.29223,
    0.292591,
    0.294739,
    0.292536,
    0.289163,
    0.290327,
    0.287389,
    0.286037,
    0.28472,
    0.282818,
    0.28424,
    0.282411,
    0.279013,
    0.275386,
    0.278119,
    0.276248,
    0.275709,
    0.271699,
    0.27392,
    0.271486,
    0.271114,
    0.270185,
    0.267869,
    0.268141,
    0.267947,
    0.264335,
    0.260953,
    0.265332,
    0.263254,
    0.262363,
    0.261233,
    0.257848,
    0.257083,
    0.257675,
    0.258281,
    0.259017,
    0.25416,
    0.253101,
    0.251632,
    0.249396,
    0.252931,
    0.250623,
    0.249451,
    0.250404,
    0.249782,
    0.247877,
    0.248118,
    0.245747,
    0.245216,
    0.244378,
    0.244734,
    0.242698,
    0.243639,
    0.240109,
    0.24113,
    0.239802,
    0.239809,
    0.238973,
    0.240163,
    0.236822,
    0.23551,
    0.237915,
    0.237361
  ],
  "val_loss": [
    0.280226,
    0.303866,
    0.330498,
    0.293474,
    0.284024,
    0.280324,
    0.278307,
    0.282678,
    0.276788,
    0.267464,
    0.267828,
    0.280075,
    0.270855,
    0.271916,
    0.282119,
    0.269377,
    0.260556,
    0.257315,
    0.273523,
    0.262113,
    0.251104,
    0.258946,
    0.250083,
    0.279038,
    0.250424,
    0.251518,
    0.25717,
    0.259004,
    0.244574,
    0.235096,
    0.255175,
    0.22103,
    0.23571,
    0.224387,
    0.24051,
    0.243585,
    0.243178,
    0.224664,
    0.230787,
    0.218581,
    0.237807,
    0.23663,
    0.25411,
    0.232412,
    0.234764,
    0.234098,
    0.253875,
    0.269573,
    0.213678,
    0.218856,
    0.22229,
    0.220212,
    0.244916,
    0.220458,
    0.218451,
    0.226896,
    0.227992,
    0.228633,
    0.206076,
    0.20688,
    0.210381,
    0.242,
    0.212681,
    0.212521,
    0.224951,
    0.224032,
    0.254345,
    0.228142,
    0.198153,
    0.212543,
    0.22833,
    0.226853,
    0.205386,
    0.210585,
    0.216016,
    0.214016,
    0.232829,
    0.220053,
    0.216276,
    0.201978,
    0.204374,
    0.218578,
    0.22747,
    0.227868,
    0.217279,
    0.247706,
    0.192815,
    0.229554,
    0.235796,
    0.210924,
    0.225182,
    0.20903,
    0.22772,
    0.226185,
    0.213982,
    0.21953,
    0.214734,
    0.208514,
    0.215912,
    0.214437,
    0.213522,
    0.238541,
    0.21242,
    0.23139,
    0.226212,
    0.222185,
    0.219602,
    0.21604,
    0.224698,
    0.23806,
    0.253002,
    0.225351,
    0.244098,
    0.227992,
    0.220076,
    0.231075,
    0.238607,
    0.224759,
    0.231547,
    0.228257,
    0.236075,
    0.235583,
    0.23693,
    0.239586,
    0.247949,
    0.234821,
    0.24216,
    0.240814,
    0.243965,
    0.24197,
    0.241264,
    0.232224,
    0.26342,
    0.247682,
    0.245121,
    0.247912,
    0.25006,
    0.236746,
    0.257567,
    0.239735,
    0.239146,
    0.253829,
    0.241216,
    0.250709,
    0.253933,
    0.250459,
    0.277822,
    0.244326,
    0.252207,
    0.257256
  ],
  "config": {
    "architecture": "unet",
    "in_channels": 5,
    "features": [
      64,
      128,
      256,
      512
    ],
    "dropout_p": 0.1,
    "batch_size": 16,
    "learning_rate": 0.001,
    "weight_decay": 0.0001,
    "optimizer": "adamw",
    "loss": "mse",
    "grad_clip": 1.0,
    "epochs": 150,
    "channel_indices": [
      0,
      1,
      2,
      3,
      4
    ]
  }
}