{
  "experiment": "unet_v6_topo5_only",
  "best_val_loss": 0.165544,
  "epochs_run": 200,
  "train_loss": [
    1.185296,
    0.719694,
    0.532311,
    0.513656,
    0.540475,
    0.523676,
    0.491732,
    0.454132,
    0.473101,
    0.458254,
    0.460175,
    0.516532,
    0.451593,
    0.421599,
    0.48561,
    0.446931,
    0.466235,
    0.442893,
    0.397278,
    0.412973,
    0.467744,
    0.428759,
    0.454768,
    0.433878,
    0.440485,
    0.401274,
    0.408521,
    0.425693,
    0.457359,
    0.414637,
    0.396572,
    0.399849,
    0.417119,
    0.39491,
    0.407279,
    0.424756,
    0.416027,
    0.423841,
    0.407446,
    0.444029,
    0.39099,
    0.394724,
    0.385736,
    0.392385,
    0.382935,
    0.390602,
    0.390989,
    0.403185,
    0.397191,
    0.405721,
    0.387845,
    0.410549,
    0.402333,
    0.384431,
    0.371172,
    0.364975,
    0.38423,
    0.388264,
    0.399665,
    0.40673,
    0.38755,
    0.386166,
    0.399221,
    0.40018,
    0.397519,
    0.37796,
    0.394962,
    0.382805,
    0.389924,
    0.392508,
    0.37966,
    0.389537,
    0.399934,
    0.372724,
    0.363412,
    0.368141,
    0.381745,
    0.3635,
    0.368731,
    0.390378,
    0.374355,
    0.36356,
    0.376248,
    0.365462,
    0.366077,
    0.371922,
    0.371552,
    0.353736,
    0.365762,
    0.36325,
    0.36067,
    0.341103,
    0.369516,
    0.372114,
    0.364325,
    0.383508,
    0.380853,
    0.373288,
    0.385989,
    0.37103,
    0.378679,
    0.35617,
    0.34641,
    0.354184,
    0.349368,
    0.382383,
    0.367217,
    0.35759,
    0.351289,
    0.375864,
    0.361212,
    0.362805,
    0.335719,
    0.352086,
    0.341413,
    0.347164,
    0.336823,
    0.367624,
    0.351405,
    0.342407,
    0.349772,
    0.327654,
    0.335181,
    0.332034,
    0.370874,
    0.338702,
    0.363975,
    0.339788,
    0.324685,
    0.337631,
    0.33388,
    0.321086,
    0.339723,
    0.355558,
    0.32523,
    0.348696,
    0.320544,
    0.335289,
    0.319339,
    0.322041,
    0.320998,
    0.315098,
    0.327422,
    0.327173,
    0.322148,
    0.330057,
    0.323312,
    0.314118,
    0.316542,
    0.344408,
    0.324457,
    0.323086,
    0.309515,
    0.322587,
    0.315667,
    0.308527,
    0.35179,
    0.321631,
    0.329543,
    0.323066,
    0.317305,
    0.321802,
    0.323681,
    0.29737,
    0.367396,
    0.298332,
    0.33538,
    0.318448,
    0.301379,
    0.319695,
    0.306862,
    0.312909,
    0.306955,
    0.31669,
    0.308263,
    0.310979,
    0.294164,
    0.313769,
    0.320397,
    0.30914,
    0.320862,
    0.30211,
    0.32186,
    0.289942,
    0.304824,
    0.283712,
    0.313151,
    0.295876,
    0.305503,
    0.318339,
    0.323457,
    0.307778,
    0.304878,
    0.311295,
    0.307519,
    0.307822,
    0.302627,
    0.313554,
    0.302505,
    0.300732
  ],
  "val_loss": [
    0.52959,
    2.663619,
    0.437069,
    23.943853,
    2.402529,
    0.419476,
    0.30513,
    0.325689,
    0.249584,
    0.256837,
    0.247998,
    0.395351,
    0.30787,
    0.247118,
    0.242301,
    0.268296,
    0.247049,
    0.223049,
    0.2964,
    0.246405,
    0.237689,
    0.263489,
    0.245121,
    0.261542,
    0.413418,
    0.275293,
    0.23666,
    0.22977,
    0.22258,
    0.274904,
    0.247272,
    0.209276,
    0.222577,
    0.231873,
    0.207675,
    0.210559,
    0.24002,
    0.211215,
    0.228998,
    0.233672,
    0.233816,
    0.238001,
    0.2331,
    0.240061,
    0.247383,
    0.210279,
    0.218116,
    0.239311,
    0.229142,
    0.239465,
    0.248861,
    0.232552,
    0.214638,
    0.224127,
    0.218306,
    0.234275,
    0.226309,
    0.224552,
    0.216375,
    0.231724,
    0.301969,
    0.21888,
    0.23133,
    0.216413,
    0.213595,
    0.222025,
    0.263853,
    0.238685,
    0.23282,
    0.232512,
    0.219221,
    0.243023,
    0.22622,
    0.217726,
    0.21699,
    0.197043,
    0.202596,
    0.218938,
    0.204598,
    0.194677,
    0.228855,
    0.218975,
    0.21001,
    0.199636,
    0.214698,
    0.225001,
    0.21445,
    0.204536,
    0.205683,
    0.193592,
    0.210404,
    0.23468,
    0.220432,
    0.242228,
    0.253064,
    0.214294,
    0.208384,
    0.207437,
    0.222778,
    0.212643,
    0.2169,
    0.213778,
    0.214043,
    0.209073,
    0.192285,
    0.201295,
    0.203453,
    0.203489,
    0.195423,
    0.198412,
    0.196619,
    0.196938,
    0.223099,
    0.207943,
    0.189689,
    0.189402,
    0.198541,
    0.203601,
    0.198048,
    0.196668,
    0.194107,
    0.185082,
    0.191836,
    0.184961,
    0.195609,
    0.193082,
    0.191891,
    0.198167,
    0.200758,
    0.208735,
    0.21484,
    0.212713,
    0.20034,
    0.212245,
    0.212041,
    0.209279,
    0.218509,
    0.210979,
    0.1993,
    0.191969,
    0.18852,
    0.187292,
    0.187948,
    0.182484,
    0.195785,
    0.197845,
    0.186203,
    0.201296,
    0.206651,
    0.182284,
    0.172644,
    0.189692,
    0.20578,
    0.187847,
    0.183565,
    0.201388,
    0.204105,
    0.195956,
    0.173505,
    0.202183,
    0.188723,
    0.174624,
    0.174922,
    0.176152,
    0.20261,
    0.18556,
    0.181762,
    0.178251,
    0.188757,
    0.185066,
    0.178016,
    0.180418,
    0.207362,
    0.18913,
    0.177453,
    0.178924,
    0.183765,
    0.173293,
    0.176756,
    0.175795,
    0.193208,
    0.188592,
    0.176149,
    0.166887,
    0.165544,
    0.176758,
    0.183466,
    0.179358,
    0.183899,
    0.187342,
    0.182854,
    0.212678,
    0.202657,
    0.174058,
    0.165878,
    0.178463,
    0.197831,
    0.180741,
    0.177014,
    0.184078
  ],
  "config": {
    "architecture": "unet",
    "in_channels": 5,
    "features": [
      64,
      128,
      256,
      512
    ],
    "dropout_p": 0.1,
    "batch_size": 16,
    "learning_rate": 0.001,
    "weight_decay": 0.0001,
    "optimizer": "adamw",
    "loss": "mse",
    "grad_clip": 1.0,
    "epochs": 200,
    "channel_indices": [
      0,
      1,
      2,
      3,
      4
    ]
  }
}