{
  "experiment": "resunetpp_v6_final",
  "best_val_loss": 0.18068,
  "epochs_run": 200,
  "train_loss": [
    0.658075,
    0.427037,
    0.411369,
    0.379632,
    0.330766,
    0.319008,
    0.305602,
    0.302279,
    0.284744,
    0.278195,
    0.271703,
    0.24944,
    0.252656,
    0.249028,
    0.224808,
    0.235191,
    0.226629,
    0.217901,
    0.217165,
    0.208512,
    0.211093,
    0.189978,
    0.208718,
    0.208466,
    0.190017,
    0.183435,
    0.192641,
    0.195049,
    0.19184,
    0.184348,
    0.178512,
    0.175385,
    0.176336,
    0.179042,
    0.190001,
    0.164456,
    0.171865,
    0.177336,
    0.159486,
    0.158867,
    0.147528,
    0.154924,
    0.157656,
    0.143488,
    0.154902,
    0.152356,
    0.137146,
    0.139257,
    0.139691,
    0.137201,
    0.133161,
    0.13721,
    0.142033,
    0.134112,
    0.131886,
    0.139729,
    0.135082,
    0.124902,
    0.123773,
    0.120324,
    0.120836,
    0.119873,
    0.117603,
    0.118445,
    0.130695,
    0.123114,
    0.115152,
    0.107074,
    0.108481,
    0.107933,
    0.104716,
    0.108729,
    0.11102,
    0.103738,
    0.10618,
    0.111001,
    0.114401,
    0.113888,
    0.104399,
    0.10286,
    0.096701,
    0.096954,
    0.104145,
    0.098358,
    0.097963,
    0.094232,
    0.094578,
    0.091755,
    0.093307,
    0.091816,
    0.093013,
    0.091226,
    0.089461,
    0.087962,
    0.09892,
    0.089859,
    0.091107,
    0.085842,
    0.089931,
    0.087674,
    0.087617,
    0.086815,
    0.083222,
    0.080804,
    0.08403,
    0.083742,
    0.081122,
    0.082275,
    0.082612,
    0.076502,
    0.07659,
    0.076358,
    0.079704,
    0.074653,
    0.071798,
    0.074585,
    0.070962,
    0.075008,
    0.077834,
    0.077756,
    0.080543,
    0.07607,
    0.075063,
    0.076222,
    0.075403,
    0.072243,
    0.074166,
    0.072831,
    0.071638,
    0.075069,
    0.074437,
    0.073105,
    0.072954,
    0.070189,
    0.070545,
    0.067261,
    0.067332,
    0.069428,
    0.069296,
    0.068099,
    0.06844,
    0.067426,
    0.069415,
    0.068922,
    0.064919,
    0.064379,
    0.06703,
    0.068805,
    0.067515,
    0.065721,
    0.064868,
    0.064475,
    0.062294,
    0.060237,
    0.061294,
    0.063626,
    0.06406,
    0.064084,
    0.06065,
    0.062121,
    0.06493,
    0.059561,
    0.063224,
    0.060103,
    0.058656,
    0.05774,
    0.058331,
    0.058306,
    0.057543,
    0.057966,
    0.058936,
    0.060608,
    0.065271,
    0.059252,
    0.057088,
    0.057938,
    0.058097,
    0.059437,
    0.058234,
    0.057589,
    0.058756,
    0.057007,
    0.056258,
    0.060073,
    0.056528,
    0.057343,
    0.056575,
    0.06094,
    0.060587,
    0.055682,
    0.055859,
    0.055276,
    0.053631,
    0.053505,
    0.056084,
    0.056709,
    0.05373,
    0.056009,
    0.052486,
    0.052957
  ],
  "val_loss": [
    0.257668,
    0.268392,
    0.244952,
    0.33958,
    0.266041,
    0.279956,
    0.240975,
    0.233289,
    0.285954,
    0.276367,
    0.283088,
    0.231,
    0.340044,
    0.223275,
    0.235493,
    0.27645,
    0.2696,
    0.288911,
    0.304269,
    0.263243,
    0.248961,
    0.306141,
    0.199492,
    0.237125,
    0.193143,
    0.24292,
    0.33791,
    0.245643,
    0.222641,
    0.18733,
    0.231003,
    0.22416,
    0.237603,
    0.28302,
    0.193541,
    0.219438,
    0.334692,
    0.207965,
    0.213239,
    0.214098,
    0.255446,
    0.228007,
    0.236378,
    0.243149,
    0.203943,
    0.221182,
    0.207133,
    0.20767,
    0.252251,
    0.216952,
    0.214021,
    0.349916,
    0.215252,
    0.22531,
    0.237816,
    0.28263,
    0.212688,
    0.225118,
    0.232105,
    0.247502,
    0.225392,
    0.223366,
    0.222622,
    0.18068,
    0.242564,
    0.26695,
    0.203067,
    0.226686,
    0.237742,
    0.231433,
    0.208199,
    0.228126,
    0.232951,
    0.201604,
    0.202798,
    0.259978,
    0.228318,
    0.204146,
    0.228364,
    0.244285,
    0.216633,
    0.236081,
    0.215667,
    0.191533,
    0.224347,
    0.216848,
    0.205778,
    0.22106,
    0.219329,
    0.200687,
    0.21709,
    0.222195,
    0.246476,
    0.246756,
    0.212278,
    0.199105,
    0.221376,
    0.216047,
    0.191594,
    0.221982,
    0.207064,
    0.207208,
    0.237584,
    0.198151,
    0.201861,
    0.243666,
    0.23054,
    0.215705,
    0.223426,
    0.191465,
    0.209281,
    0.216661,
    0.219637,
    0.197482,
    0.20379,
    0.216899,
    0.196243,
    0.19038,
    0.223762,
    0.205697,
    0.211959,
    0.220399,
    0.231085,
    0.239917,
    0.226252,
    0.207291,
    0.192337,
    0.211814,
    0.201735,
    0.219414,
    0.2311,
    0.221913,
    0.195242,
    0.211076,
    0.227333,
    0.251832,
    0.213399,
    0.203565,
    0.219977,
    0.206112,
    0.255262,
    0.227854,
    0.226311,
    0.21447,
    0.213008,
    0.222131,
    0.25734,
    0.236825,
    0.228353,
    0.233086,
    0.211469,
    0.220974,
    0.232204,
    0.212829,
    0.231423,
    0.22937,
    0.208577,
    0.210192,
    0.210545,
    0.216953,
    0.229364,
    0.216033,
    0.209209,
    0.222236,
    0.222811,
    0.227894,
    0.220768,
    0.196281,
    0.205596,
    0.238181,
    0.224754,
    0.242954,
    0.246739,
    0.226472,
    0.225661,
    0.210832,
    0.217112,
    0.219078,
    0.239219,
    0.224838,
    0.209685,
    0.2054,
    0.219549,
    0.211501,
    0.231994,
    0.229331,
    0.238472,
    0.249134,
    0.218069,
    0.230838,
    0.226397,
    0.211903,
    0.213538,
    0.222079,
    0.232725,
    0.220903,
    0.237443,
    0.220744,
    0.2253,
    0.218116
  ],
  "config": {
    "architecture": "resunetpp",
    "in_channels": 17,
    "features": [
      48,
      96,
      192,
      384
    ],
    "dropout_p": 0.046,
    "batch_size": 8,
    "learning_rate": 5.61e-05,
    "weight_decay": 1.82e-05,
    "optimizer": "adamw",
    "loss": "mse",
    "grad_clip": 1.0,
    "epochs": 200,
    "channel_indices": [
      0,
      1,
      2,
      3,
      4,
      5,
      6,
      7,
      8,
      9,
      10,
      11,
      12,
      13,
      30,
      31,
      32
    ]
  }
}