{
  "experiment": "resunetpp_v6_final",
  "best_val_loss": 0.176856,
  "epochs_run": 200,
  "train_loss": [
    0.675537,
    0.386524,
    0.346871,
    0.311073,
    0.295305,
    0.295844,
    0.290545,
    0.282072,
    0.258229,
    0.261118,
    0.254531,
    0.249035,
    0.248765,
    0.222348,
    0.23108,
    0.229644,
    0.212826,
    0.209072,
    0.227729,
    0.207332,
    0.211916,
    0.214664,
    0.194004,
    0.20633,
    0.200211,
    0.185686,
    0.192496,
    0.175055,
    0.188324,
    0.180985,
    0.168868,
    0.175626,
    0.181654,
    0.166131,
    0.182075,
    0.159248,
    0.153487,
    0.165565,
    0.165162,
    0.153737,
    0.156254,
    0.1527,
    0.147481,
    0.143137,
    0.14821,
    0.152961,
    0.142984,
    0.140115,
    0.145167,
    0.139126,
    0.139905,
    0.135108,
    0.14732,
    0.134834,
    0.129205,
    0.125134,
    0.12811,
    0.117416,
    0.120632,
    0.12151,
    0.123995,
    0.126371,
    0.124006,
    0.125239,
    0.110821,
    0.111663,
    0.109512,
    0.118815,
    0.10877,
    0.112672,
    0.110103,
    0.107077,
    0.120873,
    0.107277,
    0.102852,
    0.111546,
    0.104981,
    0.122813,
    0.119184,
    0.102078,
    0.097972,
    0.09947,
    0.097188,
    0.100787,
    0.095423,
    0.098908,
    0.092247,
    0.093825,
    0.094585,
    0.092008,
    0.09679,
    0.093428,
    0.09083,
    0.092088,
    0.09203,
    0.086287,
    0.088848,
    0.096222,
    0.086525,
    0.087601,
    0.083743,
    0.084549,
    0.086443,
    0.082846,
    0.081726,
    0.085141,
    0.082852,
    0.081357,
    0.078711,
    0.082624,
    0.083028,
    0.083529,
    0.081645,
    0.080133,
    0.077289,
    0.07478,
    0.074305,
    0.074878,
    0.081691,
    0.0772,
    0.075168,
    0.074345,
    0.074199,
    0.072454,
    0.070037,
    0.070134,
    0.068981,
    0.07109,
    0.0709,
    0.067735,
    0.069862,
    0.06852,
    0.073074,
    0.06865,
    0.068386,
    0.069469,
    0.065494,
    0.066581,
    0.065721,
    0.068531,
    0.072406,
    0.067309,
    0.065399,
    0.064017,
    0.061619,
    0.065,
    0.066509,
    0.065073,
    0.064663,
    0.063525,
    0.062821,
    0.065298,
    0.064446,
    0.063342,
    0.06281,
    0.062838,
    0.062074,
    0.063635,
    0.059815,
    0.061522,
    0.059684,
    0.059903,
    0.067274,
    0.060589,
    0.058593,
    0.067272,
    0.060818,
    0.057426,
    0.059296,
    0.05906,
    0.061908,
    0.067112,
    0.060887,
    0.058523,
    0.058965,
    0.058469,
    0.058082,
    0.058194,
    0.057136,
    0.058666,
    0.056704,
    0.057786,
    0.058659,
    0.054228,
    0.057576,
    0.056235,
    0.054314,
    0.055929,
    0.054379,
    0.05352,
    0.053435,
    0.059038,
    0.0553,
    0.053665,
    0.050512,
    0.058454,
    0.058193,
    0.053778,
    0.05588,
    0.054061
  ],
  "val_loss": [
    0.324969,
    0.247196,
    0.270477,
    0.271764,
    0.297045,
    0.266899,
    0.242814,
    0.263083,
    0.249792,
    0.272668,
    0.258853,
    0.236762,
    0.227214,
    0.28653,
    0.290676,
    0.352291,
    0.29156,
    0.255847,
    0.229864,
    0.30279,
    0.232735,
    0.204585,
    0.212893,
    0.347925,
    0.213727,
    0.202198,
    0.246578,
    0.232289,
    0.261122,
    0.259667,
    0.2334,
    0.195329,
    0.238376,
    0.23501,
    0.292001,
    0.241124,
    0.226187,
    0.247787,
    0.287425,
    0.220042,
    0.203176,
    0.247406,
    0.271807,
    0.29062,
    0.214503,
    0.209941,
    0.243541,
    0.220177,
    0.218084,
    0.267457,
    0.223248,
    0.23536,
    0.237201,
    0.242038,
    0.205039,
    0.235506,
    0.230988,
    0.240683,
    0.275656,
    0.232306,
    0.190659,
    0.283325,
    0.234562,
    0.199815,
    0.243943,
    0.215307,
    0.259516,
    0.225776,
    0.19879,
    0.186456,
    0.215417,
    0.243479,
    0.2498,
    0.22577,
    0.177102,
    0.224174,
    0.287755,
    0.176856,
    0.222786,
    0.246297,
    0.205804,
    0.227314,
    0.240089,
    0.225964,
    0.289637,
    0.235025,
    0.23477,
    0.263677,
    0.217331,
    0.178682,
    0.251154,
    0.232423,
    0.238154,
    0.189581,
    0.206307,
    0.227131,
    0.256591,
    0.189167,
    0.212958,
    0.243974,
    0.218179,
    0.266553,
    0.201554,
    0.225861,
    0.208572,
    0.211529,
    0.247835,
    0.212473,
    0.191609,
    0.227737,
    0.228788,
    0.205882,
    0.200252,
    0.250001,
    0.229441,
    0.241755,
    0.22323,
    0.254509,
    0.207167,
    0.210079,
    0.224518,
    0.235448,
    0.20782,
    0.223296,
    0.217564,
    0.195224,
    0.21517,
    0.194487,
    0.200361,
    0.235112,
    0.221954,
    0.189102,
    0.219053,
    0.223287,
    0.20651,
    0.20713,
    0.198648,
    0.21245,
    0.221596,
    0.218791,
    0.252896,
    0.18151,
    0.210887,
    0.205675,
    0.197442,
    0.182457,
    0.202682,
    0.217558,
    0.209899,
    0.19743,
    0.233786,
    0.225246,
    0.224639,
    0.22093,
    0.216923,
    0.220073,
    0.2187,
    0.207215,
    0.216466,
    0.187966,
    0.196557,
    0.261967,
    0.220786,
    0.198269,
    0.19854,
    0.195197,
    0.226506,
    0.218283,
    0.211946,
    0.194076,
    0.237167,
    0.215103,
    0.20026,
    0.233574,
    0.205518,
    0.207023,
    0.222946,
    0.221731,
    0.221749,
    0.197104,
    0.196278,
    0.217896,
    0.231789,
    0.196555,
    0.207801,
    0.205706,
    0.216945,
    0.214547,
    0.200977,
    0.199058,
    0.193677,
    0.205362,
    0.199481,
    0.20648,
    0.20388,
    0.246422,
    0.23251,
    0.196766,
    0.228132,
    0.22391
  ],
  "config": {
    "architecture": "resunetpp",
    "in_channels": 17,
    "features": [
      48,
      96,
      192,
      384
    ],
    "dropout_p": 0.046,
    "batch_size": 8,
    "learning_rate": 5.61e-05,
    "weight_decay": 1.82e-05,
    "optimizer": "adamw",
    "loss": "mse",
    "grad_clip": 1.0,
    "epochs": 200,
    "channel_indices": [
      0,
      1,
      2,
      3,
      4,
      5,
      6,
      7,
      8,
      9,
      10,
      11,
      12,
      13,
      30,
      31,
      32
    ]
  }
}