{
  "experiment": "resunetpp_v6_5m",
  "best_val_loss": 0.188707,
  "epochs_run": 150,
  "train_loss": [
    0.826753,
    0.461659,
    0.383788,
    0.368937,
    0.35828,
    0.333679,
    0.319455,
    0.324863,
    0.296223,
    0.312683,
    0.312884,
    0.317149,
    0.288124,
    0.295407,
    0.27294,
    0.268494,
    0.258187,
    0.252286,
    0.251538,
    0.237729,
    0.249325,
    0.225277,
    0.232391,
    0.227588,
    0.212907,
    0.227052,
    0.214136,
    0.199766,
    0.200964,
    0.199265,
    0.203876,
    0.192246,
    0.185716,
    0.186106,
    0.193188,
    0.194348,
    0.194191,
    0.197786,
    0.192582,
    0.181561,
    0.18201,
    0.184065,
    0.186062,
    0.186381,
    0.179044,
    0.177984,
    0.173274,
    0.176831,
    0.171383,
    0.155715,
    0.169817,
    0.172408,
    0.162117,
    0.160703,
    0.161155,
    0.159146,
    0.162202,
    0.167543,
    0.163796,
    0.147082,
    0.142573,
    0.143902,
    0.137857,
    0.152459,
    0.141632,
    0.140396,
    0.136946,
    0.133105,
    0.134225,
    0.137722,
    0.141268,
    0.14134,
    0.138127,
    0.12979,
    0.131556,
    0.127435,
    0.127595,
    0.134185,
    0.133376,
    0.134279,
    0.130239,
    0.126185,
    0.121223,
    0.127719,
    0.138979,
    0.121029,
    0.125012,
    0.125747,
    0.11955,
    0.1172,
    0.114582,
    0.120015,
    0.12136,
    0.123254,
    0.110649,
    0.114686,
    0.108334,
    0.11809,
    0.111719,
    0.108201,
    0.11046,
    0.115643,
    0.108581,
    0.103973,
    0.10835,
    0.10827,
    0.105818,
    0.097412,
    0.099371,
    0.098582,
    0.09982,
    0.094608,
    0.100248,
    0.09122,
    0.094322,
    0.092239,
    0.092262,
    0.094246,
    0.090133,
    0.087653,
    0.089198,
    0.089388,
    0.089924,
    0.086451,
    0.08184,
    0.082934,
    0.082262,
    0.088424,
    0.084608,
    0.089107,
    0.082761,
    0.084428,
    0.085692,
    0.079546,
    0.078841,
    0.080445,
    0.077498,
    0.082581,
    0.076627,
    0.078568,
    0.079264,
    0.075158,
    0.073395,
    0.078127,
    0.074486,
    0.077702,
    0.076498,
    0.07696,
    0.078054,
    0.075739
  ],
  "val_loss": [
    0.264147,
    0.242625,
    0.382994,
    0.372767,
    0.237111,
    0.426662,
    0.272806,
    0.383752,
    0.249187,
    0.363777,
    0.263614,
    0.26193,
    0.288886,
    0.295759,
    0.235101,
    0.342053,
    0.261359,
    0.281133,
    0.249364,
    0.298721,
    0.219658,
    0.322952,
    0.231417,
    0.274894,
    0.283379,
    0.2377,
    0.237414,
    0.313509,
    0.258522,
    0.217571,
    0.271582,
    0.255164,
    0.2561,
    0.220084,
    0.261236,
    0.297474,
    0.216394,
    0.27653,
    0.262948,
    0.244045,
    0.234032,
    0.283066,
    0.231428,
    0.228026,
    0.274989,
    0.265272,
    0.245824,
    0.261083,
    0.260927,
    0.210864,
    0.210162,
    0.225498,
    0.250358,
    0.22898,
    0.266084,
    0.229217,
    0.218963,
    0.315515,
    0.241982,
    0.224439,
    0.254923,
    0.251552,
    0.241609,
    0.226883,
    0.260119,
    0.250629,
    0.227514,
    0.245098,
    0.266087,
    0.32475,
    0.219832,
    0.198534,
    0.278455,
    0.258926,
    0.21298,
    0.244428,
    0.255679,
    0.298536,
    0.221425,
    0.210214,
    0.233644,
    0.280078,
    0.21045,
    0.209521,
    0.274446,
    0.252571,
    0.213101,
    0.269921,
    0.272958,
    0.212884,
    0.279472,
    0.246952,
    0.209635,
    0.249151,
    0.275458,
    0.240427,
    0.199291,
    0.283295,
    0.234986,
    0.207729,
    0.337267,
    0.195549,
    0.24154,
    0.312298,
    0.20011,
    0.235445,
    0.213419,
    0.24444,
    0.241465,
    0.219932,
    0.241418,
    0.213862,
    0.218135,
    0.216592,
    0.233812,
    0.29144,
    0.240769,
    0.243367,
    0.233385,
    0.201753,
    0.188707,
    0.240767,
    0.225833,
    0.229879,
    0.206689,
    0.235679,
    0.193728,
    0.221593,
    0.249384,
    0.235753,
    0.224692,
    0.226689,
    0.251042,
    0.225477,
    0.213704,
    0.214682,
    0.191093,
    0.202571,
    0.269256,
    0.236331,
    0.199957,
    0.234892,
    0.271247,
    0.191318,
    0.228095,
    0.256601,
    0.200556,
    0.227684,
    0.24063,
    0.229236
  ],
  "config": {
    "architecture": "resunetpp",
    "in_channels": 17,
    "features": [
      48,
      96,
      192,
      384
    ],
    "dropout_p": 0.1,
    "batch_size": 8,
    "learning_rate": 0.00039,
    "weight_decay": 1.6e-05,
    "optimizer": "adam",
    "loss": "mse",
    "grad_clip": 0.0,
    "epochs": 150,
    "channel_indices": [
      0,
      1,
      2,
      3,
      4,
      5,
      6,
      7,
      8,
      9,
      10,
      11,
      12,
      13,
      30,
      31,
      32
    ]
  }
}