{
  "experiment": "resunetpp_v6_300ep",
  "best_val_loss": 0.168874,
  "epochs_run": 300,
  "train_loss": [
    0.70517,
    0.474898,
    0.457593,
    0.450961,
    0.41199,
    0.378776,
    0.349333,
    0.344993,
    0.355019,
    0.344759,
    0.313468,
    0.291306,
    0.306863,
    0.285936,
    0.276072,
    0.282659,
    0.272768,
    0.272839,
    0.271769,
    0.268147,
    0.262134,
    0.258328,
    0.252553,
    0.267109,
    0.257878,
    0.237801,
    0.244791,
    0.238275,
    0.225968,
    0.22448,
    0.219247,
    0.220805,
    0.216677,
    0.219579,
    0.20461,
    0.217177,
    0.229776,
    0.219354,
    0.208834,
    0.206837,
    0.202036,
    0.211656,
    0.202641,
    0.2041,
    0.201312,
    0.203222,
    0.199953,
    0.202518,
    0.20556,
    0.198166,
    0.193857,
    0.197231,
    0.1769,
    0.182092,
    0.182985,
    0.200611,
    0.190389,
    0.18297,
    0.177125,
    0.178154,
    0.179707,
    0.168229,
    0.176901,
    0.176419,
    0.174007,
    0.16372,
    0.164656,
    0.165329,
    0.164654,
    0.160942,
    0.160659,
    0.160284,
    0.156652,
    0.157192,
    0.158998,
    0.159839,
    0.163628,
    0.165578,
    0.169396,
    0.166251,
    0.156824,
    0.151615,
    0.153544,
    0.148949,
    0.150277,
    0.150729,
    0.145882,
    0.151496,
    0.146747,
    0.149197,
    0.160012,
    0.165644,
    0.159785,
    0.148694,
    0.14604,
    0.141455,
    0.134859,
    0.138541,
    0.145446,
    0.138113,
    0.137247,
    0.138566,
    0.137782,
    0.130332,
    0.133171,
    0.13387,
    0.126876,
    0.122837,
    0.127987,
    0.123902,
    0.125612,
    0.127937,
    0.119859,
    0.123655,
    0.122588,
    0.127257,
    0.122699,
    0.123197,
    0.118872,
    0.119429,
    0.118588,
    0.120321,
    0.114226,
    0.113287,
    0.114058,
    0.119145,
    0.121545,
    0.121419,
    0.113697,
    0.111975,
    0.106308,
    0.108703,
    0.106375,
    0.11188,
    0.113777,
    0.118854,
    0.119167,
    0.114574,
    0.112554,
    0.105823,
    0.104218,
    0.099833,
    0.099143,
    0.100507,
    0.097117,
    0.102214,
    0.097929,
    0.096441,
    0.097167,
    0.099302,
    0.094392,
    0.095162,
    0.094245,
    0.091844,
    0.096969,
    0.093355,
    0.089796,
    0.091243,
    0.098359,
    0.108198,
    0.098259,
    0.09571,
    0.092085,
    0.090473,
    0.088686,
    0.090703,
    0.090939,
    0.087834,
    0.088421,
    0.086681,
    0.084518,
    0.087605,
    0.087927,
    0.091164,
    0.088959,
    0.087942,
    0.085187,
    0.084304,
    0.08637,
    0.088831,
    0.086918,
    0.085122,
    0.083364,
    0.08204,
    0.079093,
    0.077754,
    0.079482,
    0.080352,
    0.078647,
    0.082386,
    0.082575,
    0.084704,
    0.08645,
    0.083416,
    0.081531,
    0.085627,
    0.086138,
    0.081637,
    0.079286,
    0.081201,
    0.080181,
    0.076156,
    0.076242,
    0.07648,
    0.073454,
    0.074664,
    0.072674,
    0.072241,
    0.075191,
    0.077176,
    0.074849,
    0.076292,
    0.069851,
    0.075115,
    0.075757,
    0.073743,
    0.074276,
    0.071888,
    0.07304,
    0.0686,
    0.073981,
    0.071201,
    0.072974,
    0.068362,
    0.068292,
    0.068385,
    0.068647,
    0.068386,
    0.066323,
    0.068882,
    0.06446,
    0.067591,
    0.065103,
    0.070046,
    0.067063,
    0.068346,
    0.068762,
    0.068105,
    0.066406,
    0.070926,
    0.071591,
    0.073233,
    0.069731,
    0.07591,
    0.06945,
    0.067306,
    0.067519,
    0.065707,
    0.066945,
    0.064412,
    0.067664,
    0.065608,
    0.067266,
    0.067024,
    0.063828,
    0.065775,
    0.061143,
    0.062564,
    0.062961,
    0.060838,
    0.061569,
    0.063596,
    0.063924,
    0.066647,
    0.061509,
    0.067094,
    0.065062,
    0.066788,
    0.066309,
    0.065715,
    0.065602,
    0.066497,
    0.061814,
    0.061247,
    0.063819,
    0.062768,
    0.062479,
    0.061094,
    0.061491,
    0.063365,
    0.06276,
    0.063704,
    0.064033,
    0.059863,
    0.060414,
    0.061443,
    0.061517,
    0.060824,
    0.059078,
    0.060321,
    0.058574,
    0.059231,
    0.05926,
    0.064711,
    0.058447,
    0.058811,
    0.058911,
    0.057233,
    0.058291,
    0.057441
  ],