{
  "experiment": "unet_v6_5m",
  "best_val_loss": 0.162658,
  "epochs_run": 150,
  "train_loss": [
    0.801922,
    0.517305,
    0.367004,
    0.336724,
    0.301708,
    0.328124,
    0.286513,
    0.320026,
    0.272284,
    0.243903,
    0.25929,
    0.246101,
    0.261496,
    0.229931,
    0.268829,
    0.224817,
    0.221944,
    0.217218,
    0.24483,
    0.212297,
    0.200286,
    0.224203,
    0.235451,
    0.224387,
    0.214078,
    0.210737,
    0.207549,
    0.192265,
    0.242051,
    0.207743,
    0.193582,
    0.187378,
    0.19782,
    0.240256,
    0.190242,
    0.191723,
    0.167214,
    0.203225,
    0.173739,
    0.202702,
    0.180955,
    0.195996,
    0.186903,
    0.185339,
    0.203134,
    0.184358,
    0.177347,
    0.164417,
    0.183469,
    0.208392,
    0.166479,
    0.191016,
    0.148654,
    0.157901,
    0.164128,
    0.148336,
    0.152464,
    0.146783,
    0.183419,
    0.15743,
    0.153586,
    0.155171,
    0.162866,
    0.153719,
    0.147609,
    0.16599,
    0.149003,
    0.14746,
    0.159607,
    0.159579,
    0.14876,
    0.152106,
    0.172423,
    0.135302,
    0.149506,
    0.147506,
    0.129878,
    0.143535,
    0.13973,
    0.155059,
    0.161514,
    0.131276,
    0.16589,
    0.138377,
    0.138882,
    0.13049,
    0.138011,
    0.120459,
    0.116411,
    0.142517,
    0.129357,
    0.122726,
    0.126586,
    0.163361,
    0.128509,
    0.125123,
    0.130634,
    0.158734,
    0.127235,
    0.112542,
    0.126329,
    0.119547,
    0.126327,
    0.122774,
    0.115254,
    0.118868,
    0.127897,
    0.118347,
    0.152647,
    0.111132,
    0.134407,
    0.101322,
    0.10468,
    0.113425,
    0.106071,
    0.105806,
    0.102364,
    0.109523,
    0.106204,
    0.1226,
    0.100185,
    0.099585,
    0.096264,
    0.099358,
    0.10722,
    0.108346,
    0.103951,
    0.105995,
    0.105483,
    0.099819,
    0.112894,
    0.105409,
    0.096323,
    0.10225,
    0.098304,
    0.089816,
    0.093204,
    0.105572,
    0.112408,
    0.127332,
    0.097825,
    0.100489,
    0.103828,
    0.100182,
    0.096816,
    0.098485,
    0.09479,
    0.099261,
    0.115638,
    0.097631
  ],
  "val_loss": [
    0.438083,
    0.402498,
    0.333729,
    0.287484,
    0.27265,
    0.242446,
    0.205957,
    0.239891,
    0.218878,
    0.267934,
    0.19495,
    0.204234,
    0.224808,
    0.183818,
    0.197705,
    0.260838,
    0.325202,
    0.271281,
    0.321854,
    0.22109,
    0.283459,
    0.201226,
    0.224565,
    0.180821,
    0.262943,
    0.336482,
    0.277597,
    0.20594,
    0.236242,
    0.244553,
    0.281303,
    0.174234,
    0.243425,
    0.222847,
    0.218609,
    0.21069,
    0.213437,
    0.234237,
    0.183296,
    0.210437,
    0.254532,
    0.181147,
    0.2781,
    0.300971,
    0.228602,
    0.252604,
    0.30112,
    0.219976,
    0.197022,
    0.188686,
    0.192465,
    0.234839,
    0.196897,
    0.216023,
    0.267644,
    0.172604,
    0.179561,
    0.198241,
    0.21771,
    0.198264,
    0.189292,
    0.263159,
    0.262056,
    0.22464,
    0.243779,
    0.211402,
    0.172697,
    0.248568,
    0.192192,
    0.183728,
    0.260458,
    0.218159,
    0.174083,
    0.215926,
    0.218418,
    0.239901,
    0.254329,
    0.174097,
    0.21702,
    0.213819,
    0.167751,
    0.163491,
    0.226614,
    0.212644,
    0.216835,
    0.229868,
    0.225807,
    0.20898,
    0.194612,
    0.268412,
    0.243032,
    0.259787,
    0.194538,
    0.203039,
    0.20606,
    0.20943,
    0.171441,
    0.180004,
    0.183216,
    0.23779,
    0.229845,
    0.202056,
    0.263948,
    0.207005,
    0.21771,
    0.212223,
    0.223449,
    0.21389,
    0.184238,
    0.21517,
    0.201558,
    0.226564,
    0.221119,
    0.174851,
    0.213241,
    0.173197,
    0.228183,
    0.212864,
    0.175547,
    0.284121,
    0.234373,
    0.174965,
    0.20478,
    0.169974,
    0.214085,
    0.224709,
    0.167329,
    0.221379,
    0.232452,
    0.20778,
    0.22302,
    0.202819,
    0.206705,
    0.19777,
    0.199585,
    0.25218,
    0.22654,
    0.234244,
    0.191438,
    0.162658,
    0.187064,
    0.238052,
    0.19003,
    0.342134,
    0.243845,
    0.194028,
    0.253413,
    0.193306,
    0.217071,
    0.21654
  ],
  "config": {
    "architecture": "unet",
    "in_channels": 17,
    "features": [
      48,
      96,
      192,
      384
    ],
    "dropout_p": 0.1,
    "batch_size": 16,
    "learning_rate": 0.00039,
    "weight_decay": 6.6e-05,
    "optimizer": "adam",
    "loss": "mse",
    "grad_clip": 1.0,
    "epochs": 150,
    "channel_indices": [
      0,
      1,
      2,
      3,
      4,
      5,
      6,
      7,
      8,
      9,
      10,
      11,
      12,
      13,
      30,
      31,
      32
    ]
  }
}