{
  "experiment": "unet_v6_final",
  "best_val_loss": 0.159876,
  "epochs_run": 200,
  "train_loss": [
    0.773129,
    0.541313,
    0.390243,
    0.347679,
    0.366557,
    0.311936,
    0.305785,
    0.302502,
    0.303771,
    0.299788,
    0.272412,
    0.273097,
    0.28641,
    0.275815,
    0.277174,
    0.265127,
    0.238012,
    0.267249,
    0.296844,
    0.259654,
    0.28398,
    0.234467,
    0.213424,
    0.259686,
    0.235006,
    0.228825,
    0.232314,
    0.231696,
    0.22262,
    0.241653,
    0.222969,
    0.215747,
    0.21036,
    0.221771,
    0.218175,
    0.231379,
    0.218931,
    0.219144,
    0.216875,
    0.20104,
    0.192892,
    0.202594,
    0.189181,
    0.233631,
    0.192969,
    0.174116,
    0.192952,
    0.202931,
    0.243454,
    0.181563,
    0.19273,
    0.17279,
    0.217252,
    0.193143,
    0.16962,
    0.215606,
    0.175142,
    0.174102,
    0.174546,
    0.167157,
    0.166475,
    0.179156,
    0.178132,
    0.168495,
    0.177773,
    0.159399,
    0.161371,
    0.16102,
    0.167031,
    0.19206,
    0.17405,
    0.21177,
    0.160974,
    0.161704,
    0.205002,
    0.152779,
    0.15448,
    0.150102,
    0.148117,
    0.17481,
    0.158596,
    0.165272,
    0.135989,
    0.137849,
    0.157258,
    0.163274,
    0.158413,
    0.144436,
    0.156789,
    0.145287,
    0.163201,
    0.165078,
    0.146958,
    0.137234,
    0.143072,
    0.142434,
    0.129691,
    0.138708,
    0.155954,
    0.129566,
    0.133315,
    0.133902,
    0.129083,
    0.131588,
    0.133249,
    0.142116,
    0.122148,
    0.126201,
    0.128919,
    0.13294,
    0.13104,
    0.128815,
    0.124214,
    0.149781,
    0.118186,
    0.131289,
    0.142213,
    0.121198,
    0.120445,
    0.12732,
    0.154897,
    0.117058,
    0.124001,
    0.11446,
    0.124764,
    0.120253,
    0.128426,
    0.130222,
    0.132368,
    0.118955,
    0.124078,
    0.116159,
    0.116113,
    0.116197,
    0.113868,
    0.132691,
    0.111675,
    0.106525,
    0.123576,
    0.108726,
    0.109094,
    0.105801,
    0.113244,
    0.105983,
    0.106287,
    0.117754,
    0.109287,
    0.116286,
    0.106584,
    0.107338,
    0.12026,
    0.109484,
    0.114517,
    0.107262,
    0.095999,
    0.107934,
    0.09957,
    0.103361,
    0.104634,
    0.100752,
    0.099521,
    0.096961,
    0.098945,
    0.103182,
    0.116142,
    0.099157,
    0.105369,
    0.106685,
    0.099205,
    0.113367,
    0.108206,
    0.101513,
    0.102979,
    0.095433,
    0.109921,
    0.121216,
    0.103239,
    0.098328,
    0.103233,
    0.104265,
    0.102558,
    0.09177,
    0.102785,
    0.092445,
    0.096491,
    0.099629,
    0.085233,
    0.093569,
    0.091427,
    0.107111,
    0.106339,
    0.125426,
    0.094815,
    0.089116,
    0.10441,
    0.099106,
    0.096959,
    0.093237,
    0.105397,
    0.086621
  ],
  "val_loss": [
    0.407918,
    0.365725,
    0.310629,
    0.240021,
    0.195658,
    0.205572,
    0.226884,
    0.219839,
    0.221245,
    0.236157,
    0.29853,
    0.272696,
    0.256862,
    0.29748,
    0.305204,
    0.258905,
    0.222207,
    0.215375,
    0.212249,
    0.264998,
    0.241041,
    0.301312,
    0.255711,
    0.278796,
    0.249454,
    0.250651,
    0.270219,
    0.295648,
    0.240815,
    0.200398,
    0.275924,
    0.213125,
    0.194759,
    0.232212,
    0.230177,
    0.205613,
    0.188788,
    0.202915,
    0.170241,
    0.221592,
    0.212294,
    0.213252,
    0.286886,
    0.227774,
    0.195284,
    0.22779,
    0.209538,
    0.287256,
    0.205098,
    0.201035,
    0.31309,
    0.248959,
    0.183965,
    0.221434,
    0.183952,
    0.248817,
    0.234262,
    0.223438,
    0.232795,
    0.20943,
    0.256146,
    0.28847,
    0.23132,
    0.203584,
    0.211691,
    0.210876,
    0.243473,
    0.225972,
    0.159876,
    0.179823,
    0.240101,
    0.232387,
    0.208223,
    0.238472,
    0.216666,
    0.232248,
    0.219594,
    0.198228,
    0.277052,
    0.291873,
    0.264185,
    0.184898,
    0.198357,
    0.179364,
    0.228379,
    0.195201,
    0.181755,
    0.234481,
    0.185933,
    0.215265,
    0.280711,
    0.231258,
    0.226796,
    0.22494,
    0.242926,
    0.16802,
    0.240503,
    0.184786,
    0.162948,
    0.256226,
    0.218716,
    0.175076,
    0.201602,
    0.194331,
    0.172491,
    0.213134,
    0.225432,
    0.201489,
    0.197252,
    0.206058,
    0.194354,
    0.204069,
    0.184881,
    0.179213,
    0.21961,
    0.212398,
    0.176084,
    0.230209,
    0.208147,
    0.209657,
    0.216588,
    0.229287,
    0.231737,
    0.20077,
    0.21625,
    0.209152,
    0.17072,
    0.234653,
    0.216138,
    0.171321,
    0.24096,
    0.21203,
    0.185984,
    0.227533,
    0.197979,
    0.178379,
    0.211236,
    0.202267,
    0.16635,
    0.190864,
    0.189947,
    0.197262,
    0.206116,
    0.178679,
    0.179158,
    0.291686,
    0.173619,
    0.268623,
    0.239367,
    0.210835,
    0.218589,
    0.207317,
    0.175929,
    0.15992,
    0.166181,
    0.204105,
    0.21182,
    0.190895,
    0.17808,
    0.221592,
    0.167617,
    0.197247,
    0.201237,
    0.164133,
    0.182604,
    0.216134,
    0.193317,
    0.234703,
    0.196686,
    0.205987,
    0.246023,
    0.186031,
    0.175966,
    0.22987,
    0.268825,
    0.192297,
    0.197231,
    0.174351,
    0.223687,
    0.189988,
    0.166692,
    0.19632,
    0.169405,
    0.178237,
    0.235516,
    0.245492,
    0.201372,
    0.18526,
    0.17864,
    0.236346,
    0.211762,
    0.179162,
    0.216257,
    0.248736,
    0.193991,
    0.194357,
    0.230057,
    0.221658,
    0.170414,
    0.173852
  ],
  "config": {
    "architecture": "unet",
    "in_channels": 17,
    "features": [
      64,
      128,
      256,
      512
    ],
    "dropout_p": 0.155,
    "batch_size": 16,
    "learning_rate": 0.000422,
    "weight_decay": 0.000363,
    "optimizer": "adamw",
    "loss": "mse",
    "grad_clip": 1.0,
    "epochs": 200,
    "channel_indices": [
      0,
      1,
      2,
      3,
      4,
      5,
      6,
      7,
      8,
      9,
      10,
      11,
      12,
      13,
      30,
      31,
      32
    ]
  }
}