{
  "experiment": "unet_v6_final",
  "best_val_loss": 0.154391,
  "epochs_run": 200,
  "train_loss": [
    0.696679,
    0.517814,
    0.399431,
    0.380276,
    0.335859,
    0.307158,
    0.308587,
    0.300924,
    0.281488,
    0.300956,
    0.278277,
    0.260288,
    0.280573,
    0.289061,
    0.282751,
    0.259712,
    0.258227,
    0.258389,
    0.284698,
    0.267615,
    0.252351,
    0.260143,
    0.246995,
    0.243348,
    0.226356,
    0.23376,
    0.239607,
    0.227593,
    0.234185,
    0.216207,
    0.24116,
    0.214337,
    0.199865,
    0.229288,
    0.195343,
    0.226552,
    0.234234,
    0.204344,
    0.200276,
    0.229548,
    0.209261,
    0.207775,
    0.19259,
    0.215278,
    0.210668,
    0.202544,
    0.186744,
    0.193875,
    0.1891,
    0.212984,
    0.222576,
    0.210928,
    0.20084,
    0.196655,
    0.195805,
    0.219828,
    0.195289,
    0.17286,
    0.173188,
    0.167374,
    0.171794,
    0.171053,
    0.161385,
    0.17422,
    0.187712,
    0.170933,
    0.167756,
    0.195804,
    0.172592,
    0.162613,
    0.184904,
    0.193597,
    0.17576,
    0.167151,
    0.158816,
    0.14906,
    0.16479,
    0.159126,
    0.148987,
    0.176474,
    0.151385,
    0.180799,
    0.169138,
    0.161883,
    0.160996,
    0.158486,
    0.155129,
    0.151963,
    0.154628,
    0.153371,
    0.176276,
    0.147271,
    0.140093,
    0.159672,
    0.143682,
    0.150958,
    0.140099,
    0.140358,
    0.155951,
    0.132782,
    0.14178,
    0.135405,
    0.146661,
    0.134782,
    0.13899,
    0.141203,
    0.140071,
    0.131695,
    0.154439,
    0.132651,
    0.141464,
    0.1394,
    0.134868,
    0.12919,
    0.147224,
    0.136114,
    0.180631,
    0.127844,
    0.136936,
    0.142849,
    0.128852,
    0.133003,
    0.125626,
    0.14063,
    0.137245,
    0.11859,
    0.131064,
    0.128219,
    0.130774,
    0.122511,
    0.112409,
    0.125378,
    0.119805,
    0.125637,
    0.145081,
    0.120666,
    0.123122,
    0.124362,
    0.117215,
    0.122572,
    0.17316,
    0.115611,
    0.126473,
    0.132007,
    0.111739,
    0.113896,
    0.117436,
    0.110319,
    0.126382,
    0.107744,
    0.125055,
    0.113683,
    0.142885,
    0.114856,
    0.121033,
    0.113673,
    0.105549,
    0.105177,
    0.126083,
    0.11747,
    0.109571,
    0.10558,
    0.114995,
    0.105292,
    0.118133,
    0.105658,
    0.100693,
    0.097912,
    0.10622,
    0.107126,
    0.114565,
    0.104439,
    0.118437,
    0.108207,
    0.104364,
    0.110149,
    0.103483,
    0.103413,
    0.101105,
    0.101442,
    0.108465,
    0.148186,
    0.111743,
    0.111593,
    0.101116,
    0.110538,
    0.095549,
    0.11538,
    0.1117,
    0.107013,
    0.10464,
    0.10645,
    0.109081,
    0.098392,
    0.099592,
    0.106467,
    0.122759,
    0.102065,
    0.098795,
    0.106602
  ],
  "val_loss": [
    0.438406,
    0.394465,
    0.268986,
    0.217553,
    0.194847,
    0.338294,
    0.326042,
    0.562995,
    0.555246,
    0.318156,
    0.33747,
    0.421865,
    0.499714,
    0.444408,
    0.386426,
    0.27023,
    0.262411,
    0.219525,
    0.214979,
    0.233691,
    0.261354,
    0.252171,
    0.317861,
    0.284469,
    0.314859,
    0.198502,
    0.244814,
    0.248564,
    0.298919,
    0.241659,
    0.248986,
    0.279767,
    0.194195,
    0.190027,
    0.204204,
    0.264984,
    0.222704,
    0.252779,
    0.307425,
    0.199599,
    0.191875,
    0.293432,
    0.265644,
    0.238956,
    0.210326,
    0.235012,
    0.180186,
    0.238847,
    0.258151,
    0.2151,
    0.191075,
    0.284943,
    0.211011,
    0.199921,
    0.236111,
    0.220625,
    0.234454,
    0.246025,
    0.216873,
    0.212406,
    0.223906,
    0.227364,
    0.238676,
    0.22426,
    0.167669,
    0.23233,
    0.196145,
    0.184948,
    0.264489,
    0.240846,
    0.215518,
    0.179248,
    0.227445,
    0.228644,
    0.246025,
    0.228702,
    0.228078,
    0.217473,
    0.23029,
    0.201481,
    0.24525,
    0.265947,
    0.210549,
    0.223648,
    0.244613,
    0.19024,
    0.162258,
    0.246163,
    0.323118,
    0.267911,
    0.250348,
    0.214876,
    0.216593,
    0.228979,
    0.203979,
    0.154391,
    0.187877,
    0.204364,
    0.203111,
    0.288826,
    0.220101,
    0.203049,
    0.239375,
    0.209393,
    0.183168,
    0.230941,
    0.212157,
    0.243576,
    0.280844,
    0.234562,
    0.213988,
    0.224877,
    0.217552,
    0.166561,
    0.195805,
    0.19374,
    0.202068,
    0.202006,
    0.240308,
    0.207586,
    0.212019,
    0.283334,
    0.217118,
    0.200285,
    0.239109,
    0.231517,
    0.181371,
    0.171451,
    0.214312,
    0.24636,
    0.245011,
    0.211303,
    0.197783,
    0.212095,
    0.183096,
    0.218058,
    0.284445,
    0.251055,
    0.206758,
    0.207805,
    0.202214,
    0.183021,
    0.181544,
    0.211034,
    0.211466,
    0.202127,
    0.1857,
    0.209014,
    0.211776,
    0.221135,
    0.227991,
    0.190595,
    0.181851,
    0.270435,
    0.221172,
    0.212435,
    0.233958,
    0.209058,
    0.172331,
    0.190706,
    0.169174,
    0.182937,
    0.197421,
    0.202525,
    0.247118,
    0.257771,
    0.235823,
    0.259593,
    0.222883,
    0.228342,
    0.209706,
    0.219008,
    0.219961,
    0.197574,
    0.219566,
    0.259459,
    0.211098,
    0.205681,
    0.227376,
    0.191556,
    0.199211,
    0.181546,
    0.218407,
    0.240788,
    0.216873,
    0.191964,
    0.240657,
    0.25496,
    0.18177,
    0.190116,
    0.237024,
    0.214806,
    0.199154,
    0.189651,
    0.184858,
    0.221675,
    0.194493,
    0.200787,
    0.202026,
    0.209182
  ],
  "config": {
    "architecture": "unet",
    "in_channels": 17,
    "features": [
      64,
      128,
      256,
      512
    ],
    "dropout_p": 0.155,
    "batch_size": 16,
    "learning_rate": 0.000422,
    "weight_decay": 0.000363,
    "optimizer": "adamw",
    "loss": "mse",
    "grad_clip": 1.0,
    "epochs": 200,
    "channel_indices": [
      0,
      1,
      2,
      3,
      4,
      5,
      6,
      7,
      8,
      9,
      10,
      11,
      12,
      13,
      30,
      31,
      32
    ]
  }
}