{
  "experiment": "attention_unet_v6_final",
  "best_val_loss": 0.173405,
  "epochs_run": 200,
  "train_loss": [
    0.746995,
    0.491238,
    0.417325,
    0.396095,
    0.359165,
    0.34155,
    0.329717,
    0.336802,
    0.314232,
    0.309443,
    0.310289,
    0.282361,
    0.289522,
    0.280849,
    0.277477,
    0.275471,
    0.270939,
    0.275532,
    0.298407,
    0.271591,
    0.2465,
    0.243153,
    0.246801,
    0.256131,
    0.23486,
    0.231193,
    0.24414,
    0.255862,
    0.252139,
    0.239712,
    0.218913,
    0.227932,
    0.228097,
    0.223621,
    0.236066,
    0.24679,
    0.219688,
    0.208513,
    0.231721,
    0.192979,
    0.210545,
    0.222763,
    0.219491,
    0.205244,
    0.188043,
    0.215684,
    0.189679,
    0.205739,
    0.205898,
    0.189648,
    0.193233,
    0.197097,
    0.206834,
    0.20005,
    0.202613,
    0.199766,
    0.189264,
    0.189326,
    0.185905,
    0.198482,
    0.188816,
    0.174925,
    0.172142,
    0.178567,
    0.183464,
    0.198344,
    0.184857,
    0.179399,
    0.168694,
    0.188078,
    0.174927,
    0.170199,
    0.171401,
    0.165663,
    0.159802,
    0.156547,
    0.169416,
    0.160891,
    0.150815,
    0.172097,
    0.155073,
    0.151809,
    0.143828,
    0.151083,
    0.152645,
    0.155991,
    0.146862,
    0.174598,
    0.14739,
    0.153519,
    0.158194,
    0.167688,
    0.156459,
    0.171569,
    0.156092,
    0.159513,
    0.159055,
    0.143493,
    0.141776,
    0.152819,
    0.135809,
    0.140528,
    0.131148,
    0.1597,
    0.131907,
    0.135078,
    0.150692,
    0.131037,
    0.133455,
    0.132469,
    0.132874,
    0.128687,
    0.129959,
    0.123586,
    0.151919,
    0.130014,
    0.130383,
    0.135662,
    0.133529,
    0.145488,
    0.138368,
    0.132687,
    0.136384,
    0.154621,
    0.133389,
    0.123581,
    0.132355,
    0.142163,
    0.126897,
    0.125452,
    0.116226,
    0.113307,
    0.116023,
    0.122039,
    0.125281,
    0.11893,
    0.129814,
    0.121933,
    0.117764,
    0.109089,
    0.116595,
    0.114192,
    0.11846,
    0.120852,
    0.115749,
    0.115567,
    0.11211,
    0.11807,
    0.113995,
    0.11772,
    0.104303,
    0.110249,
    0.107052,
    0.098695,
    0.112141,
    0.106338,
    0.108139,
    0.103715,
    0.09735,
    0.101776,
    0.101749,
    0.10521,
    0.102038,
    0.114191,
    0.105549,
    0.100982,
    0.106699,
    0.107176,
    0.121446,
    0.110385,
    0.112541,
    0.106151,
    0.107691,
    0.117679,
    0.107884,
    0.104582,
    0.102995,
    0.095085,
    0.097058,
    0.106549,
    0.100753,
    0.09753,
    0.101159,
    0.095362,
    0.095427,
    0.101483,
    0.088291,
    0.099001,
    0.095223,
    0.107619,
    0.106873,
    0.09652,
    0.093518,
    0.091301,
    0.096398,
    0.099912,
    0.097309,
    0.091565,
    0.094981,
    0.092869
  ],
  "val_loss": [
    0.460119,
    0.352467,
    0.30853,
    0.209975,
    0.209354,
    0.20944,
    0.220346,
    0.227416,
    0.232974,
    0.430702,
    0.312803,
    0.273679,
    0.233678,
    0.218509,
    0.29153,
    0.294728,
    0.29974,
    0.241932,
    0.226343,
    0.277206,
    0.292344,
    0.26291,
    0.232596,
    0.215664,
    0.276613,
    0.279424,
    0.248684,
    0.254542,
    0.209095,
    0.259244,
    0.257458,
    0.237325,
    0.251424,
    0.226884,
    0.220071,
    0.242667,
    0.251939,
    0.248193,
    0.232322,
    0.188331,
    0.255988,
    0.276349,
    0.186932,
    0.314807,
    0.271036,
    0.236779,
    0.202301,
    0.240119,
    0.248803,
    0.217058,
    0.241411,
    0.24595,
    0.19854,
    0.235825,
    0.217158,
    0.222915,
    0.278933,
    0.1891,
    0.262225,
    0.308594,
    0.22419,
    0.223936,
    0.244149,
    0.198223,
    0.248134,
    0.195294,
    0.336048,
    0.200215,
    0.21261,
    0.226386,
    0.228107,
    0.196349,
    0.223798,
    0.226552,
    0.235187,
    0.189456,
    0.25449,
    0.200475,
    0.185418,
    0.190598,
    0.204479,
    0.249842,
    0.258444,
    0.219034,
    0.239879,
    0.215698,
    0.279152,
    0.198588,
    0.211254,
    0.198252,
    0.208867,
    0.266731,
    0.217297,
    0.225944,
    0.227346,
    0.270787,
    0.283669,
    0.2067,
    0.233646,
    0.214229,
    0.242467,
    0.213681,
    0.194919,
    0.234688,
    0.219787,
    0.222369,
    0.199793,
    0.304522,
    0.198385,
    0.196278,
    0.205443,
    0.193576,
    0.211158,
    0.221161,
    0.227607,
    0.290083,
    0.203595,
    0.222258,
    0.223592,
    0.185948,
    0.210987,
    0.227093,
    0.376044,
    0.21542,
    0.259501,
    0.218526,
    0.214549,
    0.295358,
    0.192114,
    0.23643,
    0.225874,
    0.198707,
    0.224823,
    0.207337,
    0.185031,
    0.225544,
    0.173405,
    0.245129,
    0.234087,
    0.219743,
    0.203472,
    0.249824,
    0.21079,
    0.232583,
    0.220162,
    0.213005,
    0.289384,
    0.205069,
    0.22506,
    0.21797,
    0.233993,
    0.196774,
    0.248966,
    0.21827,
    0.196262,
    0.205274,
    0.213534,
    0.211228,
    0.218892,
    0.22799,
    0.214704,
    0.204223,
    0.201016,
    0.201326,
    0.201217,
    0.226801,
    0.262523,
    0.226765,
    0.233321,
    0.196305,
    0.214872,
    0.263029,
    0.221977,
    0.212969,
    0.286731,
    0.188418,
    0.199754,
    0.226154,
    0.230294,
    0.227551,
    0.193207,
    0.201654,
    0.243508,
    0.234569,
    0.309291,
    0.187363,
    0.183784,
    0.253907,
    0.202737,
    0.242516,
    0.203744,
    0.209175,
    0.261311,
    0.246587,
    0.200656,
    0.226063,
    0.230621,
    0.218635,
    0.205386,
    0.217217
  ],
  "config": {
    "architecture": "attention_unet",
    "in_channels": 17,
    "features": [
      32,
      64,
      128,
      256
    ],
    "dropout_p": 0.13,
    "batch_size": 8,
    "learning_rate": 0.000483,
    "weight_decay": 4.42e-05,
    "optimizer": "adamw",
    "loss": "mse",
    "grad_clip": 0.0,
    "epochs": 200,
    "channel_indices": [
      0,
      1,
      2,
      3,
      4,
      5,
      6,
      7,
      8,
      9,
      10,
      11,
      12,
      13,
      30,
      31,
      32
    ]
  }
}