{
  "experiment": "attention_unet_v6_final",
  "best_val_loss": 0.172571,
  "epochs_run": 200,
  "train_loss": [
    1.028887,
    0.665304,
    0.519186,
    0.46447,
    0.420108,
    0.372117,
    0.369945,
    0.329106,
    0.324742,
    0.318938,
    0.302033,
    0.297551,
    0.283956,
    0.283893,
    0.276374,
    0.259951,
    0.290774,
    0.285895,
    0.285266,
    0.24596,
    0.266172,
    0.263813,
    0.247338,
    0.239837,
    0.247322,
    0.253648,
    0.246032,
    0.235948,
    0.238421,
    0.254521,
    0.231558,
    0.214136,
    0.226355,
    0.244297,
    0.234636,
    0.233684,
    0.217282,
    0.213808,
    0.205433,
    0.222779,
    0.222903,
    0.201831,
    0.232396,
    0.207761,
    0.203543,
    0.194775,
    0.205776,
    0.186237,
    0.205601,
    0.193729,
    0.188656,
    0.196896,
    0.186681,
    0.198349,
    0.209901,
    0.185696,
    0.183455,
    0.19957,
    0.19806,
    0.18391,
    0.178664,
    0.189022,
    0.16653,
    0.172377,
    0.180273,
    0.217931,
    0.176023,
    0.194731,
    0.184267,
    0.168873,
    0.180635,
    0.164662,
    0.170806,
    0.165598,
    0.188884,
    0.161862,
    0.155058,
    0.165904,
    0.151658,
    0.170058,
    0.163343,
    0.158477,
    0.154803,
    0.15971,
    0.158663,
    0.17093,
    0.166376,
    0.184639,
    0.172584,
    0.154779,
    0.153026,
    0.138635,
    0.143255,
    0.143163,
    0.144006,
    0.174065,
    0.171361,
    0.14855,
    0.167239,
    0.153105,
    0.142774,
    0.147646,
    0.148575,
    0.131685,
    0.131069,
    0.13974,
    0.136942,
    0.143479,
    0.135299,
    0.142048,
    0.142606,
    0.135962,
    0.144502,
    0.137904,
    0.132906,
    0.133127,
    0.136086,
    0.134884,
    0.119151,
    0.137069,
    0.133296,
    0.12908,
    0.118569,
    0.141076,
    0.137935,
    0.148097,
    0.130614,
    0.160189,
    0.13989,
    0.134692,
    0.132704,
    0.128334,
    0.148455,
    0.125902,
    0.12678,
    0.128068,
    0.128969,
    0.121951,
    0.122456,
    0.130213,
    0.119945,
    0.121522,
    0.124428,
    0.120853,
    0.112053,
    0.12678,
    0.114277,
    0.119318,
    0.115788,
    0.106889,
    0.113647,
    0.110933,
    0.125876,
    0.112346,
    0.116829,
    0.119493,
    0.110373,
    0.110387,
    0.109434,
    0.102725,
    0.117342,
    0.1071,
    0.106958,
    0.113443,
    0.108524,
    0.114144,
    0.123956,
    0.107126,
    0.099549,
    0.10427,
    0.114045,
    0.105837,
    0.101055,
    0.104997,
    0.104379,
    0.12461,
    0.095984,
    0.104208,
    0.114711,
    0.099442,
    0.10361,
    0.09809,
    0.112268,
    0.101056,
    0.098492,
    0.100698,
    0.104092,
    0.094991,
    0.100045,
    0.095144,
    0.097071,
    0.096466,
    0.102591,
    0.110886,
    0.100788,
    0.090103,
    0.102886,
    0.090752,
    0.102655,
    0.106892
  ],
  "val_loss": [
    0.506822,
    0.390518,
    0.269882,
    0.246725,
    0.238559,
    0.272394,
    0.307701,
    0.23354,
    0.390202,
    0.232363,
    0.241136,
    0.295947,
    0.319222,
    0.222382,
    0.212775,
    0.285621,
    0.202646,
    0.258258,
    0.275761,
    0.232455,
    0.261914,
    0.28944,
    0.243605,
    0.218312,
    0.239085,
    0.194231,
    0.291704,
    0.216406,
    0.265953,
    0.260121,
    0.245237,
    0.205124,
    0.246738,
    0.180497,
    0.216079,
    0.243744,
    0.201914,
    0.292161,
    0.301379,
    0.216013,
    0.200742,
    0.273912,
    0.188517,
    0.196992,
    0.247098,
    0.214478,
    0.353865,
    0.28176,
    0.283322,
    0.241718,
    0.183785,
    0.221374,
    0.243103,
    0.245481,
    0.181266,
    0.245556,
    0.21782,
    0.288355,
    0.233348,
    0.259747,
    0.210452,
    0.237162,
    0.218657,
    0.249772,
    0.212262,
    0.206419,
    0.273047,
    0.19914,
    0.228021,
    0.23983,
    0.226668,
    0.22285,
    0.207151,
    0.23678,
    0.227997,
    0.215402,
    0.203374,
    0.190383,
    0.18965,
    0.207234,
    0.244663,
    0.194464,
    0.172571,
    0.224972,
    0.245198,
    0.189089,
    0.205025,
    0.186334,
    0.269022,
    0.280105,
    0.177015,
    0.227104,
    0.189886,
    0.18818,
    0.188477,
    0.181468,
    0.254145,
    0.272787,
    0.268293,
    0.203232,
    0.220178,
    0.188844,
    0.219913,
    0.201087,
    0.223183,
    0.208162,
    0.186173,
    0.226887,
    0.188583,
    0.18356,
    0.262701,
    0.192959,
    0.268259,
    0.221263,
    0.198144,
    0.228536,
    0.22842,
    0.212778,
    0.206972,
    0.227963,
    0.195839,
    0.197367,
    0.250964,
    0.2062,
    0.189311,
    0.235106,
    0.243767,
    0.24479,
    0.18753,
    0.198858,
    0.2228,
    0.288621,
    0.252901,
    0.227008,
    0.20568,
    0.232565,
    0.222016,
    0.224429,
    0.200573,
    0.218148,
    0.20485,
    0.232349,
    0.205906,
    0.233015,
    0.241563,
    0.205301,
    0.194577,
    0.228834,
    0.217198,
    0.211603,
    0.208762,
    0.277494,
    0.192497,
    0.214621,
    0.198392,
    0.252136,
    0.203747,
    0.227165,
    0.256928,
    0.224835,
    0.247422,
    0.225088,
    0.248405,
    0.187618,
    0.212695,
    0.174016,
    0.262244,
    0.22815,
    0.225182,
    0.200253,
    0.213052,
    0.292569,
    0.232852,
    0.2188,
    0.184181,
    0.22557,
    0.230864,
    0.267081,
    0.190771,
    0.235532,
    0.178627,
    0.202335,
    0.201578,
    0.190269,
    0.255802,
    0.20165,
    0.220523,
    0.230411,
    0.204938,
    0.256432,
    0.19796,
    0.215349,
    0.19447,
    0.333643,
    0.217767,
    0.174975,
    0.215097,
    0.188393,
    0.22664,
    0.279329
  ],
  "config": {
    "architecture": "attention_unet",
    "in_channels": 17,
    "features": [
      32,
      64,
      128,
      256
    ],
    "dropout_p": 0.13,
    "batch_size": 8,
    "learning_rate": 0.000483,
    "weight_decay": 4.42e-05,
    "optimizer": "adamw",
    "loss": "mse",
    "grad_clip": 0.0,
    "epochs": 200,
    "channel_indices": [
      0,
      1,
      2,
      3,
      4,
      5,
      6,
      7,
      8,
      9,
      10,
      11,
      12,
      13,
      30,
      31,
      32
    ]
  }
}