tile_id,date,year,source,valid_frac,exp_temporal_split,exp_spatial_split
20210202_lidar_tile_0_128.npy,20210202,2021,lidar,0.3137,train,test
20210202_lidar_tile_0_256.npy,20210202,2021,lidar,0.7137,train,test
20210202_lidar_tile_0_384.npy,20210202,2021,lidar,0.8488,train,test
20210202_lidar_tile_0_512.npy,20210202,2021,lidar,0.7883,train,test
20210202_lidar_tile_0_640.npy,20210202,2021,lidar,0.7121,train,buffer
20210202_lidar_tile_0_768.npy,20210202,2021,lidar,0.6381,train,val
20210202_lidar_tile_0_896.npy,20210202,2021,lidar,0.5988,train,val
20210202_lidar_tile_128_128.npy,20210202,2021,lidar,0.6642,train,test
20210202_lidar_tile_128_256.npy,20210202,2021,lidar,0.9317,train,test
20210202_lidar_tile_128_384.npy,20210202,2021,lidar,0.9981,train,test
20210202_lidar_tile_128_512.npy,20210202,2021,lidar,0.999,train,test
20210202_lidar_tile_128_640.npy,20210202,2021,lidar,0.9994,train,buffer
20210202_lidar_tile_128_768.npy,20210202,2021,lidar,0.999,train,val
20210202_lidar_tile_128_896.npy,20210202,2021,lidar,0.9948,train,val
20210202_lidar_tile_128_1024.npy,20210202,2021,lidar,0.9117,train,val
20210202_lidar_tile_256_0.npy,20210202,2021,lidar,0.437,train,test
20210202_lidar_tile_256_128.npy,20210202,2021,lidar,0.9317,train,test
20210202_lidar_tile_256_256.npy,20210202,2021,lidar,0.9963,train,test
20210202_lidar_tile_256_384.npy,20210202,2021,lidar,0.9992,train,test
20210202_lidar_tile_256_512.npy,20210202,2021,lidar,0.9988,train,test
20210202_lidar_tile_256_640.npy,20210202,2021,lidar,0.999,train,buffer
20210202_lidar_tile_256_768.npy,20210202,2021,lidar,0.9998,train,val
20210202_lidar_tile_256_896.npy,20210202,2021,lidar,0.9972,train,val
20210202_lidar_tile_256_1024.npy,20210202,2021,lidar,0.9296,train,val
20210202_lidar_tile_256_1152.npy,20210202,2021,lidar,0.6814,train,buffer
20210202_lidar_tile_256_1280.npy,20210202,2021,lidar,0.5809,train,train
20210202_lidar_tile_256_1408.npy,20210202,2021,lidar,0.6736,train,train
20210202_lidar_tile_384_0.npy,20210202,2021,lidar,0.4998,train,test
20210202_lidar_tile_384_128.npy,20210202,2021,lidar,0.9855,train,test
20210202_lidar_tile_384_256.npy,20210202,2021,lidar,0.9988,train,test
20210202_lidar_tile_384_384.npy,20210202,2021,lidar,0.9994,train,test
20210202_lidar_tile_384_512.npy,20210202,2021,lidar,0.9984,train,test
20210202_lidar_tile_384_640.npy,20210202,2021,lidar,0.9988,train,buffer
20210202_lidar_tile_384_768.npy,20210202,2021,lidar,0.9998,train,val
20210202_lidar_tile_384_896.npy,20210202,2021,lidar,0.998,train,val
20210202_lidar_tile_384_1024.npy,20210202,2021,lidar,0.9592,train,val
20210202_lidar_tile_384_1152.npy,20210202,2021,lidar,0.9165,train,buffer
20210202_lidar_tile_384_1280.npy,20210202,2021,lidar,0.9286,train,train
20210202_lidar_tile_384_1408.npy,20210202,2021,lidar,0.9611,train,train
20210202_lidar_tile_384_1536.npy,20210202,2021,lidar,0.9405,train,train
20210202_lidar_tile_384_1664.npy,20210202,2021,lidar,0.7025,train,train
20210202_lidar_tile_512_0.npy,20210202,2021,lidar,0.5954,train,test
20210202_lidar_tile_512_128.npy,20210202,2021,lidar,0.9899,train,test
20210202_lidar_tile_512_256.npy,20210202,2021,lidar,0.9984,train,test
20210202_lidar_tile_512_384.npy,20210202,2021,lidar,0.9992,train,test
20210202_lidar_tile_512_512.npy,20210202,2021,lidar,0.9988,train,test
20210202_lidar_tile_512_640.npy,20210202,2021,lidar,0.9995,train,buffer
20210202_lidar_tile_512_768.npy,20210202,2021,lidar,0.9999,train,val
20210202_lidar_tile_512_896.npy,20210202,2021,lidar,0.9781,train,val
20210202_lidar_tile_512_1024.npy,20210202,2021,lidar,0.9534,train,val
20210202_lidar_tile_512_1152.npy,20210202,2021,lidar,0.9572,train,buffer
20210202_lidar_tile_512_1280.npy,20210202,2021,lidar,0.9734,train,train
20210202_lidar_tile_512_1408.npy,20210202,2021,lidar,0.9841,train,train
20210202_lidar_tile_512_1536.npy,20210202,2021,lidar,0.9884,train,train
20210202_lidar_tile_512_1664.npy,20210202,2021,lidar,0.8779,train,train
20210202_lidar_tile_640_0.npy,20210202,2021,lidar,0.6819,train,test
20210202_lidar_tile_640_128.npy,20210202,2021,lidar,0.9939,train,test
20210202_lidar_tile_640_256.npy,20210202,2021,lidar,0.9968,train,test
20210202_lidar_tile_640_384.npy,20210202,2021,lidar,0.9992,train,test
20210202_lidar_tile_640_512.npy,20210202,2021,lidar,0.9984,train,test
20210202_lidar_tile_640_640.npy,20210202,2021,lidar,0.9991,train,buffer
20210202_lidar_tile_640_768.npy,20210202,2021,lidar,1.0,train,val
20210202_lidar_tile_640_896.npy,20210202,2021,lidar,0.9709,train,val
20210202_lidar_tile_640_1024.npy,20210202,2021,lidar,0.9447,train,val
20210202_lidar_tile_640_1152.npy,20210202,2021,lidar,0.961,train,buffer
20210202_lidar_tile_640_1280.npy,20210202,2021,lidar,0.9799,train,train
20210202_lidar_tile_640_1408.npy,20210202,2021,lidar,0.9877,train,train
20210202_lidar_tile_640_1536.npy,20210202,2021,lidar,0.992,train,train
20210202_lidar_tile_640_1664.npy,20210202,2021,lidar,0.9413,train,train
20210202_lidar_tile_768_0.npy,20210202,2021,lidar,0.7661,train,test
20210202_lidar_tile_768_128.npy,20210202,2021,lidar,0.9962,train,test
20210202_lidar_tile_768_256.npy,20210202,2021,lidar,0.9974,train,test
20210202_lidar_tile_768_384.npy,20210202,2021,lidar,0.9989,train,test
20210202_lidar_tile_768_512.npy,20210202,2021,lidar,0.9966,train,test
20210202_lidar_tile_768_640.npy,20210202,2021,lidar,0.9969,train,buffer
20210202_lidar_tile_768_768.npy,20210202,2021,lidar,0.9999,train,val
20210202_lidar_tile_768_896.npy,20210202,2021,lidar,0.9901,train,val
20210202_lidar_tile_768_1024.npy,20210202,2021,lidar,0.9736,train,val
20210202_lidar_tile_768_1152.npy,20210202,2021,lidar,0.9713,train,buffer
20210202_lidar_tile_768_1280.npy,20210202,2021,lidar,0.9844,train,train
20210202_lidar_tile_768_1408.npy,20210202,2021,lidar,0.9948,train,train
20210202_lidar_tile_768_1536.npy,20210202,2021,lidar,0.9961,train,train
20210202_lidar_tile_768_1664.npy,20210202,2021,lidar,0.8715,train,train
20210202_lidar_tile_896_128.npy,20210202,2021,lidar,0.9525,train,test
20210202_lidar_tile_896_256.npy,20210202,2021,lidar,0.9744,train,test
20210202_lidar_tile_896_384.npy,20210202,2021,lidar,0.9992,train,test
20210202_lidar_tile_896_512.npy,20210202,2021,lidar,0.9972,train,test
20210202_lidar_tile_896_640.npy,20210202,2021,lidar,0.9972,train,buffer
20210202_lidar_tile_896_768.npy,20210202,2021,lidar,0.9998,train,val
20210202_lidar_tile_896_896.npy,20210202,2021,lidar,0.9969,train,val
20210202_lidar_tile_896_1024.npy,20210202,2021,lidar,0.981,train,val
20210202_lidar_tile_896_1152.npy,20210202,2021,lidar,0.9805,train,buffer
20210202_lidar_tile_896_1280.npy,20210202,2021,lidar,0.994,train,train
20210202_lidar_tile_896_1408.npy,20210202,2021,lidar,0.9962,train,train
20210202_lidar_tile_896_1536.npy,20210202,2021,lidar,0.9951,train,train
20210202_lidar_tile_896_1664.npy,20210202,2021,lidar,0.7192,train,train
20210202_lidar_tile_1024_128.npy,20210202,2021,lidar,0.5333,train,test
20210202_lidar_tile_1024_256.npy,20210202,2021,lidar,0.7749,train,test
20210202_lidar_tile_1024_384.npy,20210202,2021,lidar,0.988,train,test
20210202_lidar_tile_1024_512.npy,20210202,2021,lidar,0.9967,train,test
20210202_lidar_tile_1024_640.npy,20210202,2021,lidar,0.9973,train,buffer
20210202_lidar_tile_1024_768.npy,20210202,2021,lidar,0.9991,train,val
20210202_lidar_tile_1024_896.npy,20210202,2021,lidar,0.9841,train,val
20210202_lidar_tile_1024_1024.npy,20210202,2021,lidar,0.9173,train,val
20210202_lidar_tile_1024_1152.npy,20210202,2021,lidar,0.8918,train,buffer
20210202_lidar_tile_1024_1280.npy,20210202,2021,lidar,0.8386,train,train
20210202_lidar_tile_1024_1408.npy,20210202,2021,lidar,0.8017,train,train
20210202_lidar_tile_1024_1536.npy,20210202,2021,lidar,0.8116,train,train
20210202_lidar_tile_1024_1664.npy,20210202,2021,lidar,0.4471,train,train
20210202_lidar_tile_1152_512.npy,20210202,2021,lidar,0.7713,train,test
20210202_lidar_tile_1152_640.npy,20210202,2021,lidar,0.7822,train,buffer
20210202_lidar_tile_1152_768.npy,20210202,2021,lidar,0.7524,train,val
20210202_lidar_tile_1152_896.npy,20210202,2021,lidar,0.7693,train,val
20210202_lidar_tile_1152_1024.npy,20210202,2021,lidar,0.7062,train,val
20210202_lidar_tile_1152_1152.npy,20210202,2021,lidar,0.6436,train,buffer
20210202_lidar_tile_1152_1280.npy,20210202,2021,lidar,0.4666,train,train
20210202_lidar_tile_1152_1408.npy,20210202,2021,lidar,0.3046,train,train
20210202_lidar_tile_1152_1536.npy,20210202,2021,lidar,0.3145,train,train
20210304_lidar_tile_0_128.npy,20210304,2021,lidar,0.3504,train,test
20210304_lidar_tile_0_256.npy,20210304,2021,lidar,0.7559,train,test
20210304_lidar_tile_0_384.npy,20210304,2021,lidar,0.8289,train,test
20210304_lidar_tile_0_512.npy,20210304,2021,lidar,0.7571,train,test
20210304_lidar_tile_0_640.npy,20210304,2021,lidar,0.6324,train,buffer
20210304_lidar_tile_0_768.npy,20210304,2021,lidar,0.4769,train,val
20210304_lidar_tile_128_128.npy,20210304,2021,lidar,0.6981,train,test
20210304_lidar_tile_128_256.npy,20210304,2021,lidar,0.9684,train,test
20210304_lidar_tile_128_384.npy,20210304,2021,lidar,0.9557,train,test
20210304_lidar_tile_128_512.npy,20210304,2021,lidar,0.945,train,test
20210304_lidar_tile_128_640.npy,20210304,2021,lidar,0.9493,train,buffer
20210304_lidar_tile_128_768.npy,20210304,2021,lidar,0.9209,train,val
20210304_lidar_tile_128_896.npy,20210304,2021,lidar,0.6884,train,val
20210304_lidar_tile_256_0.npy,20210304,2021,lidar,0.4575,train,test
20210304_lidar_tile_256_128.npy,20210304,2021,lidar,0.9242,train,test
20210304_lidar_tile_256_256.npy,20210304,2021,lidar,0.9845,train,test
20210304_lidar_tile_256_384.npy,20210304,2021,lidar,0.9796,train,test
20210304_lidar_tile_256_512.npy,20210304,2021,lidar,0.9778,train,test
20210304_lidar_tile_256_640.npy,20210304,2021,lidar,0.9751,train,buffer
20210304_lidar_tile_256_768.npy,20210304,2021,lidar,0.9728,train,val
20210304_lidar_tile_256_896.npy,20210304,2021,lidar,0.9278,train,val
20210304_lidar_tile_256_1024.npy,20210304,2021,lidar,0.8305,train,val
20210304_lidar_tile_256_1152.npy,20210304,2021,lidar,0.7868,train,buffer
20210304_lidar_tile_256_1280.npy,20210304,2021,lidar,0.7511,train,train
20210304_lidar_tile_256_1408.npy,20210304,2021,lidar,0.6241,train,train
20210304_lidar_tile_256_1536.npy,20210304,2021,lidar,0.3284,train,train
20210304_lidar_tile_384_0.npy,20210304,2021,lidar,0.583,train,test
20210304_lidar_tile_384_128.npy,20210304,2021,lidar,0.9915,train,test
20210304_lidar_tile_384_256.npy,20210304,2021,lidar,0.9875,train,test
20210304_lidar_tile_384_384.npy,20210304,2021,lidar,0.9853,train,test
20210304_lidar_tile_384_512.npy,20210304,2021,lidar,0.992,train,test
20210304_lidar_tile_384_640.npy,20210304,2021,lidar,0.9866,train,buffer
20210304_lidar_tile_384_768.npy,20210304,2021,lidar,0.9786,train,val
20210304_lidar_tile_384_896.npy,20210304,2021,lidar,0.9868,train,val
20210304_lidar_tile_384_1024.npy,20210304,2021,lidar,0.9935,train,val
20210304_lidar_tile_384_1152.npy,20210304,2021,lidar,0.9889,train,buffer
20210304_lidar_tile_384_1280.npy,20210304,2021,lidar,0.9874,train,train
20210304_lidar_tile_384_1408.npy,20210304,2021,lidar,0.9559,train,train
20210304_lidar_tile_384_1536.npy,20210304,2021,lidar,0.6113,train,train
20210304_lidar_tile_512_0.npy,20210304,2021,lidar,0.673,train,test
20210304_lidar_tile_512_128.npy,20210304,2021,lidar,0.9868,train,test
20210304_lidar_tile_512_256.npy,20210304,2021,lidar,0.9879,train,test
20210304_lidar_tile_512_384.npy,20210304,2021,lidar,0.9902,train,test
20210304_lidar_tile_512_512.npy,20210304,2021,lidar,0.9957,train,test
20210304_lidar_tile_512_640.npy,20210304,2021,lidar,0.9915,train,buffer
20210304_lidar_tile_512_768.npy,20210304,2021,lidar,0.9854,train,val
20210304_lidar_tile_512_896.npy,20210304,2021,lidar,0.9909,train,val
20210304_lidar_tile_512_1024.npy,20210304,2021,lidar,0.9956,train,val
20210304_lidar_tile_512_1152.npy,20210304,2021,lidar,0.9899,train,buffer
20210304_lidar_tile_512_1280.npy,20210304,2021,lidar,0.9813,train,train
20210304_lidar_tile_512_1408.npy,20210304,2021,lidar,0.9786,train,train
20210304_lidar_tile_512_1536.npy,20210304,2021,lidar,0.748,train,train
20210304_lidar_tile_640_0.npy,20210304,2021,lidar,0.7576,train,test
20210304_lidar_tile_640_128.npy,20210304,2021,lidar,0.978,train,test
20210304_lidar_tile_640_256.npy,20210304,2021,lidar,0.9797,train,test
20210304_lidar_tile_640_384.npy,20210304,2021,lidar,0.9808,train,test
20210304_lidar_tile_640_512.npy,20210304,2021,lidar,0.9856,train,test
20210304_lidar_tile_640_640.npy,20210304,2021,lidar,0.984,train,buffer
20210304_lidar_tile_640_768.npy,20210304,2021,lidar,0.9807,train,val
20210304_lidar_tile_640_896.npy,20210304,2021,lidar,0.9909,train,val
20210304_lidar_tile_640_1024.npy,20210304,2021,lidar,0.9961,train,val
20210304_lidar_tile_640_1152.npy,20210304,2021,lidar,0.9924,train,buffer
20210304_lidar_tile_640_1280.npy,20210304,2021,lidar,0.9762,train,train
20210304_lidar_tile_640_1408.npy,20210304,2021,lidar,0.9543,train,train
20210304_lidar_tile_640_1536.npy,20210304,2021,lidar,0.8711,train,train
20210304_lidar_tile_768_0.npy,20210304,2021,lidar,0.8291,train,test
20210304_lidar_tile_768_128.npy,20210304,2021,lidar,0.9765,train,test
20210304_lidar_tile_768_256.npy,20210304,2021,lidar,0.9715,train,test
20210304_lidar_tile_768_384.npy,20210304,2021,lidar,0.9749,train,test
20210304_lidar_tile_768_512.npy,20210304,2021,lidar,0.9788,train,test
20210304_lidar_tile_768_640.npy,20210304,2021,lidar,0.9723,train,buffer
20210304_lidar_tile_768_768.npy,20210304,2021,lidar,0.9597,train,val
20210304_lidar_tile_768_896.npy,20210304,2021,lidar,0.9787,train,val
20210304_lidar_tile_768_1024.npy,20210304,2021,lidar,0.9929,train,val
20210304_lidar_tile_768_1152.npy,20210304,2021,lidar,0.9861,train,buffer
20210304_lidar_tile_768_1280.npy,20210304,2021,lidar,0.9738,train,train
20210304_lidar_tile_768_1408.npy,20210304,2021,lidar,0.9543,train,train
20210304_lidar_tile_768_1536.npy,20210304,2021,lidar,0.9138,train,train
20210304_lidar_tile_768_1664.npy,20210304,2021,lidar,0.7711,train,train
20210304_lidar_tile_768_1792.npy,20210304,2021,lidar,0.4039,train,train
20210304_lidar_tile_896_0.npy,20210304,2021,lidar,0.6489,train,test
20210304_lidar_tile_896_128.npy,20210304,2021,lidar,0.9424,train,test
20210304_lidar_tile_896_256.npy,20210304,2021,lidar,0.9768,train,test
20210304_lidar_tile_896_384.npy,20210304,2021,lidar,0.9838,train,test
20210304_lidar_tile_896_512.npy,20210304,2021,lidar,0.9862,train,test
20210304_lidar_tile_896_640.npy,20210304,2021,lidar,0.9722,train,buffer
20210304_lidar_tile_896_768.npy,20210304,2021,lidar,0.9572,train,val
20210304_lidar_tile_896_896.npy,20210304,2021,lidar,0.9726,train,val
20210304_lidar_tile_896_1024.npy,20210304,2021,lidar,0.9863,train,val
20210304_lidar_tile_896_1152.npy,20210304,2021,lidar,0.9855,train,buffer
20210304_lidar_tile_896_1280.npy,20210304,2021,lidar,0.9812,train,train
20210304_lidar_tile_896_1408.npy,20210304,2021,lidar,0.9765,train,train
20210304_lidar_tile_896_1536.npy,20210304,2021,lidar,0.9169,train,train
20210304_lidar_tile_896_1664.npy,20210304,2021,lidar,0.8539,train,train
20210304_lidar_tile_896_1792.npy,20210304,2021,lidar,0.6744,train,train
20210304_lidar_tile_1024_128.npy,20210304,2021,lidar,0.6233,train,test
20210304_lidar_tile_1024_256.npy,20210304,2021,lidar,0.8515,train,test
20210304_lidar_tile_1024_384.npy,20210304,2021,lidar,0.9454,train,test
20210304_lidar_tile_1024_512.npy,20210304,2021,lidar,0.9742,train,test
20210304_lidar_tile_1024_640.npy,20210304,2021,lidar,0.9318,train,buffer
20210304_lidar_tile_1024_768.npy,20210304,2021,lidar,0.9336,train,val
20210304_lidar_tile_1024_896.npy,20210304,2021,lidar,0.9873,train,val
20210304_lidar_tile_1024_1024.npy,20210304,2021,lidar,0.9889,train,val
20210304_lidar_tile_1024_1152.npy,20210304,2021,lidar,0.9921,train,buffer
20210304_lidar_tile_1024_1280.npy,20210304,2021,lidar,0.9874,train,train
20210304_lidar_tile_1024_1408.npy,20210304,2021,lidar,0.9639,train,train
20210304_lidar_tile_1024_1536.npy,20210304,2021,lidar,0.9138,train,train
20210304_lidar_tile_1024_1664.npy,20210304,2021,lidar,0.8305,train,train
20210304_lidar_tile_1024_1792.npy,20210304,2021,lidar,0.768,train,train
20210304_lidar_tile_1024_1920.npy,20210304,2021,lidar,0.4978,train,train
20210304_lidar_tile_1152_512.npy,20210304,2021,lidar,0.5281,train,test
20210304_lidar_tile_1152_640.npy,20210304,2021,lidar,0.4904,train,buffer
20210304_lidar_tile_1152_768.npy,20210304,2021,lidar,0.6985,train,val
20210304_lidar_tile_1152_896.npy,20210304,2021,lidar,0.983,train,val
20210304_lidar_tile_1152_1024.npy,20210304,2021,lidar,0.9956,train,val
20210304_lidar_tile_1152_1152.npy,20210304,2021,lidar,0.9957,train,buffer
20210304_lidar_tile_1152_1280.npy,20210304,2021,lidar,0.9913,train,train
20210304_lidar_tile_1152_1408.npy,20210304,2021,lidar,0.9568,train,train
20210304_lidar_tile_1152_1536.npy,20210304,2021,lidar,0.9092,train,train
20210304_lidar_tile_1152_1664.npy,20210304,2021,lidar,0.8635,train,train
20210304_lidar_tile_1152_1792.npy,20210304,2021,lidar,0.8226,train,train
20210304_lidar_tile_1152_1920.npy,20210304,2021,lidar,0.5585,train,train
20210304_lidar_tile_1280_768.npy,20210304,2021,lidar,0.4448,train,val
20210304_lidar_tile_1280_896.npy,20210304,2021,lidar,0.9221,train,val
20210304_lidar_tile_1280_1024.npy,20210304,2021,lidar,0.9853,train,val
20210304_lidar_tile_1280_1152.npy,20210304,2021,lidar,0.9897,train,buffer
20210304_lidar_tile_1280_1280.npy,20210304,2021,lidar,0.99,train,train
20210304_lidar_tile_1280_1408.npy,20210304,2021,lidar,0.9507,train,train
20210304_lidar_tile_1280_1536.npy,20210304,2021,lidar,0.8954,train,train
20210304_lidar_tile_1280_1664.npy,20210304,2021,lidar,0.8968,train,train
20210304_lidar_tile_1280_1792.npy,20210304,2021,lidar,0.874,train,train
20210304_lidar_tile_1280_1920.npy,20210304,2021,lidar,0.5449,train,train
20210304_lidar_tile_1408_768.npy,20210304,2021,lidar,0.4424,train,val
20210304_lidar_tile_1408_896.npy,20210304,2021,lidar,0.8873,train,val
20210304_lidar_tile_1408_1024.npy,20210304,2021,lidar,0.9317,train,val
20210304_lidar_tile_1408_1152.npy,20210304,2021,lidar,0.9594,train,buffer
20210304_lidar_tile_1408_1280.npy,20210304,2021,lidar,0.9831,train,train
20210304_lidar_tile_1408_1408.npy,20210304,2021,lidar,0.9524,train,train
20210304_lidar_tile_1408_1536.npy,20210304,2021,lidar,0.9095,train,train
20210304_lidar_tile_1408_1664.npy,20210304,2021,lidar,0.9181,train,train
20210304_lidar_tile_1408_1792.npy,20210304,2021,lidar,0.9081,train,train
20210304_lidar_tile_1408_1920.npy,20210304,2021,lidar,0.6254,train,train
20210304_lidar_tile_1536_896.npy,20210304,2021,lidar,0.7413,train,val
20210304_lidar_tile_1536_1024.npy,20210304,2021,lidar,0.9347,train,val
20210304_lidar_tile_1536_1152.npy,20210304,2021,lidar,0.9536,train,buffer
20210304_lidar_tile_1536_1280.npy,20210304,2021,lidar,0.9677,train,train
20210304_lidar_tile_1536_1408.npy,20210304,2021,lidar,0.9642,train,train
20210304_lidar_tile_1536_1536.npy,20210304,2021,lidar,0.9553,train,train
20210304_lidar_tile_1536_1664.npy,20210304,2021,lidar,0.9443,train,train
20210304_lidar_tile_1536_1792.npy,20210304,2021,lidar,0.9252,train,train
20210304_lidar_tile_1536_1920.npy,20210304,2021,lidar,0.7086,train,train
20210304_lidar_tile_1664_896.npy,20210304,2021,lidar,0.56,train,val
20210304_lidar_tile_1664_1024.npy,20210304,2021,lidar,0.9741,train,val
20210304_lidar_tile_1664_1152.npy,20210304,2021,lidar,0.9733,train,buffer
20210304_lidar_tile_1664_1280.npy,20210304,2021,lidar,0.9722,train,train
20210304_lidar_tile_1664_1408.npy,20210304,2021,lidar,0.9702,train,train
20210304_lidar_tile_1664_1536.npy,20210304,2021,lidar,0.9611,train,train
20210304_lidar_tile_1664_1664.npy,20210304,2021,lidar,0.9246,train,train
20210304_lidar_tile_1664_1792.npy,20210304,2021,lidar,0.8993,train,train
20210304_lidar_tile_1664_1920.npy,20210304,2021,lidar,0.7519,train,train
20210304_lidar_tile_1792_896.npy,20210304,2021,lidar,0.5352,train,val
20210304_lidar_tile_1792_1024.npy,20210304,2021,lidar,0.9727,train,val
20210304_lidar_tile_1792_1152.npy,20210304,2021,lidar,0.9803,train,buffer
20210304_lidar_tile_1792_1280.npy,20210304,2021,lidar,0.9865,train,train
20210304_lidar_tile_1792_1408.npy,20210304,2021,lidar,0.9833,train,train
20210304_lidar_tile_1792_1536.npy,20210304,2021,lidar,0.9552,train,train
20210304_lidar_tile_1792_1664.npy,20210304,2021,lidar,0.9175,train,train
20210304_lidar_tile_1792_1792.npy,20210304,2021,lidar,0.9094,train,train
20210304_lidar_tile_1792_1920.npy,20210304,2021,lidar,0.6823,train,train
20210304_lidar_tile_1920_896.npy,20210304,2021,lidar,0.5177,train,val
20210304_lidar_tile_1920_1024.npy,20210304,2021,lidar,0.9569,train,val
20210304_lidar_tile_1920_1152.npy,20210304,2021,lidar,0.9657,train,buffer
20210304_lidar_tile_1920_1280.npy,20210304,2021,lidar,0.961,train,train
20210304_lidar_tile_1920_1408.npy,20210304,2021,lidar,0.9597,train,train
20210304_lidar_tile_1920_1536.npy,20210304,2021,lidar,0.95,train,train
20210304_lidar_tile_1920_1664.npy,20210304,2021,lidar,0.9359,train,train
20210304_lidar_tile_1920_1792.npy,20210304,2021,lidar,0.9255,train,train
20210304_lidar_tile_1920_1920.npy,20210304,2021,lidar,0.5576,train,train
20210304_lidar_tile_2048_896.npy,20210304,2021,lidar,0.4533,train,val
20210304_lidar_tile_2048_1024.npy,20210304,2021,lidar,0.9032,train,val
20210304_lidar_tile_2048_1152.npy,20210304,2021,lidar,0.9504,train,buffer
20210304_lidar_tile_2048_1280.npy,20210304,2021,lidar,0.9248,train,train
20210304_lidar_tile_2048_1408.npy,20210304,2021,lidar,0.9312,train,train
20210304_lidar_tile_2048_1536.npy,20210304,2021,lidar,0.953,train,train
20210304_lidar_tile_2048_1664.npy,20210304,2021,lidar,0.9393,train,train
20210304_lidar_tile_2048_1792.npy,20210304,2021,lidar,0.8187,train,train
20210304_lidar_tile_2048_1920.npy,20210304,2021,lidar,0.3943,train,train
20210304_lidar_tile_2176_1024.npy,20210304,2021,lidar,0.7332,train,val
20210304_lidar_tile_2176_1152.npy,20210304,2021,lidar,0.947,train,buffer
20210304_lidar_tile_2176_1280.npy,20210304,2021,lidar,0.9284,train,train
20210304_lidar_tile_2176_1408.npy,20210304,2021,lidar,0.9388,train,train
20210304_lidar_tile_2176_1536.npy,20210304,2021,lidar,0.921,train,train
20210304_lidar_tile_2176_1664.npy,20210304,2021,lidar,0.8561,train,train
20210304_lidar_tile_2176_1792.npy,20210304,2021,lidar,0.559,train,train
20210323_lidar_tile_0_128.npy,20210323,2021,lidar,0.3288,train,test
20210323_lidar_tile_0_256.npy,20210323,2021,lidar,0.7066,train,test
20210323_lidar_tile_0_384.npy,20210323,2021,lidar,0.7935,train,test
20210323_lidar_tile_0_512.npy,20210323,2021,lidar,0.75,train,test
20210323_lidar_tile_0_640.npy,20210323,2021,lidar,0.629,train,buffer
20210323_lidar_tile_0_768.npy,20210323,2021,lidar,0.5003,train,val
20210323_lidar_tile_128_128.npy,20210323,2021,lidar,0.6464,train,test
20210323_lidar_tile_128_256.npy,20210323,2021,lidar,0.8902,train,test
20210323_lidar_tile_128_384.npy,20210323,2021,lidar,0.8905,train,test
20210323_lidar_tile_128_512.npy,20210323,2021,lidar,0.9172,train,test
20210323_lidar_tile_128_640.npy,20210323,2021,lidar,0.9455,train,buffer
20210323_lidar_tile_128_768.npy,20210323,2021,lidar,0.9559,train,val
20210323_lidar_tile_128_896.npy,20210323,2021,lidar,0.7133,train,val
20210323_lidar_tile_256_0.npy,20210323,2021,lidar,0.4198,train,test
20210323_lidar_tile_256_128.npy,20210323,2021,lidar,0.8065,train,test
20210323_lidar_tile_256_256.npy,20210323,2021,lidar,0.8531,train,test
20210323_lidar_tile_256_384.npy,20210323,2021,lidar,0.8989,train,test
20210323_lidar_tile_256_512.npy,20210323,2021,lidar,0.9317,train,test
20210323_lidar_tile_256_640.npy,20210323,2021,lidar,0.9571,train,buffer
20210323_lidar_tile_256_768.npy,20210323,2021,lidar,0.9875,train,val
20210323_lidar_tile_256_896.npy,20210323,2021,lidar,0.9281,train,val
20210323_lidar_tile_256_1024.npy,20210323,2021,lidar,0.8138,train,val
20210323_lidar_tile_256_1152.npy,20210323,2021,lidar,0.7593,train,buffer
20210323_lidar_tile_256_1280.npy,20210323,2021,lidar,0.6958,train,train
20210323_lidar_tile_256_1408.npy,20210323,2021,lidar,0.5549,train,train
20210323_lidar_tile_384_0.npy,20210323,2021,lidar,0.5428,train,test
20210323_lidar_tile_384_128.npy,20210323,2021,lidar,0.8464,train,test
20210323_lidar_tile_384_256.npy,20210323,2021,lidar,0.8662,train,test
20210323_lidar_tile_384_384.npy,20210323,2021,lidar,0.9452,train,test
20210323_lidar_tile_384_512.npy,20210323,2021,lidar,0.9567,train,test
20210323_lidar_tile_384_640.npy,20210323,2021,lidar,0.9673,train,buffer
20210323_lidar_tile_384_768.npy,20210323,2021,lidar,0.988,train,val
20210323_lidar_tile_384_896.npy,20210323,2021,lidar,0.9875,train,val
20210323_lidar_tile_384_1024.npy,20210323,2021,lidar,0.9592,train,val
20210323_lidar_tile_384_1152.npy,20210323,2021,lidar,0.9253,train,buffer
20210323_lidar_tile_384_1280.npy,20210323,2021,lidar,0.8981,train,train
20210323_lidar_tile_384_1408.npy,20210323,2021,lidar,0.8278,train,train
20210323_lidar_tile_384_1536.npy,20210323,2021,lidar,0.52,train,train
20210323_lidar_tile_512_0.npy,20210323,2021,lidar,0.6474,train,test
20210323_lidar_tile_512_128.npy,20210323,2021,lidar,0.8936,train,test
20210323_lidar_tile_512_256.npy,20210323,2021,lidar,0.91,train,test
20210323_lidar_tile_512_384.npy,20210323,2021,lidar,0.9571,train,test
20210323_lidar_tile_512_512.npy,20210323,2021,lidar,0.9713,train,test
20210323_lidar_tile_512_640.npy,20210323,2021,lidar,0.9853,train,buffer
20210323_lidar_tile_512_768.npy,20210323,2021,lidar,0.9956,train,val
20210323_lidar_tile_512_896.npy,20210323,2021,lidar,0.985,train,val
20210323_lidar_tile_512_1024.npy,20210323,2021,lidar,0.9516,train,val
20210323_lidar_tile_512_1152.npy,20210323,2021,lidar,0.9255,train,buffer
20210323_lidar_tile_512_1280.npy,20210323,2021,lidar,0.9297,train,train
20210323_lidar_tile_512_1408.npy,20210323,2021,lidar,0.907,train,train
20210323_lidar_tile_512_1536.npy,20210323,2021,lidar,0.6854,train,train
20210323_lidar_tile_640_0.npy,20210323,2021,lidar,0.7561,train,test
20210323_lidar_tile_640_128.npy,20210323,2021,lidar,0.9351,train,test
20210323_lidar_tile_640_256.npy,20210323,2021,lidar,0.9293,train,test
20210323_lidar_tile_640_384.npy,20210323,2021,lidar,0.9355,train,test
20210323_lidar_tile_640_512.npy,20210323,2021,lidar,0.9579,train,test
20210323_lidar_tile_640_640.npy,20210323,2021,lidar,0.9934,train,buffer
20210323_lidar_tile_640_768.npy,20210323,2021,lidar,0.9973,train,val
20210323_lidar_tile_640_896.npy,20210323,2021,lidar,0.971,train,val
20210323_lidar_tile_640_1024.npy,20210323,2021,lidar,0.9447,train,val
20210323_lidar_tile_640_1152.npy,20210323,2021,lidar,0.9529,train,buffer
20210323_lidar_tile_640_1280.npy,20210323,2021,lidar,0.9678,train,train
20210323_lidar_tile_640_1408.npy,20210323,2021,lidar,0.9754,train,train
20210323_lidar_tile_640_1536.npy,20210323,2021,lidar,0.8951,train,train
20210323_lidar_tile_768_0.npy,20210323,2021,lidar,0.8342,train,test
20210323_lidar_tile_768_128.npy,20210323,2021,lidar,0.9562,train,test
20210323_lidar_tile_768_256.npy,20210323,2021,lidar,0.9467,train,test
20210323_lidar_tile_768_384.npy,20210323,2021,lidar,0.9299,train,test
20210323_lidar_tile_768_512.npy,20210323,2021,lidar,0.9364,train,test
20210323_lidar_tile_768_640.npy,20210323,2021,lidar,0.9892,train,buffer
20210323_lidar_tile_768_768.npy,20210323,2021,lidar,0.9908,train,val
20210323_lidar_tile_768_896.npy,20210323,2021,lidar,0.9653,train,val
20210323_lidar_tile_768_1024.npy,20210323,2021,lidar,0.9511,train,val
20210323_lidar_tile_768_1152.npy,20210323,2021,lidar,0.9655,train,buffer
20210323_lidar_tile_768_1280.npy,20210323,2021,lidar,0.9777,train,train
20210323_lidar_tile_768_1408.npy,20210323,2021,lidar,0.9813,train,train
20210323_lidar_tile_768_1536.npy,20210323,2021,lidar,0.9693,train,train
20210323_lidar_tile_768_1664.npy,20210323,2021,lidar,0.8008,train,train
20210323_lidar_tile_768_1792.npy,20210323,2021,lidar,0.4006,train,train
20210323_lidar_tile_896_0.npy,20210323,2021,lidar,0.6482,train,test
20210323_lidar_tile_896_128.npy,20210323,2021,lidar,0.9225,train,test
20210323_lidar_tile_896_256.npy,20210323,2021,lidar,0.9595,train,test
20210323_lidar_tile_896_384.npy,20210323,2021,lidar,0.9335,train,test
20210323_lidar_tile_896_512.npy,20210323,2021,lidar,0.9088,train,test
20210323_lidar_tile_896_640.npy,20210323,2021,lidar,0.9612,train,buffer
20210323_lidar_tile_896_768.npy,20210323,2021,lidar,0.9858,train,val
20210323_lidar_tile_896_896.npy,20210323,2021,lidar,0.9769,train,val
20210323_lidar_tile_896_1024.npy,20210323,2021,lidar,0.9785,train,val
20210323_lidar_tile_896_1152.npy,20210323,2021,lidar,0.9872,train,buffer
20210323_lidar_tile_896_1280.npy,20210323,2021,lidar,0.9893,train,train
20210323_lidar_tile_896_1408.npy,20210323,2021,lidar,0.9652,train,train
20210323_lidar_tile_896_1536.npy,20210323,2021,lidar,0.9297,train,train
20210323_lidar_tile_896_1664.npy,20210323,2021,lidar,0.8839,train,train
20210323_lidar_tile_896_1792.npy,20210323,2021,lidar,0.6916,train,train
20210323_lidar_tile_1024_128.npy,20210323,2021,lidar,0.6148,train,test
20210323_lidar_tile_1024_256.npy,20210323,2021,lidar,0.8402,train,test
20210323_lidar_tile_1024_384.npy,20210323,2021,lidar,0.9118,train,test
20210323_lidar_tile_1024_512.npy,20210323,2021,lidar,0.9195,train,test
20210323_lidar_tile_1024_640.npy,20210323,2021,lidar,0.9199,train,buffer
20210323_lidar_tile_1024_768.npy,20210323,2021,lidar,0.9477,train,val
20210323_lidar_tile_1024_896.npy,20210323,2021,lidar,0.9771,train,val
20210323_lidar_tile_1024_1024.npy,20210323,2021,lidar,0.9775,train,val
20210323_lidar_tile_1024_1152.npy,20210323,2021,lidar,0.995,train,buffer
20210323_lidar_tile_1024_1280.npy,20210323,2021,lidar,0.9699,train,train
20210323_lidar_tile_1024_1408.npy,20210323,2021,lidar,0.933,train,train
20210323_lidar_tile_1024_1536.npy,20210323,2021,lidar,0.9193,train,train
20210323_lidar_tile_1024_1664.npy,20210323,2021,lidar,0.8783,train,train
20210323_lidar_tile_1024_1792.npy,20210323,2021,lidar,0.8193,train,train
20210323_lidar_tile_1024_1920.npy,20210323,2021,lidar,0.4913,train,train
20210323_lidar_tile_1152_512.npy,20210323,2021,lidar,0.5308,train,test
20210323_lidar_tile_1152_640.npy,20210323,2021,lidar,0.5019,train,buffer
20210323_lidar_tile_1152_768.npy,20210323,2021,lidar,0.7092,train,val
20210323_lidar_tile_1152_896.npy,20210323,2021,lidar,0.9648,train,val
20210323_lidar_tile_1152_1024.npy,20210323,2021,lidar,0.9783,train,val
20210323_lidar_tile_1152_1152.npy,20210323,2021,lidar,0.9963,train,buffer
20210323_lidar_tile_1152_1280.npy,20210323,2021,lidar,0.9584,train,train
20210323_lidar_tile_1152_1408.npy,20210323,2021,lidar,0.942,train,train
20210323_lidar_tile_1152_1536.npy,20210323,2021,lidar,0.9507,train,train
20210323_lidar_tile_1152_1664.npy,20210323,2021,lidar,0.9155,train,train
20210323_lidar_tile_1152_1792.npy,20210323,2021,lidar,0.82,train,train
20210323_lidar_tile_1152_1920.npy,20210323,2021,lidar,0.4795,train,train
20210323_lidar_tile_1280_768.npy,20210323,2021,lidar,0.4542,train,val
20210323_lidar_tile_1280_896.npy,20210323,2021,lidar,0.9284,train,val
20210323_lidar_tile_1280_1024.npy,20210323,2021,lidar,0.9931,train,val
20210323_lidar_tile_1280_1152.npy,20210323,2021,lidar,0.9979,train,buffer
20210323_lidar_tile_1280_1280.npy,20210323,2021,lidar,0.9796,train,train
20210323_lidar_tile_1280_1408.npy,20210323,2021,lidar,0.9659,train,train
20210323_lidar_tile_1280_1536.npy,20210323,2021,lidar,0.9577,train,train
20210323_lidar_tile_1280_1664.npy,20210323,2021,lidar,0.9429,train,train
20210323_lidar_tile_1280_1792.npy,20210323,2021,lidar,0.8491,train,train
20210323_lidar_tile_1280_1920.npy,20210323,2021,lidar,0.4864,train,train
20210323_lidar_tile_1408_768.npy,20210323,2021,lidar,0.4551,train,val
20210323_lidar_tile_1408_896.npy,20210323,2021,lidar,0.9251,train,val
20210323_lidar_tile_1408_1024.npy,20210323,2021,lidar,0.979,train,val
20210323_lidar_tile_1408_1152.npy,20210323,2021,lidar,0.9784,train,buffer
20210323_lidar_tile_1408_1280.npy,20210323,2021,lidar,0.9747,train,train
20210323_lidar_tile_1408_1408.npy,20210323,2021,lidar,0.9598,train,train
20210323_lidar_tile_1408_1536.npy,20210323,2021,lidar,0.9651,train,train
20210323_lidar_tile_1408_1664.npy,20210323,2021,lidar,0.9441,train,train
20210323_lidar_tile_1408_1792.npy,20210323,2021,lidar,0.8642,train,train
20210323_lidar_tile_1408_1920.npy,20210323,2021,lidar,0.5751,train,train
20210323_lidar_tile_1536_768.npy,20210323,2021,lidar,0.306,train,val
20210323_lidar_tile_1536_896.npy,20210323,2021,lidar,0.7751,train,val
20210323_lidar_tile_1536_1024.npy,20210323,2021,lidar,0.9756,train,val
20210323_lidar_tile_1536_1152.npy,20210323,2021,lidar,0.9601,train,buffer
20210323_lidar_tile_1536_1280.npy,20210323,2021,lidar,0.9559,train,train
20210323_lidar_tile_1536_1408.npy,20210323,2021,lidar,0.9634,train,train
20210323_lidar_tile_1536_1536.npy,20210323,2021,lidar,0.9664,train,train
20210323_lidar_tile_1536_1664.npy,20210323,2021,lidar,0.9358,train,train
20210323_lidar_tile_1536_1792.npy,20210323,2021,lidar,0.8739,train,train
20210323_lidar_tile_1536_1920.npy,20210323,2021,lidar,0.6502,train,train
20210323_lidar_tile_1664_896.npy,20210323,2021,lidar,0.5702,train,val
20210323_lidar_tile_1664_1024.npy,20210323,2021,lidar,0.9889,train,val
20210323_lidar_tile_1664_1152.npy,20210323,2021,lidar,0.9727,train,buffer
20210323_lidar_tile_1664_1280.npy,20210323,2021,lidar,0.9659,train,train
20210323_lidar_tile_1664_1408.npy,20210323,2021,lidar,0.983,train,train
20210323_lidar_tile_1664_1536.npy,20210323,2021,lidar,0.9789,train,train
20210323_lidar_tile_1664_1664.npy,20210323,2021,lidar,0.961,train,train
20210323_lidar_tile_1664_1792.npy,20210323,2021,lidar,0.9289,train,train
20210323_lidar_tile_1664_1920.npy,20210323,2021,lidar,0.7607,train,train
20210323_lidar_tile_1792_896.npy,20210323,2021,lidar,0.5468,train,val
20210323_lidar_tile_1792_1024.npy,20210323,2021,lidar,0.9888,train,val
20210323_lidar_tile_1792_1152.npy,20210323,2021,lidar,0.9884,train,buffer
20210323_lidar_tile_1792_1280.npy,20210323,2021,lidar,0.9847,train,train
20210323_lidar_tile_1792_1408.npy,20210323,2021,lidar,0.9903,train,train
20210323_lidar_tile_1792_1536.npy,20210323,2021,lidar,0.9837,train,train
20210323_lidar_tile_1792_1664.npy,20210323,2021,lidar,0.9709,train,train
20210323_lidar_tile_1792_1792.npy,20210323,2021,lidar,0.9486,train,train
20210323_lidar_tile_1792_1920.npy,20210323,2021,lidar,0.6942,train,train
20210323_lidar_tile_1920_896.npy,20210323,2021,lidar,0.5361,train,val
20210323_lidar_tile_1920_1024.npy,20210323,2021,lidar,0.9878,train,val
20210323_lidar_tile_1920_1152.npy,20210323,2021,lidar,0.9926,train,buffer
20210323_lidar_tile_1920_1280.npy,20210323,2021,lidar,0.9899,train,train
20210323_lidar_tile_1920_1408.npy,20210323,2021,lidar,0.991,train,train
20210323_lidar_tile_1920_1536.npy,20210323,2021,lidar,0.9848,train,train
20210323_lidar_tile_1920_1664.npy,20210323,2021,lidar,0.9805,train,train
20210323_lidar_tile_1920_1792.npy,20210323,2021,lidar,0.9743,train,train
20210323_lidar_tile_1920_1920.npy,20210323,2021,lidar,0.5846,train,train
20210323_lidar_tile_2048_896.npy,20210323,2021,lidar,0.474,train,val
20210323_lidar_tile_2048_1024.npy,20210323,2021,lidar,0.9452,train,val
20210323_lidar_tile_2048_1152.npy,20210323,2021,lidar,0.9935,train,buffer
20210323_lidar_tile_2048_1280.npy,20210323,2021,lidar,0.9929,train,train
20210323_lidar_tile_2048_1408.npy,20210323,2021,lidar,0.9946,train,train
20210323_lidar_tile_2048_1536.npy,20210323,2021,lidar,0.9969,train,train
20210323_lidar_tile_2048_1664.npy,20210323,2021,lidar,0.9946,train,train
20210323_lidar_tile_2048_1792.npy,20210323,2021,lidar,0.8819,train,train
20210323_lidar_tile_2048_1920.npy,20210323,2021,lidar,0.4306,train,train
20210323_lidar_tile_2176_1024.npy,20210323,2021,lidar,0.7567,train,val
20210323_lidar_tile_2176_1152.npy,20210323,2021,lidar,0.974,train,buffer
20210323_lidar_tile_2176_1280.npy,20210323,2021,lidar,0.9863,train,train
20210323_lidar_tile_2176_1408.npy,20210323,2021,lidar,0.9958,train,train
20210323_lidar_tile_2176_1536.npy,20210323,2021,lidar,0.9978,train,train
20210323_lidar_tile_2176_1664.npy,20210323,2021,lidar,0.9783,train,train
20210323_lidar_tile_2176_1792.npy,20210323,2021,lidar,0.6321,train,train
20210414_lidar_tile_0_128.npy,20210414,2021,lidar,0.3448,train,test
20210414_lidar_tile_0_256.npy,20210414,2021,lidar,0.7663,train,test
20210414_lidar_tile_0_384.npy,20210414,2021,lidar,0.8579,train,test
20210414_lidar_tile_0_512.npy,20210414,2021,lidar,0.7878,train,test
20210414_lidar_tile_0_640.npy,20210414,2021,lidar,0.6582,train,buffer
20210414_lidar_tile_0_768.npy,20210414,2021,lidar,0.5073,train,val
20210414_lidar_tile_128_128.npy,20210414,2021,lidar,0.6979,train,test
20210414_lidar_tile_128_256.npy,20210414,2021,lidar,0.9663,train,test
20210414_lidar_tile_128_384.npy,20210414,2021,lidar,0.9668,train,test
20210414_lidar_tile_128_512.npy,20210414,2021,lidar,0.9774,train,test
20210414_lidar_tile_128_640.npy,20210414,2021,lidar,0.9838,train,buffer
20210414_lidar_tile_128_768.npy,20210414,2021,lidar,0.9645,train,val
20210414_lidar_tile_128_896.npy,20210414,2021,lidar,0.7253,train,val
20210414_lidar_tile_256_0.npy,20210414,2021,lidar,0.4549,train,test
20210414_lidar_tile_256_128.npy,20210414,2021,lidar,0.9256,train,test
20210414_lidar_tile_256_256.npy,20210414,2021,lidar,0.9769,train,test
20210414_lidar_tile_256_384.npy,20210414,2021,lidar,0.9787,train,test
20210414_lidar_tile_256_512.npy,20210414,2021,lidar,0.9903,train,test
20210414_lidar_tile_256_640.npy,20210414,2021,lidar,0.9918,train,buffer
20210414_lidar_tile_256_768.npy,20210414,2021,lidar,0.9996,train,val
20210414_lidar_tile_256_896.npy,20210414,2021,lidar,0.9437,train,val
20210414_lidar_tile_256_1024.npy,20210414,2021,lidar,0.8337,train,val
20210414_lidar_tile_256_1152.npy,20210414,2021,lidar,0.7837,train,buffer
20210414_lidar_tile_256_1280.npy,20210414,2021,lidar,0.7482,train,train
20210414_lidar_tile_256_1408.npy,20210414,2021,lidar,0.6147,train,train
20210414_lidar_tile_256_1536.npy,20210414,2021,lidar,0.3201,train,train
20210414_lidar_tile_384_0.npy,20210414,2021,lidar,0.5781,train,test
20210414_lidar_tile_384_128.npy,20210414,2021,lidar,0.9814,train,test
20210414_lidar_tile_384_256.npy,20210414,2021,lidar,0.9917,train,test
20210414_lidar_tile_384_384.npy,20210414,2021,lidar,0.9977,train,test
20210414_lidar_tile_384_512.npy,20210414,2021,lidar,0.9963,train,test
20210414_lidar_tile_384_640.npy,20210414,2021,lidar,0.9977,train,buffer
20210414_lidar_tile_384_768.npy,20210414,2021,lidar,0.9992,train,val
20210414_lidar_tile_384_896.npy,20210414,2021,lidar,0.997,train,val
20210414_lidar_tile_384_1024.npy,20210414,2021,lidar,0.9969,train,val
20210414_lidar_tile_384_1152.npy,20210414,2021,lidar,0.9972,train,buffer
20210414_lidar_tile_384_1280.npy,20210414,2021,lidar,0.9969,train,train
20210414_lidar_tile_384_1408.npy,20210414,2021,lidar,0.9587,train,train
20210414_lidar_tile_384_1536.npy,20210414,2021,lidar,0.6107,train,train
20210414_lidar_tile_512_0.npy,20210414,2021,lidar,0.6733,train,test
20210414_lidar_tile_512_128.npy,20210414,2021,lidar,0.9835,train,test
20210414_lidar_tile_512_256.npy,20210414,2021,lidar,0.9925,train,test
20210414_lidar_tile_512_384.npy,20210414,2021,lidar,0.9983,train,test
20210414_lidar_tile_512_512.npy,20210414,2021,lidar,0.9988,train,test
20210414_lidar_tile_512_640.npy,20210414,2021,lidar,0.9999,train,buffer
20210414_lidar_tile_512_768.npy,20210414,2021,lidar,0.9989,train,val
20210414_lidar_tile_512_896.npy,20210414,2021,lidar,0.9982,train,val
20210414_lidar_tile_512_1024.npy,20210414,2021,lidar,0.9988,train,val
20210414_lidar_tile_512_1152.npy,20210414,2021,lidar,0.9974,train,buffer
20210414_lidar_tile_512_1280.npy,20210414,2021,lidar,0.9959,train,train
20210414_lidar_tile_512_1408.npy,20210414,2021,lidar,0.9964,train,train
20210414_lidar_tile_512_1536.npy,20210414,2021,lidar,0.7574,train,train
20210414_lidar_tile_640_0.npy,20210414,2021,lidar,0.761,train,test
20210414_lidar_tile_640_128.npy,20210414,2021,lidar,0.9827,train,test
20210414_lidar_tile_640_256.npy,20210414,2021,lidar,0.9877,train,test
20210414_lidar_tile_640_384.npy,20210414,2021,lidar,0.9946,train,test
20210414_lidar_tile_640_512.npy,20210414,2021,lidar,0.9976,train,test
20210414_lidar_tile_640_640.npy,20210414,2021,lidar,0.9995,train,buffer
20210414_lidar_tile_640_768.npy,20210414,2021,lidar,0.9991,train,val
20210414_lidar_tile_640_896.npy,20210414,2021,lidar,0.9985,train,val
20210414_lidar_tile_640_1024.npy,20210414,2021,lidar,0.998,train,val
20210414_lidar_tile_640_1152.npy,20210414,2021,lidar,0.9967,train,buffer
20210414_lidar_tile_640_1280.npy,20210414,2021,lidar,0.9959,train,train
20210414_lidar_tile_640_1408.npy,20210414,2021,lidar,0.9941,train,train
20210414_lidar_tile_640_1536.npy,20210414,2021,lidar,0.9064,train,train
20210414_lidar_tile_768_0.npy,20210414,2021,lidar,0.8322,train,test
20210414_lidar_tile_768_128.npy,20210414,2021,lidar,0.9778,train,test
20210414_lidar_tile_768_256.npy,20210414,2021,lidar,0.9765,train,test
20210414_lidar_tile_768_384.npy,20210414,2021,lidar,0.9917,train,test
20210414_lidar_tile_768_512.npy,20210414,2021,lidar,0.9952,train,test
20210414_lidar_tile_768_640.npy,20210414,2021,lidar,0.9968,train,buffer
20210414_lidar_tile_768_768.npy,20210414,2021,lidar,0.9965,train,val
20210414_lidar_tile_768_896.npy,20210414,2021,lidar,0.9963,train,val
20210414_lidar_tile_768_1024.npy,20210414,2021,lidar,0.9974,train,val
20210414_lidar_tile_768_1152.npy,20210414,2021,lidar,0.998,train,buffer
20210414_lidar_tile_768_1280.npy,20210414,2021,lidar,0.996,train,train
20210414_lidar_tile_768_1408.npy,20210414,2021,lidar,0.9895,train,train
20210414_lidar_tile_768_1536.npy,20210414,2021,lidar,0.9605,train,train
20210414_lidar_tile_768_1664.npy,20210414,2021,lidar,0.797,train,train
20210414_lidar_tile_768_1792.npy,20210414,2021,lidar,0.4094,train,train
20210414_lidar_tile_896_0.npy,20210414,2021,lidar,0.6525,train,test
20210414_lidar_tile_896_128.npy,20210414,2021,lidar,0.9438,train,test
20210414_lidar_tile_896_256.npy,20210414,2021,lidar,0.9799,train,test
20210414_lidar_tile_896_384.npy,20210414,2021,lidar,0.9956,train,test
20210414_lidar_tile_896_512.npy,20210414,2021,lidar,0.996,train,test
20210414_lidar_tile_896_640.npy,20210414,2021,lidar,0.9961,train,buffer
20210414_lidar_tile_896_768.npy,20210414,2021,lidar,0.9965,train,val
20210414_lidar_tile_896_896.npy,20210414,2021,lidar,0.9918,train,val
20210414_lidar_tile_896_1024.npy,20210414,2021,lidar,0.9937,train,val
20210414_lidar_tile_896_1152.npy,20210414,2021,lidar,0.9976,train,buffer
20210414_lidar_tile_896_1280.npy,20210414,2021,lidar,0.99,train,train
20210414_lidar_tile_896_1408.npy,20210414,2021,lidar,0.985,train,train
20210414_lidar_tile_896_1536.npy,20210414,2021,lidar,0.9514,train,train
20210414_lidar_tile_896_1664.npy,20210414,2021,lidar,0.8858,train,train
20210414_lidar_tile_896_1792.npy,20210414,2021,lidar,0.6958,train,train
20210414_lidar_tile_1024_128.npy,20210414,2021,lidar,0.6279,train,test
20210414_lidar_tile_1024_256.npy,20210414,2021,lidar,0.8587,train,test
20210414_lidar_tile_1024_384.npy,20210414,2021,lidar,0.9577,train,test
20210414_lidar_tile_1024_512.npy,20210414,2021,lidar,0.9868,train,test
20210414_lidar_tile_1024_640.npy,20210414,2021,lidar,0.9554,train,buffer
20210414_lidar_tile_1024_768.npy,20210414,2021,lidar,0.9572,train,val
20210414_lidar_tile_1024_896.npy,20210414,2021,lidar,0.9946,train,val
20210414_lidar_tile_1024_1024.npy,20210414,2021,lidar,0.9941,train,val
20210414_lidar_tile_1024_1152.npy,20210414,2021,lidar,0.9937,train,buffer
20210414_lidar_tile_1024_1280.npy,20210414,2021,lidar,0.9739,train,train
20210414_lidar_tile_1024_1408.npy,20210414,2021,lidar,0.9615,train,train
20210414_lidar_tile_1024_1536.npy,20210414,2021,lidar,0.9402,train,train
20210414_lidar_tile_1024_1664.npy,20210414,2021,lidar,0.8746,train,train
20210414_lidar_tile_1024_1792.npy,20210414,2021,lidar,0.7968,train,train
20210414_lidar_tile_1024_1920.npy,20210414,2021,lidar,0.4361,train,train
20210414_lidar_tile_1152_512.npy,20210414,2021,lidar,0.5405,train,test
20210414_lidar_tile_1152_640.npy,20210414,2021,lidar,0.5079,train,buffer
20210414_lidar_tile_1152_768.npy,20210414,2021,lidar,0.712,train,val
20210414_lidar_tile_1152_896.npy,20210414,2021,lidar,0.9853,train,val
20210414_lidar_tile_1152_1024.npy,20210414,2021,lidar,0.9935,train,val
20210414_lidar_tile_1152_1152.npy,20210414,2021,lidar,0.9825,train,buffer
20210414_lidar_tile_1152_1280.npy,20210414,2021,lidar,0.9674,train,train
20210414_lidar_tile_1152_1408.npy,20210414,2021,lidar,0.9464,train,train
20210414_lidar_tile_1152_1536.npy,20210414,2021,lidar,0.8916,train,train
20210414_lidar_tile_1152_1664.npy,20210414,2021,lidar,0.838,train,train
20210414_lidar_tile_1152_1792.npy,20210414,2021,lidar,0.7653,train,train
20210414_lidar_tile_1152_1920.npy,20210414,2021,lidar,0.4122,train,train
20210414_lidar_tile_1280_768.npy,20210414,2021,lidar,0.4477,train,val
20210414_lidar_tile_1280_896.npy,20210414,2021,lidar,0.9245,train,val
20210414_lidar_tile_1280_1024.npy,20210414,2021,lidar,0.9837,train,val
20210414_lidar_tile_1280_1152.npy,20210414,2021,lidar,0.9582,train,buffer
20210414_lidar_tile_1280_1280.npy,20210414,2021,lidar,0.9376,train,train
20210414_lidar_tile_1280_1408.npy,20210414,2021,lidar,0.9257,train,train
20210414_lidar_tile_1280_1536.npy,20210414,2021,lidar,0.855,train,train
20210414_lidar_tile_1280_1664.npy,20210414,2021,lidar,0.8242,train,train
20210414_lidar_tile_1280_1792.npy,20210414,2021,lidar,0.7709,train,train
20210414_lidar_tile_1280_1920.npy,20210414,2021,lidar,0.4348,train,train
20210414_lidar_tile_1408_768.npy,20210414,2021,lidar,0.4468,train,val
20210414_lidar_tile_1408_896.npy,20210414,2021,lidar,0.9155,train,val
20210414_lidar_tile_1408_1024.npy,20210414,2021,lidar,0.9832,train,val
20210414_lidar_tile_1408_1152.npy,20210414,2021,lidar,0.9607,train,buffer
20210414_lidar_tile_1408_1280.npy,20210414,2021,lidar,0.9212,train,train
20210414_lidar_tile_1408_1408.npy,20210414,2021,lidar,0.9198,train,train
20210414_lidar_tile_1408_1536.npy,20210414,2021,lidar,0.8754,train,train
20210414_lidar_tile_1408_1664.npy,20210414,2021,lidar,0.8356,train,train
20210414_lidar_tile_1408_1792.npy,20210414,2021,lidar,0.8092,train,train
20210414_lidar_tile_1408_1920.npy,20210414,2021,lidar,0.4994,train,train
20210414_lidar_tile_1536_768.npy,20210414,2021,lidar,0.3022,train,val
20210414_lidar_tile_1536_896.npy,20210414,2021,lidar,0.7706,train,val
20210414_lidar_tile_1536_1024.npy,20210414,2021,lidar,0.9848,train,val
20210414_lidar_tile_1536_1152.npy,20210414,2021,lidar,0.9774,train,buffer
20210414_lidar_tile_1536_1280.npy,20210414,2021,lidar,0.9495,train,train
20210414_lidar_tile_1536_1408.npy,20210414,2021,lidar,0.9525,train,train
20210414_lidar_tile_1536_1536.npy,20210414,2021,lidar,0.9421,train,train
20210414_lidar_tile_1536_1664.npy,20210414,2021,lidar,0.9026,train,train
20210414_lidar_tile_1536_1792.npy,20210414,2021,lidar,0.8686,train,train
20210414_lidar_tile_1536_1920.npy,20210414,2021,lidar,0.5862,train,train
20210414_lidar_tile_1664_896.npy,20210414,2021,lidar,0.5612,train,val
20210414_lidar_tile_1664_1024.npy,20210414,2021,lidar,0.98,train,val
20210414_lidar_tile_1664_1152.npy,20210414,2021,lidar,0.9779,train,buffer
20210414_lidar_tile_1664_1280.npy,20210414,2021,lidar,0.9669,train,train
20210414_lidar_tile_1664_1408.npy,20210414,2021,lidar,0.9741,train,train
20210414_lidar_tile_1664_1536.npy,20210414,2021,lidar,0.9799,train,train
20210414_lidar_tile_1664_1664.npy,20210414,2021,lidar,0.9494,train,train
20210414_lidar_tile_1664_1792.npy,20210414,2021,lidar,0.8662,train,train
20210414_lidar_tile_1664_1920.npy,20210414,2021,lidar,0.6487,train,train
20210414_lidar_tile_1792_896.npy,20210414,2021,lidar,0.5333,train,val
20210414_lidar_tile_1792_1024.npy,20210414,2021,lidar,0.9778,train,val
20210414_lidar_tile_1792_1152.npy,20210414,2021,lidar,0.9834,train,buffer
20210414_lidar_tile_1792_1280.npy,20210414,2021,lidar,0.97,train,train
20210414_lidar_tile_1792_1408.npy,20210414,2021,lidar,0.9713,train,train
20210414_lidar_tile_1792_1536.npy,20210414,2021,lidar,0.9716,train,train
20210414_lidar_tile_1792_1664.npy,20210414,2021,lidar,0.9229,train,train
20210414_lidar_tile_1792_1792.npy,20210414,2021,lidar,0.8553,train,train
20210414_lidar_tile_1792_1920.npy,20210414,2021,lidar,0.5969,train,train
20210414_lidar_tile_1920_896.npy,20210414,2021,lidar,0.5254,train,val
20210414_lidar_tile_1920_1024.npy,20210414,2021,lidar,0.976,train,val
20210414_lidar_tile_1920_1152.npy,20210414,2021,lidar,0.9771,train,buffer
20210414_lidar_tile_1920_1280.npy,20210414,2021,lidar,0.9585,train,train
20210414_lidar_tile_1920_1408.npy,20210414,2021,lidar,0.9411,train,train
20210414_lidar_tile_1920_1536.npy,20210414,2021,lidar,0.949,train,train
20210414_lidar_tile_1920_1664.npy,20210414,2021,lidar,0.9496,train,train
20210414_lidar_tile_1920_1792.npy,20210414,2021,lidar,0.9477,train,train
20210414_lidar_tile_1920_1920.npy,20210414,2021,lidar,0.5778,train,train
20210414_lidar_tile_2048_896.npy,20210414,2021,lidar,0.4678,train,val
20210414_lidar_tile_2048_1024.npy,20210414,2021,lidar,0.9367,train,val
20210414_lidar_tile_2048_1152.npy,20210414,2021,lidar,0.9784,train,buffer
20210414_lidar_tile_2048_1280.npy,20210414,2021,lidar,0.9691,train,train
20210414_lidar_tile_2048_1408.npy,20210414,2021,lidar,0.9561,train,train
20210414_lidar_tile_2048_1536.npy,20210414,2021,lidar,0.9439,train,train
20210414_lidar_tile_2048_1664.npy,20210414,2021,lidar,0.9574,train,train
20210414_lidar_tile_2048_1792.npy,20210414,2021,lidar,0.8784,train,train
20210414_lidar_tile_2048_1920.npy,20210414,2021,lidar,0.4404,train,train
20210414_lidar_tile_2176_1024.npy,20210414,2021,lidar,0.7538,train,val
20210414_lidar_tile_2176_1152.npy,20210414,2021,lidar,0.974,train,buffer
20210414_lidar_tile_2176_1280.npy,20210414,2021,lidar,0.9836,train,train
20210414_lidar_tile_2176_1408.npy,20210414,2021,lidar,0.9906,train,train
20210414_lidar_tile_2176_1536.npy,20210414,2021,lidar,0.9719,train,train
20210414_lidar_tile_2176_1664.npy,20210414,2021,lidar,0.9512,train,train
20210414_lidar_tile_2176_1792.npy,20210414,2021,lidar,0.6319,train,train
20210504_lidar_tile_128_256.npy,20210504,2021,lidar,0.9046,train,test
20210504_lidar_tile_128_384.npy,20210504,2021,lidar,0.9685,train,test
20210504_lidar_tile_128_512.npy,20210504,2021,lidar,0.9827,train,test
20210504_lidar_tile_128_640.npy,20210504,2021,lidar,0.9916,train,buffer
20210504_lidar_tile_128_768.npy,20210504,2021,lidar,0.9962,train,val
20210504_lidar_tile_128_896.npy,20210504,2021,lidar,0.941,train,val
20210504_lidar_tile_256_256.npy,20210504,2021,lidar,0.9876,train,test
20210504_lidar_tile_256_384.npy,20210504,2021,lidar,0.9873,train,test
20210504_lidar_tile_256_512.npy,20210504,2021,lidar,0.99,train,test
20210504_lidar_tile_256_640.npy,20210504,2021,lidar,0.9919,train,buffer
20210504_lidar_tile_256_768.npy,20210504,2021,lidar,0.9949,train,val
20210504_lidar_tile_256_896.npy,20210504,2021,lidar,0.9958,train,val
20210504_lidar_tile_256_1024.npy,20210504,2021,lidar,0.9962,train,val
20210504_lidar_tile_256_1152.npy,20210504,2021,lidar,0.9804,train,buffer
20210504_lidar_tile_384_128.npy,20210504,2021,lidar,0.9477,train,test
20210504_lidar_tile_384_256.npy,20210504,2021,lidar,0.9893,train,test
20210504_lidar_tile_384_384.npy,20210504,2021,lidar,0.9908,train,test
20210504_lidar_tile_384_512.npy,20210504,2021,lidar,0.9963,train,test
20210504_lidar_tile_384_640.npy,20210504,2021,lidar,0.9972,train,buffer
20210504_lidar_tile_384_768.npy,20210504,2021,lidar,0.996,train,val
20210504_lidar_tile_384_896.npy,20210504,2021,lidar,0.9963,train,val
20210504_lidar_tile_384_1024.npy,20210504,2021,lidar,0.9922,train,val
20210504_lidar_tile_384_1152.npy,20210504,2021,lidar,0.981,train,buffer
20210504_lidar_tile_384_2304.npy,20210504,2021,lidar,0.64,train,train
20210504_lidar_tile_384_2432.npy,20210504,2021,lidar,0.5476,train,train
20210504_lidar_tile_512_128.npy,20210504,2021,lidar,0.9902,train,test
20210504_lidar_tile_512_256.npy,20210504,2021,lidar,0.9884,train,test
20210504_lidar_tile_512_384.npy,20210504,2021,lidar,0.9922,train,test
20210504_lidar_tile_512_512.npy,20210504,2021,lidar,0.9953,train,test
20210504_lidar_tile_512_640.npy,20210504,2021,lidar,0.9955,train,buffer
20210504_lidar_tile_512_768.npy,20210504,2021,lidar,0.9975,train,val
20210504_lidar_tile_512_896.npy,20210504,2021,lidar,0.9996,train,val
20210504_lidar_tile_512_1024.npy,20210504,2021,lidar,0.9952,train,val
20210504_lidar_tile_512_1152.npy,20210504,2021,lidar,0.9848,train,buffer
20210504_lidar_tile_512_1280.npy,20210504,2021,lidar,0.9409,train,train
20210504_lidar_tile_512_1408.npy,20210504,2021,lidar,0.7484,train,train
20210504_lidar_tile_512_1536.npy,20210504,2021,lidar,0.6011,train,train
20210504_lidar_tile_512_1664.npy,20210504,2021,lidar,0.5708,train,train
20210504_lidar_tile_512_1792.npy,20210504,2021,lidar,0.6713,train,train
20210504_lidar_tile_512_1920.npy,20210504,2021,lidar,0.8792,train,train
20210504_lidar_tile_512_2048.npy,20210504,2021,lidar,0.9221,train,train
20210504_lidar_tile_512_2176.npy,20210504,2021,lidar,0.8439,train,train
20210504_lidar_tile_512_2304.npy,20210504,2021,lidar,0.7745,train,train
20210504_lidar_tile_512_2432.npy,20210504,2021,lidar,0.4924,train,train
20210504_lidar_tile_640_128.npy,20210504,2021,lidar,0.9912,train,test
20210504_lidar_tile_640_256.npy,20210504,2021,lidar,0.9869,train,test
20210504_lidar_tile_640_384.npy,20210504,2021,lidar,0.9891,train,test
20210504_lidar_tile_640_512.npy,20210504,2021,lidar,0.992,train,test
20210504_lidar_tile_640_640.npy,20210504,2021,lidar,0.9942,train,buffer
20210504_lidar_tile_640_768.npy,20210504,2021,lidar,0.9977,train,val
20210504_lidar_tile_640_896.npy,20210504,2021,lidar,0.9996,train,val
20210504_lidar_tile_640_1024.npy,20210504,2021,lidar,0.9994,train,val
20210504_lidar_tile_640_1152.npy,20210504,2021,lidar,0.9902,train,buffer
20210504_lidar_tile_640_1280.npy,20210504,2021,lidar,0.9214,train,train
20210504_lidar_tile_640_1408.npy,20210504,2021,lidar,0.6809,train,train
20210504_lidar_tile_640_1536.npy,20210504,2021,lidar,0.5341,train,train
20210504_lidar_tile_640_1664.npy,20210504,2021,lidar,0.5209,train,train
20210504_lidar_tile_640_1792.npy,20210504,2021,lidar,0.6897,train,train
20210504_lidar_tile_640_1920.npy,20210504,2021,lidar,0.9313,train,train
20210504_lidar_tile_640_2048.npy,20210504,2021,lidar,0.9371,train,train
20210504_lidar_tile_640_2176.npy,20210504,2021,lidar,0.9098,train,train
20210504_lidar_tile_640_2304.npy,20210504,2021,lidar,0.7736,train,train
20210504_lidar_tile_640_2432.npy,20210504,2021,lidar,0.3529,train,train
20210504_lidar_tile_768_128.npy,20210504,2021,lidar,0.9943,train,test
20210504_lidar_tile_768_256.npy,20210504,2021,lidar,0.9916,train,test
20210504_lidar_tile_768_384.npy,20210504,2021,lidar,0.9922,train,test
20210504_lidar_tile_768_512.npy,20210504,2021,lidar,0.9946,train,test
20210504_lidar_tile_768_640.npy,20210504,2021,lidar,0.9975,train,buffer
20210504_lidar_tile_768_768.npy,20210504,2021,lidar,0.9995,train,val
20210504_lidar_tile_768_896.npy,20210504,2021,lidar,1.0,train,val
20210504_lidar_tile_768_1024.npy,20210504,2021,lidar,0.9998,train,val
20210504_lidar_tile_768_1152.npy,20210504,2021,lidar,0.9924,train,buffer
20210504_lidar_tile_768_1280.npy,20210504,2021,lidar,0.9204,train,train
20210504_lidar_tile_768_1408.npy,20210504,2021,lidar,0.7523,train,train
20210504_lidar_tile_768_1536.npy,20210504,2021,lidar,0.666,train,train
20210504_lidar_tile_768_1664.npy,20210504,2021,lidar,0.6451,train,train
20210504_lidar_tile_768_1792.npy,20210504,2021,lidar,0.7904,train,train
20210504_lidar_tile_768_1920.npy,20210504,2021,lidar,0.9487,train,train
20210504_lidar_tile_768_2048.npy,20210504,2021,lidar,0.8972,train,train
20210504_lidar_tile_768_2176.npy,20210504,2021,lidar,0.8758,train,train
20210504_lidar_tile_768_2304.npy,20210504,2021,lidar,0.7134,train,train
20210504_lidar_tile_896_128.npy,20210504,2021,lidar,0.991,train,test
20210504_lidar_tile_896_256.npy,20210504,2021,lidar,0.9943,train,test
20210504_lidar_tile_896_384.npy,20210504,2021,lidar,0.995,train,test
20210504_lidar_tile_896_512.npy,20210504,2021,lidar,0.9979,train,test
20210504_lidar_tile_896_640.npy,20210504,2021,lidar,0.9982,train,buffer
20210504_lidar_tile_896_768.npy,20210504,2021,lidar,0.9984,train,val
20210504_lidar_tile_896_896.npy,20210504,2021,lidar,0.9966,train,val
20210504_lidar_tile_896_1024.npy,20210504,2021,lidar,0.9967,train,val
20210504_lidar_tile_896_1152.npy,20210504,2021,lidar,0.9967,train,buffer
20210504_lidar_tile_896_1280.npy,20210504,2021,lidar,0.9431,train,train
20210504_lidar_tile_896_1408.npy,20210504,2021,lidar,0.8191,train,train
20210504_lidar_tile_896_1536.npy,20210504,2021,lidar,0.7328,train,train
20210504_lidar_tile_896_1664.npy,20210504,2021,lidar,0.7785,train,train
20210504_lidar_tile_896_1792.npy,20210504,2021,lidar,0.8977,train,train
20210504_lidar_tile_896_1920.npy,20210504,2021,lidar,0.8774,train,train
20210504_lidar_tile_896_2176.npy,20210504,2021,lidar,0.8054,train,train
20210504_lidar_tile_896_2304.npy,20210504,2021,lidar,0.7332,train,train
20210504_lidar_tile_896_2432.npy,20210504,2021,lidar,0.3805,train,train
20210504_lidar_tile_1024_128.npy,20210504,2021,lidar,0.9838,train,test
20210504_lidar_tile_1024_256.npy,20210504,2021,lidar,0.9948,train,test
20210504_lidar_tile_1024_384.npy,20210504,2021,lidar,0.995,train,test
20210504_lidar_tile_1024_512.npy,20210504,2021,lidar,0.9967,train,test
20210504_lidar_tile_1024_640.npy,20210504,2021,lidar,0.9917,train,buffer
20210504_lidar_tile_1024_768.npy,20210504,2021,lidar,0.9908,train,val
20210504_lidar_tile_1024_896.npy,20210504,2021,lidar,0.9888,train,val
20210504_lidar_tile_1024_1024.npy,20210504,2021,lidar,0.9906,train,val
20210504_lidar_tile_1024_1152.npy,20210504,2021,lidar,0.993,train,buffer
20210504_lidar_tile_1024_1280.npy,20210504,2021,lidar,0.9543,train,train
20210504_lidar_tile_1024_1408.npy,20210504,2021,lidar,0.8521,train,train
20210504_lidar_tile_1024_1536.npy,20210504,2021,lidar,0.808,train,train
20210504_lidar_tile_1024_1664.npy,20210504,2021,lidar,0.8865,train,train
20210504_lidar_tile_1024_1792.npy,20210504,2021,lidar,0.9012,train,train
20210504_lidar_tile_1024_1920.npy,20210504,2021,lidar,0.8139,train,train
20210504_lidar_tile_1024_2048.npy,20210504,2021,lidar,0.7578,train,train
20210504_lidar_tile_1024_2176.npy,20210504,2021,lidar,0.7746,train,train
20210504_lidar_tile_1024_2304.npy,20210504,2021,lidar,0.737,train,train
20210504_lidar_tile_1024_2432.npy,20210504,2021,lidar,0.4011,train,train
20210504_lidar_tile_1152_256.npy,20210504,2021,lidar,0.9695,train,test
20210504_lidar_tile_1152_384.npy,20210504,2021,lidar,0.9936,train,test
20210504_lidar_tile_1152_512.npy,20210504,2021,lidar,0.9938,train,test
20210504_lidar_tile_1152_640.npy,20210504,2021,lidar,0.9911,train,buffer
20210504_lidar_tile_1152_768.npy,20210504,2021,lidar,0.9906,train,val
20210504_lidar_tile_1152_896.npy,20210504,2021,lidar,0.9875,train,val
20210504_lidar_tile_1152_1024.npy,20210504,2021,lidar,0.9867,train,val
20210504_lidar_tile_1152_1152.npy,20210504,2021,lidar,0.9844,train,buffer
20210504_lidar_tile_1152_1280.npy,20210504,2021,lidar,0.9439,train,train
20210504_lidar_tile_1152_1408.npy,20210504,2021,lidar,0.8698,train,train
20210504_lidar_tile_1152_1536.npy,20210504,2021,lidar,0.8484,train,train
20210504_lidar_tile_1152_1664.npy,20210504,2021,lidar,0.894,train,train
20210504_lidar_tile_1152_1792.npy,20210504,2021,lidar,0.8781,train,train
20210504_lidar_tile_1152_1920.npy,20210504,2021,lidar,0.756,train,train
20210504_lidar_tile_1152_2048.npy,20210504,2021,lidar,0.6355,train,train
20210504_lidar_tile_1152_2176.npy,20210504,2021,lidar,0.6039,train,train
20210504_lidar_tile_1152_2304.npy,20210504,2021,lidar,0.5784,train,train
20210504_lidar_tile_1280_384.npy,20210504,2021,lidar,0.9019,train,test
20210504_lidar_tile_1280_512.npy,20210504,2021,lidar,0.9788,train,test
20210504_lidar_tile_1280_640.npy,20210504,2021,lidar,0.9909,train,buffer
20210504_lidar_tile_1280_768.npy,20210504,2021,lidar,0.9933,train,val
20210504_lidar_tile_1280_896.npy,20210504,2021,lidar,0.9869,train,val
20210504_lidar_tile_1280_1024.npy,20210504,2021,lidar,0.9828,train,val
20210504_lidar_tile_1280_1152.npy,20210504,2021,lidar,0.9721,train,buffer
20210504_lidar_tile_1280_1280.npy,20210504,2021,lidar,0.7774,train,train
20210504_lidar_tile_1280_1408.npy,20210504,2021,lidar,0.6445,train,train
20210504_lidar_tile_1280_1536.npy,20210504,2021,lidar,0.7086,train,train
20210504_lidar_tile_1280_1664.npy,20210504,2021,lidar,0.7935,train,train
20210504_lidar_tile_1280_1792.npy,20210504,2021,lidar,0.8324,train,train
20210504_lidar_tile_1280_1920.npy,20210504,2021,lidar,0.6212,train,train
20210504_lidar_tile_1280_2048.npy,20210504,2021,lidar,0.3797,train,train
20210504_lidar_tile_1280_2176.npy,20210504,2021,lidar,0.3934,train,train
20210504_lidar_tile_1280_2304.npy,20210504,2021,lidar,0.3893,train,train
20210504_lidar_tile_1408_768.npy,20210504,2021,lidar,0.7818,train,val
20210504_lidar_tile_1408_896.npy,20210504,2021,lidar,0.9021,train,val
20210504_lidar_tile_1408_1024.npy,20210504,2021,lidar,0.9512,train,val
20210504_lidar_tile_1408_1152.npy,20210504,2021,lidar,0.8777,train,buffer
20210504_lidar_tile_1408_1280.npy,20210504,2021,lidar,0.5354,train,train
20210504_lidar_tile_1408_1408.npy,20210504,2021,lidar,0.3379,train,train
20210504_lidar_tile_1408_1536.npy,20210504,2021,lidar,0.4176,train,train
20210504_lidar_tile_1408_1664.npy,20210504,2021,lidar,0.5853,train,train
20210504_lidar_tile_1408_1792.npy,20210504,2021,lidar,0.634,train,train
20210504_lidar_tile_1408_1920.npy,20210504,2021,lidar,0.3751,train,train
20210504_lidar_tile_1536_768.npy,20210504,2021,lidar,0.3433,train,val
20210504_lidar_tile_1536_896.npy,20210504,2021,lidar,0.6035,train,val
20210504_lidar_tile_1536_1024.npy,20210504,2021,lidar,0.7488,train,val
20210504_lidar_tile_1536_1152.npy,20210504,2021,lidar,0.5832,train,buffer
20210504_lidar_tile_1920_1280.npy,20210504,2021,lidar,0.421,train,train
20210504_lidar_tile_1920_1408.npy,20210504,2021,lidar,0.5866,train,train
20210504_lidar_tile_1920_1536.npy,20210504,2021,lidar,0.4787,train,train
20210504_lidar_tile_1920_1664.npy,20210504,2021,lidar,0.3818,train,train
20210504_lidar_tile_1920_1792.npy,20210504,2021,lidar,0.3515,train,train
20210504_lidar_tile_1920_1920.npy,20210504,2021,lidar,0.3827,train,train
20210504_lidar_tile_1920_2048.npy,20210504,2021,lidar,0.3145,train,train
20210504_lidar_tile_2048_1024.npy,20210504,2021,lidar,0.3538,train,val
20210504_lidar_tile_2048_1152.npy,20210504,2021,lidar,0.6396,train,buffer
20210504_lidar_tile_2048_1280.npy,20210504,2021,lidar,0.7994,train,train
20210504_lidar_tile_2048_1408.npy,20210504,2021,lidar,0.8593,train,train
20210504_lidar_tile_2048_1536.npy,20210504,2021,lidar,0.6944,train,train
20210504_lidar_tile_2048_1664.npy,20210504,2021,lidar,0.5693,train,train
20210504_lidar_tile_2048_1792.npy,20210504,2021,lidar,0.4966,train,train
20210504_lidar_tile_2048_1920.npy,20210504,2021,lidar,0.398,train,train
20210504_lidar_tile_2048_2048.npy,20210504,2021,lidar,0.3745,train,train
20210504_lidar_tile_2048_2176.npy,20210504,2021,lidar,0.3414,train,train
20210504_lidar_tile_2176_896.npy,20210504,2021,lidar,0.3847,train,val
20210504_lidar_tile_2176_1024.npy,20210504,2021,lidar,0.7658,train,val
20210504_lidar_tile_2176_1152.npy,20210504,2021,lidar,0.918,train,buffer
20210504_lidar_tile_2176_1280.npy,20210504,2021,lidar,0.92,train,train
20210504_lidar_tile_2176_1408.npy,20210504,2021,lidar,0.8869,train,train
20210504_lidar_tile_2176_1536.npy,20210504,2021,lidar,0.7507,train,train
20210504_lidar_tile_2176_1664.npy,20210504,2021,lidar,0.6055,train,train
20210504_lidar_tile_2176_1792.npy,20210504,2021,lidar,0.5813,train,train
20210504_lidar_tile_2176_1920.npy,20210504,2021,lidar,0.5924,train,train
20210504_lidar_tile_2176_2048.npy,20210504,2021,lidar,0.6229,train,train
20210504_lidar_tile_2176_2176.npy,20210504,2021,lidar,0.5664,train,train
20210504_lidar_tile_2304_896.npy,20210504,2021,lidar,0.6816,train,val
20210504_lidar_tile_2304_1024.npy,20210504,2021,lidar,0.9537,train,val
20210504_lidar_tile_2304_1152.npy,20210504,2021,lidar,0.9351,train,buffer
20210504_lidar_tile_2304_1280.npy,20210504,2021,lidar,0.8933,train,train
20210504_lidar_tile_2304_1408.npy,20210504,2021,lidar,0.8074,train,train
20210504_lidar_tile_2304_1536.npy,20210504,2021,lidar,0.7325,train,train
20210504_lidar_tile_2304_1664.npy,20210504,2021,lidar,0.6685,train,train
20210504_lidar_tile_2304_1792.npy,20210504,2021,lidar,0.711,train,train
20210504_lidar_tile_2304_1920.npy,20210504,2021,lidar,0.7732,train,train
20210504_lidar_tile_2304_2048.npy,20210504,2021,lidar,0.7813,train,train
20210504_lidar_tile_2304_2176.npy,20210504,2021,lidar,0.7203,train,train
20210504_lidar_tile_2304_2304.npy,20210504,2021,lidar,0.4936,train,train
20210504_lidar_tile_2432_896.npy,20210504,2021,lidar,0.7709,train,val
20210504_lidar_tile_2432_1024.npy,20210504,2021,lidar,0.978,train,val
20210504_lidar_tile_2432_1152.npy,20210504,2021,lidar,0.9559,train,buffer
20210504_lidar_tile_2432_1280.npy,20210504,2021,lidar,0.8992,train,train
20210504_lidar_tile_2432_1408.npy,20210504,2021,lidar,0.8217,train,train
20210504_lidar_tile_2432_1536.npy,20210504,2021,lidar,0.7937,train,train
20210504_lidar_tile_2432_1664.npy,20210504,2021,lidar,0.8228,train,train
20210504_lidar_tile_2432_1792.npy,20210504,2021,lidar,0.846,train,train
20210504_lidar_tile_2432_1920.npy,20210504,2021,lidar,0.8281,train,train
20210504_lidar_tile_2432_2048.npy,20210504,2021,lidar,0.8365,train,train
20210504_lidar_tile_2432_2176.npy,20210504,2021,lidar,0.8482,train,train
20210504_lidar_tile_2432_2304.npy,20210504,2021,lidar,0.7757,train,train
20210504_lidar_tile_2432_2432.npy,20210504,2021,lidar,0.4061,train,train
20210504_lidar_tile_2560_896.npy,20210504,2021,lidar,0.7465,train,val
20210504_lidar_tile_2560_1024.npy,20210504,2021,lidar,0.9828,train,val
20210504_lidar_tile_2560_1152.npy,20210504,2021,lidar,0.9667,train,buffer
20210504_lidar_tile_2560_1280.npy,20210504,2021,lidar,0.9556,train,train
20210504_lidar_tile_2560_1408.npy,20210504,2021,lidar,0.9303,train,train
20210504_lidar_tile_2560_1536.npy,20210504,2021,lidar,0.8736,train,train
20210504_lidar_tile_2560_1664.npy,20210504,2021,lidar,0.859,train,train
20210504_lidar_tile_2560_1792.npy,20210504,2021,lidar,0.8656,train,train
20210504_lidar_tile_2560_1920.npy,20210504,2021,lidar,0.8987,train,train
20210504_lidar_tile_2560_2048.npy,20210504,2021,lidar,0.9541,train,train
20210504_lidar_tile_2560_2176.npy,20210504,2021,lidar,0.9543,train,train
20210504_lidar_tile_2560_2304.npy,20210504,2021,lidar,0.9023,train,train
20210504_lidar_tile_2560_2432.npy,20210504,2021,lidar,0.4885,train,train
20210504_lidar_tile_2688_896.npy,20210504,2021,lidar,0.5759,train,val
20210504_lidar_tile_2688_1024.npy,20210504,2021,lidar,0.9552,train,val
20210504_lidar_tile_2688_1152.npy,20210504,2021,lidar,0.972,train,buffer
20210504_lidar_tile_2688_1280.npy,20210504,2021,lidar,0.9493,train,train
20210504_lidar_tile_2688_1408.npy,20210504,2021,lidar,0.896,train,train
20210504_lidar_tile_2688_1536.npy,20210504,2021,lidar,0.8621,train,train
20210504_lidar_tile_2688_1664.npy,20210504,2021,lidar,0.8791,train,train
20210504_lidar_tile_2688_1792.npy,20210504,2021,lidar,0.8907,train,train
20210504_lidar_tile_2688_1920.npy,20210504,2021,lidar,0.9254,train,train
20210504_lidar_tile_2688_2048.npy,20210504,2021,lidar,0.9661,train,train
20210504_lidar_tile_2688_2176.npy,20210504,2021,lidar,0.964,train,train
20210504_lidar_tile_2688_2304.npy,20210504,2021,lidar,0.8769,train,train
20210504_lidar_tile_2816_896.npy,20210504,2021,lidar,0.3069,train,val
20210504_lidar_tile_2816_1024.npy,20210504,2021,lidar,0.7757,train,val
20210504_lidar_tile_2816_1152.npy,20210504,2021,lidar,0.9551,train,buffer
20210504_lidar_tile_2816_1280.npy,20210504,2021,lidar,0.9236,train,train
20210504_lidar_tile_2816_1408.npy,20210504,2021,lidar,0.8916,train,train
20210504_lidar_tile_2816_1536.npy,20210504,2021,lidar,0.9018,train,train
20210504_lidar_tile_2816_1664.npy,20210504,2021,lidar,0.9204,train,train
20210504_lidar_tile_2816_1792.npy,20210504,2021,lidar,0.9182,train,train
20210504_lidar_tile_2816_1920.npy,20210504,2021,lidar,0.9359,train,train
20210504_lidar_tile_2944_1024.npy,20210504,2021,lidar,0.3992,train,val
20210504_lidar_tile_2944_1152.npy,20210504,2021,lidar,0.7748,train,buffer
20210504_lidar_tile_2944_1280.npy,20210504,2021,lidar,0.9109,train,train
20210504_lidar_tile_2944_1408.npy,20210504,2021,lidar,0.9038,train,train
20210504_lidar_tile_2944_1536.npy,20210504,2021,lidar,0.8874,train,train
20211216_lidar_tile_128_256.npy,20211216,2021,lidar,0.9163,train,test
20211216_lidar_tile_128_384.npy,20211216,2021,lidar,0.9807,train,test
20211216_lidar_tile_128_512.npy,20211216,2021,lidar,0.9875,train,test
20211216_lidar_tile_128_640.npy,20211216,2021,lidar,0.9945,train,buffer
20211216_lidar_tile_128_768.npy,20211216,2021,lidar,0.998,train,val
20211216_lidar_tile_128_896.npy,20211216,2021,lidar,0.9446,train,val
20211216_lidar_tile_256_256.npy,20211216,2021,lidar,0.991,train,test
20211216_lidar_tile_256_384.npy,20211216,2021,lidar,0.9922,train,test
20211216_lidar_tile_256_512.npy,20211216,2021,lidar,0.9938,train,test
20211216_lidar_tile_256_640.npy,20211216,2021,lidar,0.9956,train,buffer
20211216_lidar_tile_256_768.npy,20211216,2021,lidar,0.9999,train,val
20211216_lidar_tile_256_896.npy,20211216,2021,lidar,0.9958,train,val
20211216_lidar_tile_256_1024.npy,20211216,2021,lidar,0.9939,train,val
20211216_lidar_tile_256_1152.npy,20211216,2021,lidar,0.9852,train,buffer
20211216_lidar_tile_384_128.npy,20211216,2021,lidar,0.9499,train,test
20211216_lidar_tile_384_256.npy,20211216,2021,lidar,0.9923,train,test
20211216_lidar_tile_384_384.npy,20211216,2021,lidar,0.9956,train,test
20211216_lidar_tile_384_512.npy,20211216,2021,lidar,0.9989,train,test
20211216_lidar_tile_384_640.npy,20211216,2021,lidar,0.997,train,buffer
20211216_lidar_tile_384_768.npy,20211216,2021,lidar,0.9976,train,val
20211216_lidar_tile_384_896.npy,20211216,2021,lidar,0.9955,train,val
20211216_lidar_tile_384_1024.npy,20211216,2021,lidar,0.9957,train,val
20211216_lidar_tile_384_1152.npy,20211216,2021,lidar,0.9987,train,buffer
20211216_lidar_tile_384_2304.npy,20211216,2021,lidar,0.9832,train,train
20211216_lidar_tile_384_2432.npy,20211216,2021,lidar,0.9135,train,train
20211216_lidar_tile_512_128.npy,20211216,2021,lidar,0.993,train,test
20211216_lidar_tile_512_256.npy,20211216,2021,lidar,0.9906,train,test
20211216_lidar_tile_512_384.npy,20211216,2021,lidar,0.9944,train,test
20211216_lidar_tile_512_512.npy,20211216,2021,lidar,0.999,train,test
20211216_lidar_tile_512_640.npy,20211216,2021,lidar,0.996,train,buffer
20211216_lidar_tile_512_768.npy,20211216,2021,lidar,0.9967,train,val
20211216_lidar_tile_512_896.npy,20211216,2021,lidar,0.9996,train,val
20211216_lidar_tile_512_1024.npy,20211216,2021,lidar,0.9995,train,val
20211216_lidar_tile_512_1152.npy,20211216,2021,lidar,0.9963,train,buffer
20211216_lidar_tile_512_1280.npy,20211216,2021,lidar,0.9707,train,train
20211216_lidar_tile_512_1408.npy,20211216,2021,lidar,0.9677,train,train
20211216_lidar_tile_512_1536.npy,20211216,2021,lidar,0.9932,train,train
20211216_lidar_tile_512_1664.npy,20211216,2021,lidar,0.9854,train,train
20211216_lidar_tile_512_1792.npy,20211216,2021,lidar,0.9522,train,train
20211216_lidar_tile_512_1920.npy,20211216,2021,lidar,0.9656,train,train
20211216_lidar_tile_512_2048.npy,20211216,2021,lidar,0.9965,train,train
20211216_lidar_tile_512_2176.npy,20211216,2021,lidar,0.9882,train,train
20211216_lidar_tile_512_2304.npy,20211216,2021,lidar,0.9823,train,train
20211216_lidar_tile_512_2432.npy,20211216,2021,lidar,0.9811,train,train
20211216_lidar_tile_512_2560.npy,20211216,2021,lidar,0.9843,train,train
20211216_lidar_tile_512_2688.npy,20211216,2021,lidar,0.9692,train,train
20211216_lidar_tile_512_2816.npy,20211216,2021,lidar,0.9026,train,train
20211216_lidar_tile_640_128.npy,20211216,2021,lidar,0.9954,train,test
20211216_lidar_tile_640_256.npy,20211216,2021,lidar,0.9918,train,test
20211216_lidar_tile_640_384.npy,20211216,2021,lidar,0.995,train,test
20211216_lidar_tile_640_512.npy,20211216,2021,lidar,0.9996,train,test
20211216_lidar_tile_640_640.npy,20211216,2021,lidar,0.9977,train,buffer
20211216_lidar_tile_640_768.npy,20211216,2021,lidar,0.9981,train,val
20211216_lidar_tile_640_896.npy,20211216,2021,lidar,1.0,train,val
20211216_lidar_tile_640_1024.npy,20211216,2021,lidar,0.9988,train,val
20211216_lidar_tile_640_1152.npy,20211216,2021,lidar,0.995,train,buffer
20211216_lidar_tile_640_1280.npy,20211216,2021,lidar,0.993,train,train
20211216_lidar_tile_640_1408.npy,20211216,2021,lidar,0.9869,train,train
20211216_lidar_tile_640_1536.npy,20211216,2021,lidar,0.9898,train,train
20211216_lidar_tile_640_1664.npy,20211216,2021,lidar,0.9998,train,train
20211216_lidar_tile_640_1792.npy,20211216,2021,lidar,0.9998,train,train
20211216_lidar_tile_640_1920.npy,20211216,2021,lidar,0.9974,train,train
20211216_lidar_tile_640_2048.npy,20211216,2021,lidar,0.986,train,train
20211216_lidar_tile_640_2176.npy,20211216,2021,lidar,0.979,train,train
20211216_lidar_tile_640_2304.npy,20211216,2021,lidar,0.9837,train,train
20211216_lidar_tile_640_2432.npy,20211216,2021,lidar,0.9922,train,train
20211216_lidar_tile_640_2560.npy,20211216,2021,lidar,0.9989,train,train
20211216_lidar_tile_640_2688.npy,20211216,2021,lidar,0.8251,train,train
20211216_lidar_tile_640_2816.npy,20211216,2021,lidar,0.6571,train,train
20211216_lidar_tile_640_2944.npy,20211216,2021,lidar,0.7808,train,train
20211216_lidar_tile_768_128.npy,20211216,2021,lidar,0.971,train,test
20211216_lidar_tile_768_256.npy,20211216,2021,lidar,0.9943,train,test
20211216_lidar_tile_768_384.npy,20211216,2021,lidar,0.9959,train,test
20211216_lidar_tile_768_512.npy,20211216,2021,lidar,0.9986,train,test
20211216_lidar_tile_768_640.npy,20211216,2021,lidar,0.999,train,buffer
20211216_lidar_tile_768_768.npy,20211216,2021,lidar,0.9989,train,val
20211216_lidar_tile_768_896.npy,20211216,2021,lidar,1.0,train,val
20211216_lidar_tile_768_1024.npy,20211216,2021,lidar,0.9992,train,val
20211216_lidar_tile_768_1152.npy,20211216,2021,lidar,0.9968,train,buffer
20211216_lidar_tile_768_1280.npy,20211216,2021,lidar,0.9949,train,train
20211216_lidar_tile_768_1408.npy,20211216,2021,lidar,0.9873,train,train
20211216_lidar_tile_768_1536.npy,20211216,2021,lidar,0.988,train,train
20211216_lidar_tile_768_1664.npy,20211216,2021,lidar,0.9977,train,train
20211216_lidar_tile_768_1792.npy,20211216,2021,lidar,0.9994,train,train
20211216_lidar_tile_768_1920.npy,20211216,2021,lidar,0.9726,train,train
20211216_lidar_tile_768_2048.npy,20211216,2021,lidar,0.9413,train,train
20211216_lidar_tile_768_2176.npy,20211216,2021,lidar,0.9666,train,train
20211216_lidar_tile_768_2304.npy,20211216,2021,lidar,0.9968,train,train
20211216_lidar_tile_768_2432.npy,20211216,2021,lidar,0.9954,train,train
20211216_lidar_tile_768_2560.npy,20211216,2021,lidar,0.9805,train,train
20211216_lidar_tile_768_2688.npy,20211216,2021,lidar,0.6162,train,train
20211216_lidar_tile_768_2816.npy,20211216,2021,lidar,0.4697,train,train
20211216_lidar_tile_768_2944.npy,20211216,2021,lidar,0.7233,train,train
20211216_lidar_tile_768_3072.npy,20211216,2021,lidar,0.8778,train,train
20211216_lidar_tile_896_128.npy,20211216,2021,lidar,0.8663,train,test
20211216_lidar_tile_896_256.npy,20211216,2021,lidar,0.9497,train,test
20211216_lidar_tile_896_384.npy,20211216,2021,lidar,0.9661,train,test
20211216_lidar_tile_896_512.npy,20211216,2021,lidar,0.9963,train,test
20211216_lidar_tile_896_640.npy,20211216,2021,lidar,0.998,train,buffer
20211216_lidar_tile_896_768.npy,20211216,2021,lidar,0.9995,train,val
20211216_lidar_tile_896_896.npy,20211216,2021,lidar,0.9996,train,val
20211216_lidar_tile_896_1024.npy,20211216,2021,lidar,0.9998,train,val
20211216_lidar_tile_896_1152.npy,20211216,2021,lidar,0.9978,train,buffer
20211216_lidar_tile_896_1280.npy,20211216,2021,lidar,0.9958,train,train
20211216_lidar_tile_896_1408.npy,20211216,2021,lidar,0.9963,train,train
20211216_lidar_tile_896_1536.npy,20211216,2021,lidar,0.9962,train,train
20211216_lidar_tile_896_1664.npy,20211216,2021,lidar,0.9969,train,train
20211216_lidar_tile_896_1792.npy,20211216,2021,lidar,0.996,train,train
20211216_lidar_tile_896_1920.npy,20211216,2021,lidar,0.9332,train,train
20211216_lidar_tile_896_2176.npy,20211216,2021,lidar,0.9658,train,train
20211216_lidar_tile_896_2304.npy,20211216,2021,lidar,0.9976,train,train
20211216_lidar_tile_896_2432.npy,20211216,2021,lidar,0.987,train,train
20211216_lidar_tile_896_2560.npy,20211216,2021,lidar,0.879,train,train
20211216_lidar_tile_896_2688.npy,20211216,2021,lidar,0.6616,train,train
20211216_lidar_tile_896_2816.npy,20211216,2021,lidar,0.7167,train,train
20211216_lidar_tile_896_2944.npy,20211216,2021,lidar,0.8669,train,train
20211216_lidar_tile_896_3072.npy,20211216,2021,lidar,0.9168,train,train
20211216_lidar_tile_896_3200.npy,20211216,2021,lidar,0.9789,train,train
20211216_lidar_tile_1024_128.npy,20211216,2021,lidar,0.6539,train,test
20211216_lidar_tile_1024_256.npy,20211216,2021,lidar,0.7484,train,test
20211216_lidar_tile_1024_384.npy,20211216,2021,lidar,0.8889,train,test
20211216_lidar_tile_1024_512.npy,20211216,2021,lidar,0.9693,train,test
20211216_lidar_tile_1024_640.npy,20211216,2021,lidar,0.9971,train,buffer
20211216_lidar_tile_1024_768.npy,20211216,2021,lidar,0.9983,train,val
20211216_lidar_tile_1024_896.npy,20211216,2021,lidar,0.9984,train,val
20211216_lidar_tile_1024_1024.npy,20211216,2021,lidar,0.999,train,val
20211216_lidar_tile_1024_1152.npy,20211216,2021,lidar,0.9983,train,buffer
20211216_lidar_tile_1024_1280.npy,20211216,2021,lidar,0.9964,train,train
20211216_lidar_tile_1024_1408.npy,20211216,2021,lidar,0.9944,train,train
20211216_lidar_tile_1024_1536.npy,20211216,2021,lidar,0.9968,train,train
20211216_lidar_tile_1024_1664.npy,20211216,2021,lidar,0.9972,train,train
20211216_lidar_tile_1024_1792.npy,20211216,2021,lidar,0.9943,train,train
20211216_lidar_tile_1024_1920.npy,20211216,2021,lidar,0.9569,train,train
20211216_lidar_tile_1024_2048.npy,20211216,2021,lidar,0.9456,train,train
20211216_lidar_tile_1024_2176.npy,20211216,2021,lidar,0.9814,train,train
20211216_lidar_tile_1024_2304.npy,20211216,2021,lidar,0.995,train,train
20211216_lidar_tile_1024_2432.npy,20211216,2021,lidar,0.976,train,train
20211216_lidar_tile_1024_2560.npy,20211216,2021,lidar,0.8041,train,train
20211216_lidar_tile_1024_2688.npy,20211216,2021,lidar,0.7982,train,train
20211216_lidar_tile_1024_2816.npy,20211216,2021,lidar,0.9587,train,train
20211216_lidar_tile_1024_2944.npy,20211216,2021,lidar,0.9747,train,train
20211216_lidar_tile_1024_3072.npy,20211216,2021,lidar,0.9651,train,train
20211216_lidar_tile_1024_3200.npy,20211216,2021,lidar,0.9492,train,train
20211216_lidar_tile_1152_256.npy,20211216,2021,lidar,0.7341,train,test
20211216_lidar_tile_1152_384.npy,20211216,2021,lidar,0.8301,train,test
20211216_lidar_tile_1152_512.npy,20211216,2021,lidar,0.9124,train,test
20211216_lidar_tile_1152_640.npy,20211216,2021,lidar,0.9984,train,buffer
20211216_lidar_tile_1152_768.npy,20211216,2021,lidar,0.9984,train,val
20211216_lidar_tile_1152_896.npy,20211216,2021,lidar,0.9984,train,val
20211216_lidar_tile_1152_1024.npy,20211216,2021,lidar,0.999,train,val
20211216_lidar_tile_1152_1152.npy,20211216,2021,lidar,0.9928,train,buffer
20211216_lidar_tile_1152_1280.npy,20211216,2021,lidar,0.9917,train,train
20211216_lidar_tile_1152_1408.npy,20211216,2021,lidar,0.9951,train,train
20211216_lidar_tile_1152_1536.npy,20211216,2021,lidar,0.9968,train,train
20211216_lidar_tile_1152_1664.npy,20211216,2021,lidar,0.9973,train,train
20211216_lidar_tile_1152_1792.npy,20211216,2021,lidar,0.9962,train,train
20211216_lidar_tile_1152_1920.npy,20211216,2021,lidar,0.9725,train,train
20211216_lidar_tile_1152_2048.npy,20211216,2021,lidar,0.964,train,train
20211216_lidar_tile_1152_2176.npy,20211216,2021,lidar,0.9758,train,train
20211216_lidar_tile_1152_2304.npy,20211216,2021,lidar,0.9853,train,train
20211216_lidar_tile_1152_2432.npy,20211216,2021,lidar,0.9456,train,train
20211216_lidar_tile_1152_2560.npy,20211216,2021,lidar,0.8591,train,train
20211216_lidar_tile_1152_2688.npy,20211216,2021,lidar,0.9131,train,train
20211216_lidar_tile_1152_2816.npy,20211216,2021,lidar,0.9975,train,train
20211216_lidar_tile_1152_2944.npy,20211216,2021,lidar,0.9198,train,train
20211216_lidar_tile_1152_3072.npy,20211216,2021,lidar,0.8318,train,train
20211216_lidar_tile_1280_384.npy,20211216,2021,lidar,0.8306,train,test
20211216_lidar_tile_1280_512.npy,20211216,2021,lidar,0.9165,train,test
20211216_lidar_tile_1280_640.npy,20211216,2021,lidar,0.9892,train,buffer
20211216_lidar_tile_1280_768.npy,20211216,2021,lidar,0.9843,train,val
20211216_lidar_tile_1280_896.npy,20211216,2021,lidar,0.9835,train,val
20211216_lidar_tile_1280_1024.npy,20211216,2021,lidar,0.9956,train,val
20211216_lidar_tile_1280_1152.npy,20211216,2021,lidar,0.9939,train,buffer
20211216_lidar_tile_1280_1280.npy,20211216,2021,lidar,0.9926,train,train
20211216_lidar_tile_1280_1408.npy,20211216,2021,lidar,0.998,train,train
20211216_lidar_tile_1280_1536.npy,20211216,2021,lidar,0.9991,train,train
20211216_lidar_tile_1280_1664.npy,20211216,2021,lidar,0.9991,train,train
20211216_lidar_tile_1280_1792.npy,20211216,2021,lidar,0.9981,train,train
20211216_lidar_tile_1280_1920.npy,20211216,2021,lidar,0.9682,train,train
20211216_lidar_tile_1280_2048.npy,20211216,2021,lidar,0.9594,train,train
20211216_lidar_tile_1280_2176.npy,20211216,2021,lidar,0.9752,train,train
20211216_lidar_tile_1280_2304.npy,20211216,2021,lidar,0.9777,train,train
20211216_lidar_tile_1280_2432.npy,20211216,2021,lidar,0.9297,train,train
20211216_lidar_tile_1280_2560.npy,20211216,2021,lidar,0.9066,train,train
20211216_lidar_tile_1280_2688.npy,20211216,2021,lidar,0.9668,train,train
20211216_lidar_tile_1280_2816.npy,20211216,2021,lidar,0.9322,train,train
20211216_lidar_tile_1280_2944.npy,20211216,2021,lidar,0.8145,train,train
20211216_lidar_tile_1280_3072.npy,20211216,2021,lidar,0.7874,train,train
20211216_lidar_tile_1408_768.npy,20211216,2021,lidar,0.949,train,val
20211216_lidar_tile_1408_896.npy,20211216,2021,lidar,0.9423,train,val
20211216_lidar_tile_1408_1024.npy,20211216,2021,lidar,0.9749,train,val
20211216_lidar_tile_1408_1152.npy,20211216,2021,lidar,0.9985,train,buffer
20211216_lidar_tile_1408_1280.npy,20211216,2021,lidar,0.9987,train,train
20211216_lidar_tile_1408_1408.npy,20211216,2021,lidar,0.9992,train,train
20211216_lidar_tile_1408_1536.npy,20211216,2021,lidar,0.9835,train,train
20211216_lidar_tile_1408_1664.npy,20211216,2021,lidar,0.9837,train,train
20211216_lidar_tile_1408_1792.npy,20211216,2021,lidar,1.0,train,train
20211216_lidar_tile_1408_1920.npy,20211216,2021,lidar,0.994,train,train
20211216_lidar_tile_1408_2048.npy,20211216,2021,lidar,0.9881,train,train
20211216_lidar_tile_1408_2176.npy,20211216,2021,lidar,0.9894,train,train
20211216_lidar_tile_1408_2304.npy,20211216,2021,lidar,0.9697,train,train
20211216_lidar_tile_1408_2432.npy,20211216,2021,lidar,0.9462,train,train
20211216_lidar_tile_1408_2560.npy,20211216,2021,lidar,0.9395,train,train
20211216_lidar_tile_1408_2688.npy,20211216,2021,lidar,0.9179,train,train
20211216_lidar_tile_1408_2816.npy,20211216,2021,lidar,0.8691,train,train
20211216_lidar_tile_1408_2944.npy,20211216,2021,lidar,0.8709,train,train
20211216_lidar_tile_1408_3072.npy,20211216,2021,lidar,0.83,train,train
20211216_lidar_tile_1536_768.npy,20211216,2021,lidar,0.923,train,val
20211216_lidar_tile_1536_896.npy,20211216,2021,lidar,0.9558,train,val
20211216_lidar_tile_1536_1024.npy,20211216,2021,lidar,0.9792,train,val
20211216_lidar_tile_1536_1152.npy,20211216,2021,lidar,0.9981,train,buffer
20211216_lidar_tile_1536_1280.npy,20211216,2021,lidar,0.9984,train,train
20211216_lidar_tile_1536_1408.npy,20211216,2021,lidar,0.9991,train,train
20211216_lidar_tile_1536_1536.npy,20211216,2021,lidar,0.9802,train,train
20211216_lidar_tile_1536_1664.npy,20211216,2021,lidar,0.9805,train,train
20211216_lidar_tile_1536_1792.npy,20211216,2021,lidar,0.9991,train,train
20211216_lidar_tile_1536_1920.npy,20211216,2021,lidar,0.9989,train,train
20211216_lidar_tile_1536_2048.npy,20211216,2021,lidar,0.9966,train,train
20211216_lidar_tile_1536_2176.npy,20211216,2021,lidar,0.9749,train,train
20211216_lidar_tile_1536_2304.npy,20211216,2021,lidar,0.9526,train,train
20211216_lidar_tile_1536_2432.npy,20211216,2021,lidar,0.9571,train,train
20211216_lidar_tile_1536_2560.npy,20211216,2021,lidar,0.9467,train,train
20211216_lidar_tile_1536_2688.npy,20211216,2021,lidar,0.8939,train,train
20211216_lidar_tile_1536_2816.npy,20211216,2021,lidar,0.9106,train,train
20211216_lidar_tile_1536_2944.npy,20211216,2021,lidar,0.9788,train,train
20211216_lidar_tile_1536_3072.npy,20211216,2021,lidar,0.705,train,train
20211216_lidar_tile_1664_768.npy,20211216,2021,lidar,0.9523,train,val
20211216_lidar_tile_1664_896.npy,20211216,2021,lidar,0.9954,train,val
20211216_lidar_tile_1664_1024.npy,20211216,2021,lidar,0.9999,train,val
20211216_lidar_tile_1664_1152.npy,20211216,2021,lidar,0.9992,train,buffer
20211216_lidar_tile_1664_1280.npy,20211216,2021,lidar,0.9992,train,train
20211216_lidar_tile_1664_1408.npy,20211216,2021,lidar,0.9945,train,train
20211216_lidar_tile_1664_1536.npy,20211216,2021,lidar,0.9894,train,train
20211216_lidar_tile_1664_1664.npy,20211216,2021,lidar,0.991,train,train
20211216_lidar_tile_1664_1792.npy,20211216,2021,lidar,0.9955,train,train
20211216_lidar_tile_1664_1920.npy,20211216,2021,lidar,0.9957,train,train
20211216_lidar_tile_1664_2048.npy,20211216,2021,lidar,0.9829,train,train
20211216_lidar_tile_1664_2176.npy,20211216,2021,lidar,0.9638,train,train
20211216_lidar_tile_1664_2304.npy,20211216,2021,lidar,0.97,train,train
20211216_lidar_tile_1664_2432.npy,20211216,2021,lidar,0.9744,train,train
20211216_lidar_tile_1664_2560.npy,20211216,2021,lidar,0.9231,train,train
20211216_lidar_tile_1664_2688.npy,20211216,2021,lidar,0.9097,train,train
20211216_lidar_tile_1664_2816.npy,20211216,2021,lidar,0.9656,train,train
20211216_lidar_tile_1664_2944.npy,20211216,2021,lidar,0.9123,train,train
20211216_lidar_tile_1792_768.npy,20211216,2021,lidar,0.973,train,val
20211216_lidar_tile_1792_896.npy,20211216,2021,lidar,0.9969,train,val
20211216_lidar_tile_1792_1024.npy,20211216,2021,lidar,0.9999,train,val
20211216_lidar_tile_1792_1152.npy,20211216,2021,lidar,0.9997,train,buffer
20211216_lidar_tile_1792_1280.npy,20211216,2021,lidar,0.9997,train,train
20211216_lidar_tile_1792_1408.npy,20211216,2021,lidar,0.9907,train,train
20211216_lidar_tile_1792_1536.npy,20211216,2021,lidar,0.9784,train,train
20211216_lidar_tile_1792_1664.npy,20211216,2021,lidar,0.9757,train,train
20211216_lidar_tile_1792_1792.npy,20211216,2021,lidar,0.9841,train,train
20211216_lidar_tile_1792_1920.npy,20211216,2021,lidar,0.9919,train,train
20211216_lidar_tile_1792_2048.npy,20211216,2021,lidar,0.9722,train,train
20211216_lidar_tile_1792_2176.npy,20211216,2021,lidar,0.9715,train,train
20211216_lidar_tile_1792_2304.npy,20211216,2021,lidar,0.9914,train,train
20211216_lidar_tile_1792_2432.npy,20211216,2021,lidar,0.9904,train,train
20211216_lidar_tile_1792_2560.npy,20211216,2021,lidar,0.9477,train,train
20211216_lidar_tile_1792_2688.npy,20211216,2021,lidar,0.832,train,train
20211216_lidar_tile_1792_2816.npy,20211216,2021,lidar,0.8382,train,train
20211216_lidar_tile_1792_2944.npy,20211216,2021,lidar,0.6293,train,train
20211216_lidar_tile_1920_768.npy,20211216,2021,lidar,0.9405,train,val
20211216_lidar_tile_1920_896.npy,20211216,2021,lidar,0.9949,train,val
20211216_lidar_tile_1920_1024.npy,20211216,2021,lidar,0.9985,train,val
20211216_lidar_tile_1920_1152.npy,20211216,2021,lidar,0.9957,train,buffer
20211216_lidar_tile_1920_1280.npy,20211216,2021,lidar,0.9969,train,train
20211216_lidar_tile_1920_1408.npy,20211216,2021,lidar,0.9923,train,train
20211216_lidar_tile_1920_1536.npy,20211216,2021,lidar,0.9655,train,train
20211216_lidar_tile_1920_1664.npy,20211216,2021,lidar,0.9447,train,train
20211216_lidar_tile_1920_1792.npy,20211216,2021,lidar,0.9618,train,train
20211216_lidar_tile_1920_1920.npy,20211216,2021,lidar,0.9873,train,train
20211216_lidar_tile_1920_2048.npy,20211216,2021,lidar,0.9697,train,train
20211216_lidar_tile_1920_2176.npy,20211216,2021,lidar,0.9644,train,train
20211216_lidar_tile_1920_2304.npy,20211216,2021,lidar,0.9879,train,train
20211216_lidar_tile_1920_2432.npy,20211216,2021,lidar,0.9836,train,train
20211216_lidar_tile_1920_2560.npy,20211216,2021,lidar,0.9642,train,train
20211216_lidar_tile_1920_2688.npy,20211216,2021,lidar,0.6832,train,train
20211216_lidar_tile_1920_2816.npy,20211216,2021,lidar,0.4764,train,train
20211216_lidar_tile_2048_768.npy,20211216,2021,lidar,0.8265,train,val
20211216_lidar_tile_2048_896.npy,20211216,2021,lidar,0.9811,train,val
20211216_lidar_tile_2048_1024.npy,20211216,2021,lidar,0.9829,train,val
20211216_lidar_tile_2048_1152.npy,20211216,2021,lidar,0.9922,train,buffer
20211216_lidar_tile_2048_1280.npy,20211216,2021,lidar,0.9888,train,train
20211216_lidar_tile_2048_1408.npy,20211216,2021,lidar,0.9836,train,train
20211216_lidar_tile_2048_1536.npy,20211216,2021,lidar,0.9612,train,train
20211216_lidar_tile_2048_1664.npy,20211216,2021,lidar,0.9448,train,train
20211216_lidar_tile_2048_1792.npy,20211216,2021,lidar,0.9636,train,train
20211216_lidar_tile_2048_1920.npy,20211216,2021,lidar,0.9858,train,train
20211216_lidar_tile_2048_2048.npy,20211216,2021,lidar,0.9779,train,train
20211216_lidar_tile_2048_2176.npy,20211216,2021,lidar,0.9748,train,train
20211216_lidar_tile_2048_2304.npy,20211216,2021,lidar,0.9465,train,train
20211216_lidar_tile_2048_2432.npy,20211216,2021,lidar,0.8844,train,train
20211216_lidar_tile_2048_2560.npy,20211216,2021,lidar,0.8101,train,train
20211216_lidar_tile_2048_2688.npy,20211216,2021,lidar,0.476,train,train
20211216_lidar_tile_2176_768.npy,20211216,2021,lidar,0.6869,train,val
20211216_lidar_tile_2176_896.npy,20211216,2021,lidar,0.9706,train,val
20211216_lidar_tile_2176_1024.npy,20211216,2021,lidar,0.9772,train,val
20211216_lidar_tile_2176_1152.npy,20211216,2021,lidar,0.9901,train,buffer
20211216_lidar_tile_2176_1280.npy,20211216,2021,lidar,0.9765,train,train
20211216_lidar_tile_2176_1408.npy,20211216,2021,lidar,0.9734,train,train
20211216_lidar_tile_2176_1536.npy,20211216,2021,lidar,0.9746,train,train
20211216_lidar_tile_2176_1664.npy,20211216,2021,lidar,0.9731,train,train
20211216_lidar_tile_2176_1792.npy,20211216,2021,lidar,0.9811,train,train
20211216_lidar_tile_2176_1920.npy,20211216,2021,lidar,0.9828,train,train
20211216_lidar_tile_2176_2048.npy,20211216,2021,lidar,0.9888,train,train
20211216_lidar_tile_2176_2176.npy,20211216,2021,lidar,0.9827,train,train
20211216_lidar_tile_2176_2304.npy,20211216,2021,lidar,0.8601,train,train
20211216_lidar_tile_2176_2432.npy,20211216,2021,lidar,0.6847,train,train
20211216_lidar_tile_2176_2560.npy,20211216,2021,lidar,0.5302,train,train
20211216_lidar_tile_2304_896.npy,20211216,2021,lidar,0.9725,train,val
20211216_lidar_tile_2304_1024.npy,20211216,2021,lidar,0.9736,train,val
20211216_lidar_tile_2304_1152.npy,20211216,2021,lidar,0.9681,train,buffer
20211216_lidar_tile_2304_1280.npy,20211216,2021,lidar,0.9738,train,train
20211216_lidar_tile_2304_1408.npy,20211216,2021,lidar,0.9791,train,train
20211216_lidar_tile_2304_1536.npy,20211216,2021,lidar,0.9871,train,train
20211216_lidar_tile_2304_1664.npy,20211216,2021,lidar,0.9882,train,train
20211216_lidar_tile_2304_1792.npy,20211216,2021,lidar,0.9884,train,train
20211216_lidar_tile_2304_1920.npy,20211216,2021,lidar,0.9878,train,train
20211216_lidar_tile_2304_2048.npy,20211216,2021,lidar,0.9903,train,train
20211216_lidar_tile_2304_2176.npy,20211216,2021,lidar,0.9522,train,train
20211216_lidar_tile_2304_2304.npy,20211216,2021,lidar,0.8149,train,train
20211216_lidar_tile_2304_2432.npy,20211216,2021,lidar,0.4839,train,train
20211216_lidar_tile_2432_768.npy,20211216,2021,lidar,0.4479,train,val
20211216_lidar_tile_2432_896.npy,20211216,2021,lidar,0.8897,train,val
20211216_lidar_tile_2432_1024.npy,20211216,2021,lidar,0.9545,train,val
20211216_lidar_tile_2432_1152.npy,20211216,2021,lidar,0.9637,train,buffer
20211216_lidar_tile_2432_1280.npy,20211216,2021,lidar,0.9839,train,train
20211216_lidar_tile_2432_1408.npy,20211216,2021,lidar,0.985,train,train
20211216_lidar_tile_2432_1536.npy,20211216,2021,lidar,0.9875,train,train
20211216_lidar_tile_2432_1664.npy,20211216,2021,lidar,0.9952,train,train
20211216_lidar_tile_2432_1792.npy,20211216,2021,lidar,0.9962,train,train
20211216_lidar_tile_2432_1920.npy,20211216,2021,lidar,0.9987,train,train
20211216_lidar_tile_2432_2048.npy,20211216,2021,lidar,0.9792,train,train
20211216_lidar_tile_2432_2176.npy,20211216,2021,lidar,0.9349,train,train
20211216_lidar_tile_2432_2304.npy,20211216,2021,lidar,0.8394,train,train
20211216_lidar_tile_2432_2432.npy,20211216,2021,lidar,0.3911,train,train
20211216_lidar_tile_2560_896.npy,20211216,2021,lidar,0.6847,train,val
20211216_lidar_tile_2560_1024.npy,20211216,2021,lidar,0.9648,train,val
20211216_lidar_tile_2560_1152.npy,20211216,2021,lidar,0.9803,train,buffer
20211216_lidar_tile_2560_1280.npy,20211216,2021,lidar,0.9882,train,train
20211216_lidar_tile_2560_1408.npy,20211216,2021,lidar,0.9884,train,train
20211216_lidar_tile_2560_1536.npy,20211216,2021,lidar,0.9903,train,train
20211216_lidar_tile_2560_1664.npy,20211216,2021,lidar,0.9973,train,train
20211216_lidar_tile_2560_1792.npy,20211216,2021,lidar,0.9975,train,train
20211216_lidar_tile_2560_1920.npy,20211216,2021,lidar,0.9856,train,train
20211216_lidar_tile_2560_2048.npy,20211216,2021,lidar,0.9541,train,train
20211216_lidar_tile_2560_2176.npy,20211216,2021,lidar,0.9397,train,train
20211216_lidar_tile_2560_2304.npy,20211216,2021,lidar,0.8649,train,train
20211216_lidar_tile_2560_2432.npy,20211216,2021,lidar,0.3916,train,train
20211216_lidar_tile_2688_896.npy,20211216,2021,lidar,0.448,train,val
20211216_lidar_tile_2688_1024.npy,20211216,2021,lidar,0.9012,train,val
20211216_lidar_tile_2688_1152.npy,20211216,2021,lidar,0.9795,train,buffer
20211216_lidar_tile_2688_1280.npy,20211216,2021,lidar,0.9734,train,train
20211216_lidar_tile_2688_1408.npy,20211216,2021,lidar,0.9619,train,train
20211216_lidar_tile_2688_1536.npy,20211216,2021,lidar,0.9731,train,train
20211216_lidar_tile_2688_1664.npy,20211216,2021,lidar,0.9893,train,train
20211216_lidar_tile_2688_1792.npy,20211216,2021,lidar,0.9849,train,train
20211216_lidar_tile_2688_1920.npy,20211216,2021,lidar,0.9733,train,train
20211216_lidar_tile_2688_2048.npy,20211216,2021,lidar,0.9605,train,train
20211216_lidar_tile_2688_2176.npy,20211216,2021,lidar,0.9633,train,train
20211216_lidar_tile_2688_2304.npy,20211216,2021,lidar,0.8029,train,train
20211216_lidar_tile_2816_1024.npy,20211216,2021,lidar,0.6131,train,val
20211216_lidar_tile_2816_1152.npy,20211216,2021,lidar,0.9314,train,buffer
20211216_lidar_tile_2816_1280.npy,20211216,2021,lidar,0.9648,train,train
20211216_lidar_tile_2816_1408.npy,20211216,2021,lidar,0.9514,train,train
20211216_lidar_tile_2816_1536.npy,20211216,2021,lidar,0.967,train,train
20211216_lidar_tile_2816_1664.npy,20211216,2021,lidar,0.9828,train,train
20211216_lidar_tile_2816_1792.npy,20211216,2021,lidar,0.9707,train,train
20211216_lidar_tile_2816_1920.npy,20211216,2021,lidar,0.9548,train,train
20211216_lidar_tile_2944_1152.npy,20211216,2021,lidar,0.6453,train,buffer
20211216_lidar_tile_2944_1280.npy,20211216,2021,lidar,0.8992,train,train
20211216_lidar_tile_2944_1408.npy,20211216,2021,lidar,0.9323,train,train
20211216_lidar_tile_2944_1536.npy,20211216,2021,lidar,0.913,train,train
20220112_lidar_tile_128_256.npy,20220112,2022,lidar,0.5327,train,test
20220112_lidar_tile_128_384.npy,20220112,2022,lidar,0.8613,train,test
20220112_lidar_tile_128_512.npy,20220112,2022,lidar,0.8713,train,test
20220112_lidar_tile_128_640.npy,20220112,2022,lidar,0.9271,train,buffer
20220112_lidar_tile_128_768.npy,20220112,2022,lidar,0.9761,train,val
20220112_lidar_tile_128_896.npy,20220112,2022,lidar,0.8807,train,val
20220112_lidar_tile_256_256.npy,20220112,2022,lidar,0.8038,train,test
20220112_lidar_tile_256_384.npy,20220112,2022,lidar,0.9267,train,test
20220112_lidar_tile_256_512.npy,20220112,2022,lidar,0.8784,train,test
20220112_lidar_tile_256_640.npy,20220112,2022,lidar,0.9078,train,buffer
20220112_lidar_tile_256_768.npy,20220112,2022,lidar,0.966,train,val
20220112_lidar_tile_256_896.npy,20220112,2022,lidar,0.7615,train,val
20220112_lidar_tile_256_1024.npy,20220112,2022,lidar,0.6115,train,val
20220112_lidar_tile_256_1152.npy,20220112,2022,lidar,0.4592,train,buffer
20220112_lidar_tile_384_128.npy,20220112,2022,lidar,0.7876,train,test
20220112_lidar_tile_384_256.npy,20220112,2022,lidar,0.9589,train,test
20220112_lidar_tile_384_384.npy,20220112,2022,lidar,0.9718,train,test
20220112_lidar_tile_384_512.npy,20220112,2022,lidar,0.9715,train,test
20220112_lidar_tile_384_640.npy,20220112,2022,lidar,0.971,train,buffer
20220112_lidar_tile_384_768.npy,20220112,2022,lidar,0.976,train,val
20220112_lidar_tile_384_896.npy,20220112,2022,lidar,0.7164,train,val
20220112_lidar_tile_384_1024.npy,20220112,2022,lidar,0.3594,train,val
20220112_lidar_tile_384_1152.npy,20220112,2022,lidar,0.4095,train,buffer
20220112_lidar_tile_384_2304.npy,20220112,2022,lidar,0.8793,train,train
20220112_lidar_tile_512_128.npy,20220112,2022,lidar,0.9451,train,test
20220112_lidar_tile_512_256.npy,20220112,2022,lidar,0.9835,train,test
20220112_lidar_tile_512_384.npy,20220112,2022,lidar,0.9874,train,test
20220112_lidar_tile_512_512.npy,20220112,2022,lidar,0.9922,train,test
20220112_lidar_tile_512_640.npy,20220112,2022,lidar,0.9908,train,buffer
20220112_lidar_tile_512_768.npy,20220112,2022,lidar,0.9939,train,val
20220112_lidar_tile_512_896.npy,20220112,2022,lidar,0.906,train,val
20220112_lidar_tile_512_1024.npy,20220112,2022,lidar,0.6356,train,val
20220112_lidar_tile_512_1152.npy,20220112,2022,lidar,0.6079,train,buffer
20220112_lidar_tile_512_1280.npy,20220112,2022,lidar,0.7507,train,train
20220112_lidar_tile_512_1408.npy,20220112,2022,lidar,0.7646,train,train
20220112_lidar_tile_512_1536.npy,20220112,2022,lidar,0.8132,train,train
20220112_lidar_tile_512_1664.npy,20220112,2022,lidar,0.8592,train,train
20220112_lidar_tile_512_1792.npy,20220112,2022,lidar,0.8837,train,train
20220112_lidar_tile_512_1920.npy,20220112,2022,lidar,0.9405,train,train
20220112_lidar_tile_512_2048.npy,20220112,2022,lidar,0.9963,train,train
20220112_lidar_tile_512_2176.npy,20220112,2022,lidar,0.9956,train,train
20220112_lidar_tile_512_2304.npy,20220112,2022,lidar,0.9903,train,train
20220112_lidar_tile_512_2432.npy,20220112,2022,lidar,0.9836,train,train
20220112_lidar_tile_512_2560.npy,20220112,2022,lidar,0.9879,train,train
20220112_lidar_tile_512_2688.npy,20220112,2022,lidar,0.9662,train,train
20220112_lidar_tile_512_2816.npy,20220112,2022,lidar,0.9103,train,train
20220112_lidar_tile_640_128.npy,20220112,2022,lidar,0.9518,train,test
20220112_lidar_tile_640_256.npy,20220112,2022,lidar,0.9879,train,test
20220112_lidar_tile_640_384.npy,20220112,2022,lidar,0.9903,train,test
20220112_lidar_tile_640_512.npy,20220112,2022,lidar,0.994,train,test
20220112_lidar_tile_640_640.npy,20220112,2022,lidar,0.9937,train,buffer
20220112_lidar_tile_640_768.npy,20220112,2022,lidar,0.9958,train,val
20220112_lidar_tile_640_896.npy,20220112,2022,lidar,0.9983,train,val
20220112_lidar_tile_640_1024.npy,20220112,2022,lidar,0.9437,train,val
20220112_lidar_tile_640_1152.npy,20220112,2022,lidar,0.8673,train,buffer
20220112_lidar_tile_640_1280.npy,20220112,2022,lidar,0.8927,train,train
20220112_lidar_tile_640_1408.npy,20220112,2022,lidar,0.9279,train,train
20220112_lidar_tile_640_1536.npy,20220112,2022,lidar,0.886,train,train
20220112_lidar_tile_640_1664.npy,20220112,2022,lidar,0.92,train,train
20220112_lidar_tile_640_1792.npy,20220112,2022,lidar,0.9914,train,train
20220112_lidar_tile_640_1920.npy,20220112,2022,lidar,0.996,train,train
20220112_lidar_tile_640_2048.npy,20220112,2022,lidar,0.989,train,train
20220112_lidar_tile_640_2176.npy,20220112,2022,lidar,0.9892,train,train
20220112_lidar_tile_640_2304.npy,20220112,2022,lidar,0.9931,train,train
20220112_lidar_tile_640_2432.npy,20220112,2022,lidar,0.9679,train,train
20220112_lidar_tile_640_2560.npy,20220112,2022,lidar,0.9657,train,train
20220112_lidar_tile_640_2688.npy,20220112,2022,lidar,0.9717,train,train
20220112_lidar_tile_640_2816.npy,20220112,2022,lidar,0.9474,train,train
20220112_lidar_tile_640_2944.npy,20220112,2022,lidar,0.9437,train,train
20220112_lidar_tile_768_128.npy,20220112,2022,lidar,0.9825,train,test
20220112_lidar_tile_768_256.npy,20220112,2022,lidar,0.991,train,test
20220112_lidar_tile_768_384.npy,20220112,2022,lidar,0.9923,train,test
20220112_lidar_tile_768_512.npy,20220112,2022,lidar,0.9965,train,test
20220112_lidar_tile_768_640.npy,20220112,2022,lidar,0.9985,train,buffer
20220112_lidar_tile_768_768.npy,20220112,2022,lidar,0.9986,train,val
20220112_lidar_tile_768_896.npy,20220112,2022,lidar,0.9997,train,val
20220112_lidar_tile_768_1024.npy,20220112,2022,lidar,0.9892,train,val
20220112_lidar_tile_768_1152.npy,20220112,2022,lidar,0.9604,train,buffer
20220112_lidar_tile_768_1280.npy,20220112,2022,lidar,0.9451,train,train
20220112_lidar_tile_768_1408.npy,20220112,2022,lidar,0.963,train,train
20220112_lidar_tile_768_1536.npy,20220112,2022,lidar,0.9793,train,train
20220112_lidar_tile_768_1664.npy,20220112,2022,lidar,0.9871,train,train
20220112_lidar_tile_768_1792.npy,20220112,2022,lidar,0.9951,train,train
20220112_lidar_tile_768_1920.npy,20220112,2022,lidar,0.9665,train,train
20220112_lidar_tile_768_2048.npy,20220112,2022,lidar,0.9401,train,train
20220112_lidar_tile_768_2176.npy,20220112,2022,lidar,0.9635,train,train
20220112_lidar_tile_768_2304.npy,20220112,2022,lidar,0.9778,train,train
20220112_lidar_tile_768_2432.npy,20220112,2022,lidar,0.9554,train,train
20220112_lidar_tile_768_2560.npy,20220112,2022,lidar,0.9629,train,train
20220112_lidar_tile_768_2688.npy,20220112,2022,lidar,0.9581,train,train
20220112_lidar_tile_768_2816.npy,20220112,2022,lidar,0.9511,train,train
20220112_lidar_tile_768_2944.npy,20220112,2022,lidar,0.9552,train,train
20220112_lidar_tile_768_3072.npy,20220112,2022,lidar,0.937,train,train
20220112_lidar_tile_896_128.npy,20220112,2022,lidar,0.9645,train,test
20220112_lidar_tile_896_256.npy,20220112,2022,lidar,0.9849,train,test
20220112_lidar_tile_896_384.npy,20220112,2022,lidar,0.9932,train,test
20220112_lidar_tile_896_512.npy,20220112,2022,lidar,0.9945,train,test
20220112_lidar_tile_896_640.npy,20220112,2022,lidar,0.996,train,buffer
20220112_lidar_tile_896_768.npy,20220112,2022,lidar,0.9989,train,val
20220112_lidar_tile_896_896.npy,20220112,2022,lidar,0.9982,train,val
20220112_lidar_tile_896_1024.npy,20220112,2022,lidar,0.9963,train,val
20220112_lidar_tile_896_1152.npy,20220112,2022,lidar,0.9927,train,buffer
20220112_lidar_tile_896_1280.npy,20220112,2022,lidar,0.991,train,train
20220112_lidar_tile_896_1408.npy,20220112,2022,lidar,0.9892,train,train
20220112_lidar_tile_896_1536.npy,20220112,2022,lidar,0.99,train,train
20220112_lidar_tile_896_1664.npy,20220112,2022,lidar,0.9932,train,train
20220112_lidar_tile_896_1792.npy,20220112,2022,lidar,0.9802,train,train
20220112_lidar_tile_896_1920.npy,20220112,2022,lidar,0.9058,train,train
20220112_lidar_tile_896_2176.npy,20220112,2022,lidar,0.8902,train,train
20220112_lidar_tile_896_2304.npy,20220112,2022,lidar,0.9479,train,train
20220112_lidar_tile_896_2432.npy,20220112,2022,lidar,0.971,train,train
20220112_lidar_tile_896_2560.npy,20220112,2022,lidar,0.9697,train,train
20220112_lidar_tile_896_2688.npy,20220112,2022,lidar,0.9643,train,train
20220112_lidar_tile_896_2816.npy,20220112,2022,lidar,0.9787,train,train
20220112_lidar_tile_896_2944.npy,20220112,2022,lidar,0.9648,train,train
20220112_lidar_tile_896_3072.npy,20220112,2022,lidar,0.91,train,train
20220112_lidar_tile_896_3200.npy,20220112,2022,lidar,0.8566,train,train
20220112_lidar_tile_1024_128.npy,20220112,2022,lidar,0.7964,train,test
20220112_lidar_tile_1024_256.npy,20220112,2022,lidar,0.8673,train,test
20220112_lidar_tile_1024_384.npy,20220112,2022,lidar,0.9878,train,test
20220112_lidar_tile_1024_512.npy,20220112,2022,lidar,0.9948,train,test
20220112_lidar_tile_1024_640.npy,20220112,2022,lidar,0.996,train,buffer
20220112_lidar_tile_1024_768.npy,20220112,2022,lidar,0.9977,train,val
20220112_lidar_tile_1024_896.npy,20220112,2022,lidar,0.9969,train,val
20220112_lidar_tile_1024_1024.npy,20220112,2022,lidar,0.9962,train,val
20220112_lidar_tile_1024_1152.npy,20220112,2022,lidar,0.9957,train,buffer
20220112_lidar_tile_1024_1280.npy,20220112,2022,lidar,0.9953,train,train
20220112_lidar_tile_1024_1408.npy,20220112,2022,lidar,0.9948,train,train
20220112_lidar_tile_1024_1536.npy,20220112,2022,lidar,0.9968,train,train
20220112_lidar_tile_1024_1664.npy,20220112,2022,lidar,0.9893,train,train
20220112_lidar_tile_1024_1792.npy,20220112,2022,lidar,0.9727,train,train
20220112_lidar_tile_1024_1920.npy,20220112,2022,lidar,0.9273,train,train
20220112_lidar_tile_1024_2048.npy,20220112,2022,lidar,0.8812,train,train
20220112_lidar_tile_1024_2176.npy,20220112,2022,lidar,0.8993,train,train
20220112_lidar_tile_1024_2304.npy,20220112,2022,lidar,0.9434,train,train
20220112_lidar_tile_1024_2432.npy,20220112,2022,lidar,0.9389,train,train
20220112_lidar_tile_1024_2560.npy,20220112,2022,lidar,0.9107,train,train
20220112_lidar_tile_1024_2688.npy,20220112,2022,lidar,0.9512,train,train
20220112_lidar_tile_1024_2816.npy,20220112,2022,lidar,0.995,train,train
20220112_lidar_tile_1024_2944.npy,20220112,2022,lidar,0.9671,train,train
20220112_lidar_tile_1024_3072.npy,20220112,2022,lidar,0.8929,train,train
20220112_lidar_tile_1024_3200.npy,20220112,2022,lidar,0.7769,train,train
20220112_lidar_tile_1152_256.npy,20220112,2022,lidar,0.8392,train,test
20220112_lidar_tile_1152_384.npy,20220112,2022,lidar,0.975,train,test
20220112_lidar_tile_1152_512.npy,20220112,2022,lidar,0.9953,train,test
20220112_lidar_tile_1152_640.npy,20220112,2022,lidar,0.9995,train,buffer
20220112_lidar_tile_1152_768.npy,20220112,2022,lidar,0.9963,train,val
20220112_lidar_tile_1152_896.npy,20220112,2022,lidar,0.9961,train,val
20220112_lidar_tile_1152_1024.npy,20220112,2022,lidar,0.9987,train,val
20220112_lidar_tile_1152_1152.npy,20220112,2022,lidar,0.9932,train,buffer
20220112_lidar_tile_1152_1280.npy,20220112,2022,lidar,0.9928,train,train
20220112_lidar_tile_1152_1408.npy,20220112,2022,lidar,0.998,train,train
20220112_lidar_tile_1152_1536.npy,20220112,2022,lidar,0.9893,train,train
20220112_lidar_tile_1152_1664.npy,20220112,2022,lidar,0.9757,train,train
20220112_lidar_tile_1152_1792.npy,20220112,2022,lidar,0.9819,train,train
20220112_lidar_tile_1152_1920.npy,20220112,2022,lidar,0.9761,train,train
20220112_lidar_tile_1152_2048.npy,20220112,2022,lidar,0.9625,train,train
20220112_lidar_tile_1152_2176.npy,20220112,2022,lidar,0.9693,train,train
20220112_lidar_tile_1152_2304.npy,20220112,2022,lidar,0.9568,train,train
20220112_lidar_tile_1152_2432.npy,20220112,2022,lidar,0.8973,train,train
20220112_lidar_tile_1152_2560.npy,20220112,2022,lidar,0.894,train,train
20220112_lidar_tile_1152_2688.npy,20220112,2022,lidar,0.9638,train,train
20220112_lidar_tile_1152_2816.npy,20220112,2022,lidar,0.9703,train,train
20220112_lidar_tile_1152_2944.npy,20220112,2022,lidar,0.9287,train,train
20220112_lidar_tile_1152_3072.npy,20220112,2022,lidar,0.8588,train,train
20220112_lidar_tile_1280_384.npy,20220112,2022,lidar,0.9541,train,test
20220112_lidar_tile_1280_512.npy,20220112,2022,lidar,0.9779,train,test
20220112_lidar_tile_1280_640.npy,20220112,2022,lidar,0.9945,train,buffer
20220112_lidar_tile_1280_768.npy,20220112,2022,lidar,0.9933,train,val
20220112_lidar_tile_1280_896.npy,20220112,2022,lidar,0.9914,train,val
20220112_lidar_tile_1280_1024.npy,20220112,2022,lidar,0.9943,train,val
20220112_lidar_tile_1280_1152.npy,20220112,2022,lidar,0.9343,train,buffer
20220112_lidar_tile_1280_1280.npy,20220112,2022,lidar,0.8831,train,train
20220112_lidar_tile_1280_1408.npy,20220112,2022,lidar,0.9144,train,train
20220112_lidar_tile_1280_1536.npy,20220112,2022,lidar,0.922,train,train
20220112_lidar_tile_1280_1664.npy,20220112,2022,lidar,0.9453,train,train
20220112_lidar_tile_1280_1792.npy,20220112,2022,lidar,0.9837,train,train
20220112_lidar_tile_1280_1920.npy,20220112,2022,lidar,0.9756,train,train
20220112_lidar_tile_1280_2048.npy,20220112,2022,lidar,0.9653,train,train
20220112_lidar_tile_1280_2176.npy,20220112,2022,lidar,0.9748,train,train
20220112_lidar_tile_1280_2304.npy,20220112,2022,lidar,0.9783,train,train
20220112_lidar_tile_1280_2432.npy,20220112,2022,lidar,0.9364,train,train
20220112_lidar_tile_1280_2560.npy,20220112,2022,lidar,0.9397,train,train
20220112_lidar_tile_1280_2688.npy,20220112,2022,lidar,0.9793,train,train
20220112_lidar_tile_1280_2816.npy,20220112,2022,lidar,0.9228,train,train
20220112_lidar_tile_1280_2944.npy,20220112,2022,lidar,0.8438,train,train
20220112_lidar_tile_1280_3072.npy,20220112,2022,lidar,0.8005,train,train
20220112_lidar_tile_1408_768.npy,20220112,2022,lidar,0.9415,train,val
20220112_lidar_tile_1408_896.npy,20220112,2022,lidar,0.8505,train,val
20220112_lidar_tile_1408_1024.npy,20220112,2022,lidar,0.874,train,val
20220112_lidar_tile_1408_1152.npy,20220112,2022,lidar,0.8928,train,buffer
20220112_lidar_tile_1408_1280.npy,20220112,2022,lidar,0.8374,train,train
20220112_lidar_tile_1408_1408.npy,20220112,2022,lidar,0.7683,train,train
20220112_lidar_tile_1408_1536.npy,20220112,2022,lidar,0.7184,train,train
20220112_lidar_tile_1408_1664.npy,20220112,2022,lidar,0.8571,train,train
20220112_lidar_tile_1408_1792.npy,20220112,2022,lidar,0.9689,train,train
20220112_lidar_tile_1408_1920.npy,20220112,2022,lidar,0.977,train,train
20220112_lidar_tile_1408_2048.npy,20220112,2022,lidar,0.9767,train,train
20220112_lidar_tile_1408_2176.npy,20220112,2022,lidar,0.9716,train,train
20220112_lidar_tile_1408_2304.npy,20220112,2022,lidar,0.9691,train,train
20220112_lidar_tile_1408_2432.npy,20220112,2022,lidar,0.9641,train,train
20220112_lidar_tile_1408_2560.npy,20220112,2022,lidar,0.9367,train,train
20220112_lidar_tile_1408_2688.npy,20220112,2022,lidar,0.9134,train,train
20220112_lidar_tile_1408_2816.npy,20220112,2022,lidar,0.8888,train,train
20220112_lidar_tile_1408_2944.npy,20220112,2022,lidar,0.847,train,train
20220112_lidar_tile_1408_3072.npy,20220112,2022,lidar,0.7886,train,train
20220112_lidar_tile_1536_768.npy,20220112,2022,lidar,0.6433,train,val
20220112_lidar_tile_1536_896.npy,20220112,2022,lidar,0.5891,train,val
20220112_lidar_tile_1536_1024.npy,20220112,2022,lidar,0.6043,train,val
20220112_lidar_tile_1536_1152.npy,20220112,2022,lidar,0.8031,train,buffer
20220112_lidar_tile_1536_1280.npy,20220112,2022,lidar,0.9028,train,train
20220112_lidar_tile_1536_1408.npy,20220112,2022,lidar,0.7666,train,train
20220112_lidar_tile_1536_1536.npy,20220112,2022,lidar,0.6792,train,train
20220112_lidar_tile_1536_1664.npy,20220112,2022,lidar,0.8376,train,train
20220112_lidar_tile_1536_1792.npy,20220112,2022,lidar,0.9619,train,train
20220112_lidar_tile_1536_1920.npy,20220112,2022,lidar,0.9755,train,train
20220112_lidar_tile_1536_2048.npy,20220112,2022,lidar,0.9647,train,train
20220112_lidar_tile_1536_2176.npy,20220112,2022,lidar,0.9172,train,train
20220112_lidar_tile_1536_2304.npy,20220112,2022,lidar,0.9223,train,train
20220112_lidar_tile_1536_2432.npy,20220112,2022,lidar,0.9628,train,train
20220112_lidar_tile_1536_2560.npy,20220112,2022,lidar,0.9245,train,train
20220112_lidar_tile_1536_2688.npy,20220112,2022,lidar,0.873,train,train
20220112_lidar_tile_1536_2816.npy,20220112,2022,lidar,0.8685,train,train
20220112_lidar_tile_1536_2944.npy,20220112,2022,lidar,0.8227,train,train
20220112_lidar_tile_1536_3072.npy,20220112,2022,lidar,0.6794,train,train
20220112_lidar_tile_1664_768.npy,20220112,2022,lidar,0.5194,train,val
20220112_lidar_tile_1664_896.npy,20220112,2022,lidar,0.6106,train,val
20220112_lidar_tile_1664_1024.npy,20220112,2022,lidar,0.5401,train,val
20220112_lidar_tile_1664_1152.npy,20220112,2022,lidar,0.6799,train,buffer
20220112_lidar_tile_1664_1280.npy,20220112,2022,lidar,0.85,train,train
20220112_lidar_tile_1664_1408.npy,20220112,2022,lidar,0.8684,train,train
20220112_lidar_tile_1664_1536.npy,20220112,2022,lidar,0.8363,train,train
20220112_lidar_tile_1664_1664.npy,20220112,2022,lidar,0.8978,train,train
20220112_lidar_tile_1664_1792.npy,20220112,2022,lidar,0.9763,train,train
20220112_lidar_tile_1664_1920.npy,20220112,2022,lidar,0.9537,train,train
20220112_lidar_tile_1664_2048.npy,20220112,2022,lidar,0.8755,train,train
20220112_lidar_tile_1664_2176.npy,20220112,2022,lidar,0.8597,train,train
20220112_lidar_tile_1664_2304.npy,20220112,2022,lidar,0.9398,train,train
20220112_lidar_tile_1664_2432.npy,20220112,2022,lidar,0.9736,train,train
20220112_lidar_tile_1664_2560.npy,20220112,2022,lidar,0.9258,train,train
20220112_lidar_tile_1664_2688.npy,20220112,2022,lidar,0.8882,train,train
20220112_lidar_tile_1664_2816.npy,20220112,2022,lidar,0.8583,train,train
20220112_lidar_tile_1664_2944.npy,20220112,2022,lidar,0.7552,train,train
20220112_lidar_tile_1792_768.npy,20220112,2022,lidar,0.6093,train,val
20220112_lidar_tile_1792_896.npy,20220112,2022,lidar,0.7514,train,val
20220112_lidar_tile_1792_1024.npy,20220112,2022,lidar,0.7642,train,val
20220112_lidar_tile_1792_1152.npy,20220112,2022,lidar,0.7534,train,buffer
20220112_lidar_tile_1792_1280.npy,20220112,2022,lidar,0.7868,train,train
20220112_lidar_tile_1792_1408.npy,20220112,2022,lidar,0.8818,train,train
20220112_lidar_tile_1792_1536.npy,20220112,2022,lidar,0.8701,train,train
20220112_lidar_tile_1792_1664.npy,20220112,2022,lidar,0.856,train,train
20220112_lidar_tile_1792_1792.npy,20220112,2022,lidar,0.8903,train,train
20220112_lidar_tile_1792_1920.npy,20220112,2022,lidar,0.9024,train,train
20220112_lidar_tile_1792_2048.npy,20220112,2022,lidar,0.8734,train,train
20220112_lidar_tile_1792_2176.npy,20220112,2022,lidar,0.9113,train,train
20220112_lidar_tile_1792_2304.npy,20220112,2022,lidar,0.9824,train,train
20220112_lidar_tile_1792_2432.npy,20220112,2022,lidar,0.967,train,train
20220112_lidar_tile_1792_2560.npy,20220112,2022,lidar,0.9272,train,train
20220112_lidar_tile_1792_2688.npy,20220112,2022,lidar,0.9142,train,train
20220112_lidar_tile_1792_2816.npy,20220112,2022,lidar,0.9062,train,train
20220112_lidar_tile_1792_2944.npy,20220112,2022,lidar,0.8471,train,train
20220112_lidar_tile_1920_768.npy,20220112,2022,lidar,0.6231,train,val
20220112_lidar_tile_1920_896.npy,20220112,2022,lidar,0.7867,train,val
20220112_lidar_tile_1920_1024.npy,20220112,2022,lidar,0.8197,train,val
20220112_lidar_tile_1920_1152.npy,20220112,2022,lidar,0.7943,train,buffer
20220112_lidar_tile_1920_1280.npy,20220112,2022,lidar,0.7624,train,train
20220112_lidar_tile_1920_1408.npy,20220112,2022,lidar,0.8038,train,train
20220112_lidar_tile_1920_1536.npy,20220112,2022,lidar,0.7862,train,train
20220112_lidar_tile_1920_1664.npy,20220112,2022,lidar,0.6759,train,train
20220112_lidar_tile_1920_1792.npy,20220112,2022,lidar,0.7363,train,train
20220112_lidar_tile_1920_1920.npy,20220112,2022,lidar,0.911,train,train
20220112_lidar_tile_1920_2048.npy,20220112,2022,lidar,0.9539,train,train
20220112_lidar_tile_1920_2176.npy,20220112,2022,lidar,0.9584,train,train
20220112_lidar_tile_1920_2304.npy,20220112,2022,lidar,0.9697,train,train
20220112_lidar_tile_1920_2432.npy,20220112,2022,lidar,0.9667,train,train
20220112_lidar_tile_1920_2560.npy,20220112,2022,lidar,0.9465,train,train
20220112_lidar_tile_1920_2688.npy,20220112,2022,lidar,0.9224,train,train
20220112_lidar_tile_1920_2816.npy,20220112,2022,lidar,0.9071,train,train
20220112_lidar_tile_2048_768.npy,20220112,2022,lidar,0.4003,train,val
20220112_lidar_tile_2048_896.npy,20220112,2022,lidar,0.4755,train,val
20220112_lidar_tile_2048_1024.npy,20220112,2022,lidar,0.4963,train,val
20220112_lidar_tile_2048_1152.npy,20220112,2022,lidar,0.6005,train,buffer
20220112_lidar_tile_2048_1280.npy,20220112,2022,lidar,0.6036,train,train
20220112_lidar_tile_2048_1408.npy,20220112,2022,lidar,0.6143,train,train
20220112_lidar_tile_2048_1536.npy,20220112,2022,lidar,0.6432,train,train
20220112_lidar_tile_2048_1664.npy,20220112,2022,lidar,0.6003,train,train
20220112_lidar_tile_2048_1792.npy,20220112,2022,lidar,0.7359,train,train
20220112_lidar_tile_2048_1920.npy,20220112,2022,lidar,0.9365,train,train
20220112_lidar_tile_2048_2048.npy,20220112,2022,lidar,0.9675,train,train
20220112_lidar_tile_2048_2176.npy,20220112,2022,lidar,0.9695,train,train
20220112_lidar_tile_2048_2304.npy,20220112,2022,lidar,0.973,train,train
20220112_lidar_tile_2048_2432.npy,20220112,2022,lidar,0.9777,train,train
20220112_lidar_tile_2048_2560.npy,20220112,2022,lidar,0.9513,train,train
20220112_lidar_tile_2048_2688.npy,20220112,2022,lidar,0.8951,train,train
20220112_lidar_tile_2048_2816.npy,20220112,2022,lidar,0.6868,train,train
20220112_lidar_tile_2176_1024.npy,20220112,2022,lidar,0.3345,train,val
20220112_lidar_tile_2176_1152.npy,20220112,2022,lidar,0.5429,train,buffer
20220112_lidar_tile_2176_1280.npy,20220112,2022,lidar,0.501,train,train
20220112_lidar_tile_2176_1408.npy,20220112,2022,lidar,0.5519,train,train
20220112_lidar_tile_2176_1536.npy,20220112,2022,lidar,0.6596,train,train
20220112_lidar_tile_2176_1664.npy,20220112,2022,lidar,0.6602,train,train
20220112_lidar_tile_2176_1792.npy,20220112,2022,lidar,0.6154,train,train
20220112_lidar_tile_2176_1920.npy,20220112,2022,lidar,0.5612,train,train
20220112_lidar_tile_2176_2048.npy,20220112,2022,lidar,0.6182,train,train
20220112_lidar_tile_2176_2176.npy,20220112,2022,lidar,0.7824,train,train
20220112_lidar_tile_2176_2304.npy,20220112,2022,lidar,0.9147,train,train
20220112_lidar_tile_2176_2432.npy,20220112,2022,lidar,0.9744,train,train
20220112_lidar_tile_2176_2560.npy,20220112,2022,lidar,0.9662,train,train
20220112_lidar_tile_2176_2688.npy,20220112,2022,lidar,0.8265,train,train
20220112_lidar_tile_2304_1024.npy,20220112,2022,lidar,0.404,train,val
20220112_lidar_tile_2304_1152.npy,20220112,2022,lidar,0.564,train,buffer
20220112_lidar_tile_2304_1280.npy,20220112,2022,lidar,0.522,train,train
20220112_lidar_tile_2304_1408.npy,20220112,2022,lidar,0.5418,train,train
20220112_lidar_tile_2304_1536.npy,20220112,2022,lidar,0.4942,train,train
20220112_lidar_tile_2304_1664.npy,20220112,2022,lidar,0.3409,train,train
20220112_lidar_tile_2304_2176.npy,20220112,2022,lidar,0.3095,train,train
20220112_lidar_tile_2304_2304.npy,20220112,2022,lidar,0.6164,train,train
20220112_lidar_tile_2304_2432.npy,20220112,2022,lidar,0.8906,train,train
20220112_lidar_tile_2304_2560.npy,20220112,2022,lidar,0.9265,train,train
20220128_lidar_tile_128_256.npy,20220128,2022,lidar,0.9574,train,test
20220128_lidar_tile_128_384.npy,20220128,2022,lidar,0.973,train,test
20220128_lidar_tile_128_512.npy,20220128,2022,lidar,0.9877,train,test
20220128_lidar_tile_128_640.npy,20220128,2022,lidar,0.994,train,buffer
20220128_lidar_tile_128_768.npy,20220128,2022,lidar,0.9638,train,val
20220128_lidar_tile_256_128.npy,20220128,2022,lidar,0.9689,train,test
20220128_lidar_tile_256_256.npy,20220128,2022,lidar,0.9873,train,test
20220128_lidar_tile_256_384.npy,20220128,2022,lidar,0.9822,train,test
20220128_lidar_tile_256_512.npy,20220128,2022,lidar,0.9882,train,test
20220128_lidar_tile_256_640.npy,20220128,2022,lidar,0.9914,train,buffer
20220128_lidar_tile_256_768.npy,20220128,2022,lidar,0.9912,train,val
20220128_lidar_tile_256_896.npy,20220128,2022,lidar,0.9801,train,val
20220128_lidar_tile_256_1024.npy,20220128,2022,lidar,0.9824,train,val
20220128_lidar_tile_384_128.npy,20220128,2022,lidar,0.989,train,test
20220128_lidar_tile_384_256.npy,20220128,2022,lidar,0.9907,train,test
20220128_lidar_tile_384_384.npy,20220128,2022,lidar,0.9935,train,test
20220128_lidar_tile_384_512.npy,20220128,2022,lidar,0.9905,train,test
20220128_lidar_tile_384_640.npy,20220128,2022,lidar,0.9898,train,buffer
20220128_lidar_tile_384_768.npy,20220128,2022,lidar,0.9969,train,val
20220128_lidar_tile_384_896.npy,20220128,2022,lidar,0.9923,train,val
20220128_lidar_tile_384_1024.npy,20220128,2022,lidar,0.991,train,val
20220128_lidar_tile_384_1152.npy,20220128,2022,lidar,0.9659,train,buffer
20220128_lidar_tile_384_2176.npy,20220128,2022,lidar,0.8753,train,train
20220128_lidar_tile_384_2304.npy,20220128,2022,lidar,0.6866,train,train
20220128_lidar_tile_512_128.npy,20220128,2022,lidar,0.9698,train,test
20220128_lidar_tile_512_256.npy,20220128,2022,lidar,0.9891,train,test
20220128_lidar_tile_512_384.npy,20220128,2022,lidar,0.997,train,test
20220128_lidar_tile_512_512.npy,20220128,2022,lidar,0.9931,train,test
20220128_lidar_tile_512_640.npy,20220128,2022,lidar,0.9946,train,buffer
20220128_lidar_tile_512_768.npy,20220128,2022,lidar,0.9994,train,val
20220128_lidar_tile_512_896.npy,20220128,2022,lidar,0.9998,train,val
20220128_lidar_tile_512_1024.npy,20220128,2022,lidar,0.9998,train,val
20220128_lidar_tile_512_1152.npy,20220128,2022,lidar,0.9978,train,buffer
20220128_lidar_tile_512_1280.npy,20220128,2022,lidar,0.9954,train,train
20220128_lidar_tile_512_1408.npy,20220128,2022,lidar,0.9965,train,train
20220128_lidar_tile_512_1536.npy,20220128,2022,lidar,0.9942,train,train
20220128_lidar_tile_512_1664.npy,20220128,2022,lidar,0.953,train,train
20220128_lidar_tile_512_1792.npy,20220128,2022,lidar,0.9494,train,train
20220128_lidar_tile_512_1920.npy,20220128,2022,lidar,0.987,train,train
20220128_lidar_tile_512_2048.npy,20220128,2022,lidar,0.9904,train,train
20220128_lidar_tile_512_2176.npy,20220128,2022,lidar,0.9857,train,train
20220128_lidar_tile_512_2304.npy,20220128,2022,lidar,0.9657,train,train
20220128_lidar_tile_512_2432.npy,20220128,2022,lidar,0.793,train,train
20220128_lidar_tile_512_2560.npy,20220128,2022,lidar,0.3188,train,train
20220128_lidar_tile_640_0.npy,20220128,2022,lidar,0.5432,train,test
20220128_lidar_tile_640_128.npy,20220128,2022,lidar,0.8872,train,test
20220128_lidar_tile_640_256.npy,20220128,2022,lidar,0.9901,train,test
20220128_lidar_tile_640_384.npy,20220128,2022,lidar,0.9974,train,test
20220128_lidar_tile_640_512.npy,20220128,2022,lidar,0.9983,train,test
20220128_lidar_tile_640_640.npy,20220128,2022,lidar,0.9993,train,buffer
20220128_lidar_tile_640_768.npy,20220128,2022,lidar,0.9994,train,val
20220128_lidar_tile_640_896.npy,20220128,2022,lidar,0.9998,train,val
20220128_lidar_tile_640_1024.npy,20220128,2022,lidar,0.9992,train,val
20220128_lidar_tile_640_1152.npy,20220128,2022,lidar,0.996,train,buffer
20220128_lidar_tile_640_1280.npy,20220128,2022,lidar,0.9917,train,train
20220128_lidar_tile_640_1408.npy,20220128,2022,lidar,0.9936,train,train
20220128_lidar_tile_640_1536.npy,20220128,2022,lidar,0.9978,train,train
20220128_lidar_tile_640_1664.npy,20220128,2022,lidar,0.9951,train,train
20220128_lidar_tile_640_1792.npy,20220128,2022,lidar,0.9922,train,train
20220128_lidar_tile_640_1920.npy,20220128,2022,lidar,0.9846,train,train
20220128_lidar_tile_640_2048.npy,20220128,2022,lidar,0.9832,train,train
20220128_lidar_tile_640_2176.npy,20220128,2022,lidar,0.9837,train,train
20220128_lidar_tile_640_2304.npy,20220128,2022,lidar,0.9837,train,train
20220128_lidar_tile_640_2432.npy,20220128,2022,lidar,0.8141,train,train
20220128_lidar_tile_640_2560.npy,20220128,2022,lidar,0.3605,train,train
20220128_lidar_tile_768_128.npy,20220128,2022,lidar,0.6987,train,test
20220128_lidar_tile_768_256.npy,20220128,2022,lidar,0.9887,train,test
20220128_lidar_tile_768_384.npy,20220128,2022,lidar,0.9939,train,test
20220128_lidar_tile_768_512.npy,20220128,2022,lidar,0.9993,train,test
20220128_lidar_tile_768_640.npy,20220128,2022,lidar,0.9996,train,buffer
20220128_lidar_tile_768_768.npy,20220128,2022,lidar,0.9998,train,val
20220128_lidar_tile_768_896.npy,20220128,2022,lidar,0.9996,train,val
20220128_lidar_tile_768_1024.npy,20220128,2022,lidar,0.9971,train,val
20220128_lidar_tile_768_1152.npy,20220128,2022,lidar,0.9947,train,buffer
20220128_lidar_tile_768_1280.npy,20220128,2022,lidar,0.9935,train,train
20220128_lidar_tile_768_1408.npy,20220128,2022,lidar,0.9929,train,train
20220128_lidar_tile_768_1536.npy,20220128,2022,lidar,0.9952,train,train
20220128_lidar_tile_768_1664.npy,20220128,2022,lidar,0.9938,train,train
20220128_lidar_tile_768_1792.npy,20220128,2022,lidar,0.9837,train,train
20220128_lidar_tile_768_1920.npy,20220128,2022,lidar,0.9418,train,train
20220128_lidar_tile_768_2048.npy,20220128,2022,lidar,0.9495,train,train
20220128_lidar_tile_768_2176.npy,20220128,2022,lidar,0.9878,train,train
20220128_lidar_tile_768_2304.npy,20220128,2022,lidar,0.9564,train,train
20220128_lidar_tile_768_2432.npy,20220128,2022,lidar,0.8321,train,train
20220128_lidar_tile_768_2560.npy,20220128,2022,lidar,0.5264,train,train
20220128_lidar_tile_896_128.npy,20220128,2022,lidar,0.6205,train,test
20220128_lidar_tile_896_256.npy,20220128,2022,lidar,0.9795,train,test
20220128_lidar_tile_896_384.npy,20220128,2022,lidar,0.9931,train,test
20220128_lidar_tile_896_512.npy,20220128,2022,lidar,0.9995,train,test
20220128_lidar_tile_896_640.npy,20220128,2022,lidar,0.9996,train,buffer
20220128_lidar_tile_896_768.npy,20220128,2022,lidar,0.9997,train,val
20220128_lidar_tile_896_896.npy,20220128,2022,lidar,0.9995,train,val
20220128_lidar_tile_896_1024.npy,20220128,2022,lidar,0.9976,train,val
20220128_lidar_tile_896_1152.npy,20220128,2022,lidar,0.9938,train,buffer
20220128_lidar_tile_896_1280.npy,20220128,2022,lidar,0.9934,train,train
20220128_lidar_tile_896_1408.npy,20220128,2022,lidar,0.9933,train,train
20220128_lidar_tile_896_1536.npy,20220128,2022,lidar,0.9937,train,train
20220128_lidar_tile_896_1664.npy,20220128,2022,lidar,0.9952,train,train
20220128_lidar_tile_896_1792.npy,20220128,2022,lidar,0.9637,train,train
20220128_lidar_tile_896_2048.npy,20220128,2022,lidar,0.9264,train,train
20220128_lidar_tile_896_2176.npy,20220128,2022,lidar,0.9664,train,train
20220128_lidar_tile_896_2304.npy,20220128,2022,lidar,0.9096,train,train
20220128_lidar_tile_896_2432.npy,20220128,2022,lidar,0.9127,train,train
20220128_lidar_tile_896_2560.npy,20220128,2022,lidar,0.6968,train,train
20220128_lidar_tile_1024_128.npy,20220128,2022,lidar,0.4982,train,test
20220128_lidar_tile_1024_256.npy,20220128,2022,lidar,0.8839,train,test
20220128_lidar_tile_1024_384.npy,20220128,2022,lidar,0.9618,train,test
20220128_lidar_tile_1024_512.npy,20220128,2022,lidar,0.9809,train,test
20220128_lidar_tile_1024_640.npy,20220128,2022,lidar,0.9981,train,buffer
20220128_lidar_tile_1024_768.npy,20220128,2022,lidar,0.9983,train,val
20220128_lidar_tile_1024_896.npy,20220128,2022,lidar,0.9998,train,val
20220128_lidar_tile_1024_1024.npy,20220128,2022,lidar,0.9987,train,val
20220128_lidar_tile_1024_1152.npy,20220128,2022,lidar,0.9957,train,buffer
20220128_lidar_tile_1024_1280.npy,20220128,2022,lidar,0.9954,train,train
20220128_lidar_tile_1024_1408.npy,20220128,2022,lidar,0.9959,train,train
20220128_lidar_tile_1024_1536.npy,20220128,2022,lidar,0.9951,train,train
20220128_lidar_tile_1024_1664.npy,20220128,2022,lidar,0.9925,train,train
20220128_lidar_tile_1024_1792.npy,20220128,2022,lidar,0.9622,train,train
20220128_lidar_tile_1024_1920.npy,20220128,2022,lidar,0.9204,train,train
20220128_lidar_tile_1024_2048.npy,20220128,2022,lidar,0.9368,train,train
20220128_lidar_tile_1024_2176.npy,20220128,2022,lidar,0.9042,train,train
20220128_lidar_tile_1024_2304.npy,20220128,2022,lidar,0.8667,train,train
20220128_lidar_tile_1024_2432.npy,20220128,2022,lidar,0.877,train,train
20220128_lidar_tile_1024_2560.npy,20220128,2022,lidar,0.7821,train,train
20220128_lidar_tile_1024_2688.npy,20220128,2022,lidar,0.6141,train,train
20220128_lidar_tile_1024_2816.npy,20220128,2022,lidar,0.3883,train,train
20220128_lidar_tile_1152_256.npy,20220128,2022,lidar,0.6448,train,test
20220128_lidar_tile_1152_384.npy,20220128,2022,lidar,0.8748,train,test
20220128_lidar_tile_1152_512.npy,20220128,2022,lidar,0.9336,train,test
20220128_lidar_tile_1152_640.npy,20220128,2022,lidar,0.996,train,buffer
20220128_lidar_tile_1152_768.npy,20220128,2022,lidar,0.9985,train,val
20220128_lidar_tile_1152_896.npy,20220128,2022,lidar,0.9998,train,val
20220128_lidar_tile_1152_1024.npy,20220128,2022,lidar,0.994,train,val
20220128_lidar_tile_1152_1152.npy,20220128,2022,lidar,0.9937,train,buffer
20220128_lidar_tile_1152_1280.npy,20220128,2022,lidar,0.9993,train,train
20220128_lidar_tile_1152_1408.npy,20220128,2022,lidar,0.9984,train,train
20220128_lidar_tile_1152_1536.npy,20220128,2022,lidar,0.9975,train,train
20220128_lidar_tile_1152_1664.npy,20220128,2022,lidar,0.9948,train,train
20220128_lidar_tile_1152_1792.npy,20220128,2022,lidar,0.9782,train,train
20220128_lidar_tile_1152_1920.npy,20220128,2022,lidar,0.9493,train,train
20220128_lidar_tile_1152_2048.npy,20220128,2022,lidar,0.9355,train,train
20220128_lidar_tile_1152_2176.npy,20220128,2022,lidar,0.9051,train,train
20220128_lidar_tile_1152_2304.npy,20220128,2022,lidar,0.8879,train,train
20220128_lidar_tile_1152_2432.npy,20220128,2022,lidar,0.8842,train,train
20220128_lidar_tile_1152_2560.npy,20220128,2022,lidar,0.9256,train,train
20220128_lidar_tile_1152_2688.npy,20220128,2022,lidar,0.9218,train,train
20220128_lidar_tile_1152_2816.npy,20220128,2022,lidar,0.6347,train,train
20220128_lidar_tile_1280_256.npy,20220128,2022,lidar,0.3427,train,test
20220128_lidar_tile_1280_384.npy,20220128,2022,lidar,0.7297,train,test
20220128_lidar_tile_1280_512.npy,20220128,2022,lidar,0.9255,train,test
20220128_lidar_tile_1280_640.npy,20220128,2022,lidar,0.9957,train,buffer
20220128_lidar_tile_1280_768.npy,20220128,2022,lidar,0.9987,train,val
20220128_lidar_tile_1280_896.npy,20220128,2022,lidar,0.9962,train,val
20220128_lidar_tile_1280_1024.npy,20220128,2022,lidar,0.9907,train,val
20220128_lidar_tile_1280_1152.npy,20220128,2022,lidar,0.9922,train,buffer
20220128_lidar_tile_1280_1280.npy,20220128,2022,lidar,0.9978,train,train
20220128_lidar_tile_1280_1408.npy,20220128,2022,lidar,0.9983,train,train
20220128_lidar_tile_1280_1536.npy,20220128,2022,lidar,0.9984,train,train
20220128_lidar_tile_1280_1664.npy,20220128,2022,lidar,0.9994,train,train
20220128_lidar_tile_1280_1792.npy,20220128,2022,lidar,0.9862,train,train
20220128_lidar_tile_1280_1920.npy,20220128,2022,lidar,0.9544,train,train
20220128_lidar_tile_1280_2048.npy,20220128,2022,lidar,0.9442,train,train
20220128_lidar_tile_1280_2176.npy,20220128,2022,lidar,0.9644,train,train
20220128_lidar_tile_1280_2304.npy,20220128,2022,lidar,0.9479,train,train
20220128_lidar_tile_1280_2432.npy,20220128,2022,lidar,0.94,train,train
20220128_lidar_tile_1280_2560.npy,20220128,2022,lidar,0.9638,train,train
20220128_lidar_tile_1280_2688.npy,20220128,2022,lidar,0.8613,train,train
20220128_lidar_tile_1280_2816.npy,20220128,2022,lidar,0.6197,train,train
20220128_lidar_tile_1408_640.npy,20220128,2022,lidar,0.8695,train,buffer
20220128_lidar_tile_1408_768.npy,20220128,2022,lidar,0.8646,train,val
20220128_lidar_tile_1408_896.npy,20220128,2022,lidar,0.8536,train,val
20220128_lidar_tile_1408_1024.npy,20220128,2022,lidar,0.9348,train,val
20220128_lidar_tile_1408_1152.npy,20220128,2022,lidar,0.9955,train,buffer
20220128_lidar_tile_1408_1280.npy,20220128,2022,lidar,0.9969,train,train
20220128_lidar_tile_1408_1408.npy,20220128,2022,lidar,0.9984,train,train
20220128_lidar_tile_1408_1536.npy,20220128,2022,lidar,0.9985,train,train
20220128_lidar_tile_1408_1664.npy,20220128,2022,lidar,0.9973,train,train
20220128_lidar_tile_1408_1792.npy,20220128,2022,lidar,0.9849,train,train
20220128_lidar_tile_1408_1920.npy,20220128,2022,lidar,0.9713,train,train
20220128_lidar_tile_1408_2048.npy,20220128,2022,lidar,0.9665,train,train
20220128_lidar_tile_1408_2176.npy,20220128,2022,lidar,0.9382,train,train
20220128_lidar_tile_1408_2304.npy,20220128,2022,lidar,0.9374,train,train
20220128_lidar_tile_1408_2432.npy,20220128,2022,lidar,0.9561,train,train
20220128_lidar_tile_1408_2560.npy,20220128,2022,lidar,0.8997,train,train
20220128_lidar_tile_1408_2688.npy,20220128,2022,lidar,0.7862,train,train
20220128_lidar_tile_1408_2816.npy,20220128,2022,lidar,0.5832,train,train
20220128_lidar_tile_1408_2944.npy,20220128,2022,lidar,0.3748,train,train
20220128_lidar_tile_1536_768.npy,20220128,2022,lidar,0.5768,train,val
20220128_lidar_tile_1536_896.npy,20220128,2022,lidar,0.7922,train,val
20220128_lidar_tile_1536_1024.npy,20220128,2022,lidar,0.9316,train,val
20220128_lidar_tile_1536_1152.npy,20220128,2022,lidar,0.9975,train,buffer
20220128_lidar_tile_1536_1280.npy,20220128,2022,lidar,0.9984,train,train
20220128_lidar_tile_1536_1408.npy,20220128,2022,lidar,0.9964,train,train
20220128_lidar_tile_1536_1536.npy,20220128,2022,lidar,0.985,train,train
20220128_lidar_tile_1536_1664.npy,20220128,2022,lidar,0.9848,train,train
20220128_lidar_tile_1536_1792.npy,20220128,2022,lidar,0.9862,train,train
20220128_lidar_tile_1536_1920.npy,20220128,2022,lidar,0.9794,train,train
20220128_lidar_tile_1536_2048.npy,20220128,2022,lidar,0.9143,train,train
20220128_lidar_tile_1536_2176.npy,20220128,2022,lidar,0.8826,train,train
20220128_lidar_tile_1536_2304.npy,20220128,2022,lidar,0.9296,train,train
20220128_lidar_tile_1536_2432.npy,20220128,2022,lidar,0.9015,train,train
20220128_lidar_tile_1536_2560.npy,20220128,2022,lidar,0.7922,train,train
20220128_lidar_tile_1536_2688.npy,20220128,2022,lidar,0.6867,train,train
20220128_lidar_tile_1536_2816.npy,20220128,2022,lidar,0.5917,train,train
20220128_lidar_tile_1536_2944.npy,20220128,2022,lidar,0.5793,train,train
20220128_lidar_tile_1664_768.npy,20220128,2022,lidar,0.3749,train,val
20220128_lidar_tile_1664_896.npy,20220128,2022,lidar,0.8177,train,val
20220128_lidar_tile_1664_1024.npy,20220128,2022,lidar,0.9527,train,val
20220128_lidar_tile_1664_1152.npy,20220128,2022,lidar,0.9827,train,buffer
20220128_lidar_tile_1664_1280.npy,20220128,2022,lidar,0.9894,train,train
20220128_lidar_tile_1664_1408.npy,20220128,2022,lidar,0.98,train,train
20220128_lidar_tile_1664_1536.npy,20220128,2022,lidar,0.9513,train,train
20220128_lidar_tile_1664_1664.npy,20220128,2022,lidar,0.9531,train,train
20220128_lidar_tile_1664_1792.npy,20220128,2022,lidar,0.9377,train,train
20220128_lidar_tile_1664_1920.npy,20220128,2022,lidar,0.8708,train,train
20220128_lidar_tile_1664_2048.npy,20220128,2022,lidar,0.8436,train,train
20220128_lidar_tile_1664_2176.npy,20220128,2022,lidar,0.9183,train,train
20220128_lidar_tile_1664_2304.npy,20220128,2022,lidar,0.9622,train,train
20220128_lidar_tile_1664_2432.npy,20220128,2022,lidar,0.8652,train,train
20220128_lidar_tile_1664_2560.npy,20220128,2022,lidar,0.7494,train,train
20220128_lidar_tile_1664_2688.npy,20220128,2022,lidar,0.6804,train,train
20220128_lidar_tile_1664_2816.npy,20220128,2022,lidar,0.6551,train,train
20220128_lidar_tile_1664_2944.npy,20220128,2022,lidar,0.5902,train,train
20220128_lidar_tile_1792_896.npy,20220128,2022,lidar,0.4792,train,val
20220128_lidar_tile_1792_1024.npy,20220128,2022,lidar,0.7779,train,val
20220128_lidar_tile_1792_1152.npy,20220128,2022,lidar,0.9459,train,buffer
20220128_lidar_tile_1792_1280.npy,20220128,2022,lidar,0.9606,train,train
20220128_lidar_tile_1792_1408.npy,20220128,2022,lidar,0.9511,train,train
20220128_lidar_tile_1792_1536.npy,20220128,2022,lidar,0.9173,train,train
20220128_lidar_tile_1792_1664.npy,20220128,2022,lidar,0.7709,train,train
20220128_lidar_tile_1792_1792.npy,20220128,2022,lidar,0.7093,train,train
20220128_lidar_tile_1792_1920.npy,20220128,2022,lidar,0.7972,train,train
20220128_lidar_tile_1792_2048.npy,20220128,2022,lidar,0.898,train,train
20220128_lidar_tile_1792_2176.npy,20220128,2022,lidar,0.9757,train,train
20220128_lidar_tile_1792_2304.npy,20220128,2022,lidar,0.9801,train,train
20220128_lidar_tile_1792_2432.npy,20220128,2022,lidar,0.9027,train,train
20220128_lidar_tile_1792_2560.npy,20220128,2022,lidar,0.8088,train,train
20220128_lidar_tile_1792_2688.npy,20220128,2022,lidar,0.7212,train,train
20220128_lidar_tile_1792_2816.npy,20220128,2022,lidar,0.5523,train,train
20220128_lidar_tile_1920_1024.npy,20220128,2022,lidar,0.5397,train,val
20220128_lidar_tile_1920_1152.npy,20220128,2022,lidar,0.8966,train,buffer
20220128_lidar_tile_1920_1280.npy,20220128,2022,lidar,0.9273,train,train
20220128_lidar_tile_1920_1408.npy,20220128,2022,lidar,0.923,train,train
20220128_lidar_tile_1920_1536.npy,20220128,2022,lidar,0.9044,train,train
20220128_lidar_tile_1920_1664.npy,20220128,2022,lidar,0.7472,train,train
20220128_lidar_tile_1920_1792.npy,20220128,2022,lidar,0.7332,train,train
20220128_lidar_tile_1920_1920.npy,20220128,2022,lidar,0.8967,train,train
20220128_lidar_tile_1920_2048.npy,20220128,2022,lidar,0.96,train,train
20220128_lidar_tile_1920_2176.npy,20220128,2022,lidar,0.965,train,train
20220128_lidar_tile_1920_2304.npy,20220128,2022,lidar,0.9564,train,train
20220128_lidar_tile_1920_2432.npy,20220128,2022,lidar,0.8395,train,train
20220128_lidar_tile_1920_2560.npy,20220128,2022,lidar,0.662,train,train
20220128_lidar_tile_1920_2688.npy,20220128,2022,lidar,0.4998,train,train
20220128_lidar_tile_2048_1024.npy,20220128,2022,lidar,0.3896,train,val
20220128_lidar_tile_2048_1152.npy,20220128,2022,lidar,0.7614,train,buffer
20220128_lidar_tile_2048_1280.npy,20220128,2022,lidar,0.813,train,train
20220128_lidar_tile_2048_1408.npy,20220128,2022,lidar,0.8417,train,train
20220128_lidar_tile_2048_1536.npy,20220128,2022,lidar,0.846,train,train
20220128_lidar_tile_2048_1664.npy,20220128,2022,lidar,0.8652,train,train
20220128_lidar_tile_2048_1792.npy,20220128,2022,lidar,0.9266,train,train
20220128_lidar_tile_2048_1920.npy,20220128,2022,lidar,0.9081,train,train
20220128_lidar_tile_2048_2048.npy,20220128,2022,lidar,0.8704,train,train
20220128_lidar_tile_2048_2176.npy,20220128,2022,lidar,0.7754,train,train
20220128_lidar_tile_2048_2304.npy,20220128,2022,lidar,0.5954,train,train
20220128_lidar_tile_2048_2432.npy,20220128,2022,lidar,0.4016,train,train
20220128_lidar_tile_2176_1152.npy,20220128,2022,lidar,0.5628,train,buffer
20220128_lidar_tile_2176_1280.npy,20220128,2022,lidar,0.698,train,train
20220128_lidar_tile_2176_1408.npy,20220128,2022,lidar,0.785,train,train
20220128_lidar_tile_2176_1536.npy,20220128,2022,lidar,0.8211,train,train
20220128_lidar_tile_2176_1664.npy,20220128,2022,lidar,0.8273,train,train
20220128_lidar_tile_2176_1792.npy,20220128,2022,lidar,0.7839,train,train
20220128_lidar_tile_2176_1920.npy,20220128,2022,lidar,0.6853,train,train
20220128_lidar_tile_2176_2048.npy,20220128,2022,lidar,0.5364,train,train
20220128_lidar_tile_2176_2176.npy,20220128,2022,lidar,0.3151,train,train
20220128_lidar_tile_2304_1152.npy,20220128,2022,lidar,0.3975,train,buffer
20220128_lidar_tile_2304_1280.npy,20220128,2022,lidar,0.6129,train,train
20220128_lidar_tile_2304_1408.npy,20220128,2022,lidar,0.673,train,train
20220128_lidar_tile_2304_1536.npy,20220128,2022,lidar,0.5707,train,train
20220128_lidar_tile_2304_1664.npy,20220128,2022,lidar,0.4327,train,train
20220128_lidar_tile_2304_1792.npy,20220128,2022,lidar,0.3206,train,train
20220218_lidar_tile_128_256.npy,20220218,2022,lidar,0.9138,train,test
20220218_lidar_tile_128_384.npy,20220218,2022,lidar,0.9772,train,test
20220218_lidar_tile_128_512.npy,20220218,2022,lidar,0.9855,train,test
20220218_lidar_tile_128_640.npy,20220218,2022,lidar,0.9932,train,buffer
20220218_lidar_tile_128_768.npy,20220218,2022,lidar,0.9975,train,val
20220218_lidar_tile_128_896.npy,20220218,2022,lidar,0.9444,train,val
20220218_lidar_tile_256_256.npy,20220218,2022,lidar,0.9891,train,test
20220218_lidar_tile_256_384.npy,20220218,2022,lidar,0.9888,train,test
20220218_lidar_tile_256_512.npy,20220218,2022,lidar,0.9907,train,test
20220218_lidar_tile_256_640.npy,20220218,2022,lidar,0.9935,train,buffer
20220218_lidar_tile_256_768.npy,20220218,2022,lidar,0.9978,train,val
20220218_lidar_tile_256_896.npy,20220218,2022,lidar,0.9979,train,val
20220218_lidar_tile_256_1024.npy,20220218,2022,lidar,0.9989,train,val
20220218_lidar_tile_256_1152.npy,20220218,2022,lidar,0.9873,train,buffer
20220218_lidar_tile_384_128.npy,20220218,2022,lidar,0.9492,train,test
20220218_lidar_tile_384_256.npy,20220218,2022,lidar,0.9906,train,test
20220218_lidar_tile_384_384.npy,20220218,2022,lidar,0.9903,train,test
20220218_lidar_tile_384_512.npy,20220218,2022,lidar,0.9876,train,test
20220218_lidar_tile_384_640.npy,20220218,2022,lidar,0.9874,train,buffer
20220218_lidar_tile_384_768.npy,20220218,2022,lidar,0.9932,train,val
20220218_lidar_tile_384_896.npy,20220218,2022,lidar,0.9959,train,val
20220218_lidar_tile_384_1024.npy,20220218,2022,lidar,0.9984,train,val
20220218_lidar_tile_384_1152.npy,20220218,2022,lidar,0.9809,train,buffer
20220218_lidar_tile_384_2304.npy,20220218,2022,lidar,0.9539,train,train
20220218_lidar_tile_384_2432.npy,20220218,2022,lidar,0.8876,train,train
20220218_lidar_tile_512_128.npy,20220218,2022,lidar,0.9924,train,test
20220218_lidar_tile_512_256.npy,20220218,2022,lidar,0.9871,train,test
20220218_lidar_tile_512_384.npy,20220218,2022,lidar,0.9824,train,test
20220218_lidar_tile_512_512.npy,20220218,2022,lidar,0.9822,train,test
20220218_lidar_tile_512_640.npy,20220218,2022,lidar,0.9858,train,buffer
20220218_lidar_tile_512_768.npy,20220218,2022,lidar,0.9931,train,val
20220218_lidar_tile_512_896.npy,20220218,2022,lidar,0.9964,train,val
20220218_lidar_tile_512_1024.npy,20220218,2022,lidar,0.9973,train,val
20220218_lidar_tile_512_1152.npy,20220218,2022,lidar,0.9796,train,buffer
20220218_lidar_tile_512_1280.npy,20220218,2022,lidar,0.9467,train,train
20220218_lidar_tile_512_1408.npy,20220218,2022,lidar,0.9603,train,train
20220218_lidar_tile_512_1536.npy,20220218,2022,lidar,0.9911,train,train
20220218_lidar_tile_512_1664.npy,20220218,2022,lidar,0.9804,train,train
20220218_lidar_tile_512_1792.npy,20220218,2022,lidar,0.9413,train,train
20220218_lidar_tile_512_1920.npy,20220218,2022,lidar,0.9537,train,train
20220218_lidar_tile_512_2048.npy,20220218,2022,lidar,0.9701,train,train
20220218_lidar_tile_512_2176.npy,20220218,2022,lidar,0.9442,train,train
20220218_lidar_tile_512_2304.npy,20220218,2022,lidar,0.9394,train,train
20220218_lidar_tile_512_2432.npy,20220218,2022,lidar,0.9498,train,train
20220218_lidar_tile_512_2560.npy,20220218,2022,lidar,0.9781,train,train
20220218_lidar_tile_512_2688.npy,20220218,2022,lidar,0.9754,train,train
20220218_lidar_tile_512_2816.npy,20220218,2022,lidar,0.9388,train,train
20220218_lidar_tile_640_128.npy,20220218,2022,lidar,0.9946,train,test
20220218_lidar_tile_640_256.npy,20220218,2022,lidar,0.9841,train,test
20220218_lidar_tile_640_384.npy,20220218,2022,lidar,0.9754,train,test
20220218_lidar_tile_640_512.npy,20220218,2022,lidar,0.9855,train,test
20220218_lidar_tile_640_640.npy,20220218,2022,lidar,0.9919,train,buffer
20220218_lidar_tile_640_768.npy,20220218,2022,lidar,0.9912,train,val
20220218_lidar_tile_640_896.npy,20220218,2022,lidar,0.9962,train,val
20220218_lidar_tile_640_1024.npy,20220218,2022,lidar,0.9979,train,val
20220218_lidar_tile_640_1152.npy,20220218,2022,lidar,0.9969,train,buffer
20220218_lidar_tile_640_1280.npy,20220218,2022,lidar,0.9963,train,train
20220218_lidar_tile_640_1408.npy,20220218,2022,lidar,0.9714,train,train
20220218_lidar_tile_640_1536.npy,20220218,2022,lidar,0.963,train,train
20220218_lidar_tile_640_1664.npy,20220218,2022,lidar,0.9867,train,train
20220218_lidar_tile_640_1792.npy,20220218,2022,lidar,0.9893,train,train
20220218_lidar_tile_640_1920.npy,20220218,2022,lidar,0.9736,train,train
20220218_lidar_tile_640_2048.npy,20220218,2022,lidar,0.9243,train,train
20220218_lidar_tile_640_2176.npy,20220218,2022,lidar,0.9213,train,train
20220218_lidar_tile_640_2304.npy,20220218,2022,lidar,0.9642,train,train
20220218_lidar_tile_640_2432.npy,20220218,2022,lidar,0.981,train,train
20220218_lidar_tile_640_2560.npy,20220218,2022,lidar,0.994,train,train
20220218_lidar_tile_640_2688.npy,20220218,2022,lidar,0.9741,train,train
20220218_lidar_tile_640_2816.npy,20220218,2022,lidar,0.9361,train,train
20220218_lidar_tile_640_2944.npy,20220218,2022,lidar,0.9391,train,train
20220218_lidar_tile_768_128.npy,20220218,2022,lidar,0.9949,train,test
20220218_lidar_tile_768_256.npy,20220218,2022,lidar,0.9891,train,test
20220218_lidar_tile_768_384.npy,20220218,2022,lidar,0.9823,train,test
20220218_lidar_tile_768_512.npy,20220218,2022,lidar,0.9896,train,test
20220218_lidar_tile_768_640.npy,20220218,2022,lidar,0.9944,train,buffer
20220218_lidar_tile_768_768.npy,20220218,2022,lidar,0.9921,train,val
20220218_lidar_tile_768_896.npy,20220218,2022,lidar,0.9972,train,val
20220218_lidar_tile_768_1024.npy,20220218,2022,lidar,0.9985,train,val
20220218_lidar_tile_768_1152.npy,20220218,2022,lidar,0.997,train,buffer
20220218_lidar_tile_768_1280.npy,20220218,2022,lidar,0.9967,train,train
20220218_lidar_tile_768_1408.npy,20220218,2022,lidar,0.9724,train,train
20220218_lidar_tile_768_1536.npy,20220218,2022,lidar,0.9565,train,train
20220218_lidar_tile_768_1664.npy,20220218,2022,lidar,0.9753,train,train
20220218_lidar_tile_768_1792.npy,20220218,2022,lidar,0.9796,train,train
20220218_lidar_tile_768_1920.npy,20220218,2022,lidar,0.9437,train,train
20220218_lidar_tile_768_2048.npy,20220218,2022,lidar,0.8824,train,train
20220218_lidar_tile_768_2176.npy,20220218,2022,lidar,0.9159,train,train
20220218_lidar_tile_768_2304.npy,20220218,2022,lidar,0.9845,train,train
20220218_lidar_tile_768_2432.npy,20220218,2022,lidar,0.986,train,train
20220218_lidar_tile_768_2560.npy,20220218,2022,lidar,0.9851,train,train
20220218_lidar_tile_768_2688.npy,20220218,2022,lidar,0.9534,train,train
20220218_lidar_tile_768_2816.npy,20220218,2022,lidar,0.9394,train,train
20220218_lidar_tile_768_2944.npy,20220218,2022,lidar,0.948,train,train
20220218_lidar_tile_768_3072.npy,20220218,2022,lidar,0.9616,train,train
20220218_lidar_tile_896_128.npy,20220218,2022,lidar,0.9963,train,test
20220218_lidar_tile_896_256.npy,20220218,2022,lidar,0.9949,train,test
20220218_lidar_tile_896_384.npy,20220218,2022,lidar,0.9921,train,test
20220218_lidar_tile_896_512.npy,20220218,2022,lidar,0.9945,train,test
20220218_lidar_tile_896_640.npy,20220218,2022,lidar,0.9969,train,buffer
20220218_lidar_tile_896_768.npy,20220218,2022,lidar,0.9957,train,val
20220218_lidar_tile_896_896.npy,20220218,2022,lidar,0.9981,train,val
20220218_lidar_tile_896_1024.npy,20220218,2022,lidar,0.999,train,val
20220218_lidar_tile_896_1152.npy,20220218,2022,lidar,0.997,train,buffer
20220218_lidar_tile_896_1280.npy,20220218,2022,lidar,0.9965,train,train
20220218_lidar_tile_896_1408.npy,20220218,2022,lidar,0.9956,train,train
20220218_lidar_tile_896_1536.npy,20220218,2022,lidar,0.9859,train,train
20220218_lidar_tile_896_1664.npy,20220218,2022,lidar,0.9796,train,train
20220218_lidar_tile_896_1792.npy,20220218,2022,lidar,0.9687,train,train
20220218_lidar_tile_896_1920.npy,20220218,2022,lidar,0.9018,train,train
20220218_lidar_tile_896_2176.npy,20220218,2022,lidar,0.9062,train,train
20220218_lidar_tile_896_2304.npy,20220218,2022,lidar,0.9267,train,train
20220218_lidar_tile_896_2432.npy,20220218,2022,lidar,0.9478,train,train
20220218_lidar_tile_896_2560.npy,20220218,2022,lidar,0.9527,train,train
20220218_lidar_tile_896_2688.npy,20220218,2022,lidar,0.9554,train,train
20220218_lidar_tile_896_2816.npy,20220218,2022,lidar,0.9766,train,train
20220218_lidar_tile_896_2944.npy,20220218,2022,lidar,0.9705,train,train
20220218_lidar_tile_896_3072.npy,20220218,2022,lidar,0.9631,train,train
20220218_lidar_tile_896_3200.npy,20220218,2022,lidar,0.9859,train,train
20220218_lidar_tile_1024_128.npy,20220218,2022,lidar,0.9902,train,test
20220218_lidar_tile_1024_256.npy,20220218,2022,lidar,0.9988,train,test
20220218_lidar_tile_1024_384.npy,20220218,2022,lidar,0.9971,train,test
20220218_lidar_tile_1024_512.npy,20220218,2022,lidar,0.9971,train,test
20220218_lidar_tile_1024_640.npy,20220218,2022,lidar,0.9973,train,buffer
20220218_lidar_tile_1024_768.npy,20220218,2022,lidar,0.9949,train,val
20220218_lidar_tile_1024_896.npy,20220218,2022,lidar,0.9966,train,val
20220218_lidar_tile_1024_1024.npy,20220218,2022,lidar,0.9986,train,val
20220218_lidar_tile_1024_1152.npy,20220218,2022,lidar,0.9971,train,buffer
20220218_lidar_tile_1024_1280.npy,20220218,2022,lidar,0.9971,train,train
20220218_lidar_tile_1024_1408.npy,20220218,2022,lidar,0.9963,train,train
20220218_lidar_tile_1024_1536.npy,20220218,2022,lidar,0.9944,train,train
20220218_lidar_tile_1024_1664.npy,20220218,2022,lidar,0.9907,train,train
20220218_lidar_tile_1024_1792.npy,20220218,2022,lidar,0.9536,train,train
20220218_lidar_tile_1024_1920.npy,20220218,2022,lidar,0.9024,train,train
20220218_lidar_tile_1024_2048.npy,20220218,2022,lidar,0.8917,train,train
20220218_lidar_tile_1024_2176.npy,20220218,2022,lidar,0.9027,train,train
20220218_lidar_tile_1024_2304.npy,20220218,2022,lidar,0.8806,train,train
20220218_lidar_tile_1024_2432.npy,20220218,2022,lidar,0.8943,train,train
20220218_lidar_tile_1024_2560.npy,20220218,2022,lidar,0.9229,train,train
20220218_lidar_tile_1024_2688.npy,20220218,2022,lidar,0.9541,train,train
20220218_lidar_tile_1024_2816.npy,20220218,2022,lidar,0.9857,train,train
20220218_lidar_tile_1024_2944.npy,20220218,2022,lidar,0.9724,train,train
20220218_lidar_tile_1024_3072.npy,20220218,2022,lidar,0.9654,train,train
20220218_lidar_tile_1024_3200.npy,20220218,2022,lidar,0.9712,train,train
20220218_lidar_tile_1152_256.npy,20220218,2022,lidar,0.9727,train,test
20220218_lidar_tile_1152_384.npy,20220218,2022,lidar,0.995,train,test
20220218_lidar_tile_1152_512.npy,20220218,2022,lidar,0.9955,train,test
20220218_lidar_tile_1152_640.npy,20220218,2022,lidar,0.9983,train,buffer
20220218_lidar_tile_1152_768.npy,20220218,2022,lidar,0.998,train,val
20220218_lidar_tile_1152_896.npy,20220218,2022,lidar,0.9982,train,val
20220218_lidar_tile_1152_1024.npy,20220218,2022,lidar,0.9985,train,val
20220218_lidar_tile_1152_1152.npy,20220218,2022,lidar,0.9933,train,buffer
20220218_lidar_tile_1152_1280.npy,20220218,2022,lidar,0.9942,train,train
20220218_lidar_tile_1152_1408.npy,20220218,2022,lidar,0.9982,train,train
20220218_lidar_tile_1152_1536.npy,20220218,2022,lidar,0.9869,train,train
20220218_lidar_tile_1152_1664.npy,20220218,2022,lidar,0.9823,train,train
20220218_lidar_tile_1152_1792.npy,20220218,2022,lidar,0.9671,train,train
20220218_lidar_tile_1152_1920.npy,20220218,2022,lidar,0.951,train,train
20220218_lidar_tile_1152_2048.npy,20220218,2022,lidar,0.9432,train,train
20220218_lidar_tile_1152_2176.npy,20220218,2022,lidar,0.9489,train,train
20220218_lidar_tile_1152_2304.npy,20220218,2022,lidar,0.9199,train,train
20220218_lidar_tile_1152_2432.npy,20220218,2022,lidar,0.9121,train,train
20220218_lidar_tile_1152_2560.npy,20220218,2022,lidar,0.947,train,train
20220218_lidar_tile_1152_2688.npy,20220218,2022,lidar,0.9673,train,train
20220218_lidar_tile_1152_2816.npy,20220218,2022,lidar,0.97,train,train
20220218_lidar_tile_1152_2944.npy,20220218,2022,lidar,0.9579,train,train
20220218_lidar_tile_1152_3072.npy,20220218,2022,lidar,0.9551,train,train
20220218_lidar_tile_1280_384.npy,20220218,2022,lidar,0.8487,train,test
20220218_lidar_tile_1280_512.npy,20220218,2022,lidar,0.9784,train,test
20220218_lidar_tile_1280_640.npy,20220218,2022,lidar,0.9931,train,buffer
20220218_lidar_tile_1280_768.npy,20220218,2022,lidar,0.9967,train,val
20220218_lidar_tile_1280_896.npy,20220218,2022,lidar,0.9954,train,val
20220218_lidar_tile_1280_1024.npy,20220218,2022,lidar,0.9948,train,val
20220218_lidar_tile_1280_1152.npy,20220218,2022,lidar,0.9903,train,buffer
20220218_lidar_tile_1280_1280.npy,20220218,2022,lidar,0.9846,train,train
20220218_lidar_tile_1280_1408.npy,20220218,2022,lidar,0.9918,train,train
20220218_lidar_tile_1280_1536.npy,20220218,2022,lidar,0.952,train,train
20220218_lidar_tile_1280_1664.npy,20220218,2022,lidar,0.9402,train,train
20220218_lidar_tile_1280_1792.npy,20220218,2022,lidar,0.9827,train,train
20220218_lidar_tile_1280_1920.npy,20220218,2022,lidar,0.9622,train,train
20220218_lidar_tile_1280_2048.npy,20220218,2022,lidar,0.9496,train,train
20220218_lidar_tile_1280_2176.npy,20220218,2022,lidar,0.9633,train,train
20220218_lidar_tile_1280_2304.npy,20220218,2022,lidar,0.9559,train,train
20220218_lidar_tile_1280_2432.npy,20220218,2022,lidar,0.9644,train,train
20220218_lidar_tile_1280_2560.npy,20220218,2022,lidar,0.9868,train,train
20220218_lidar_tile_1280_2688.npy,20220218,2022,lidar,0.9904,train,train
20220218_lidar_tile_1280_2816.npy,20220218,2022,lidar,0.9649,train,train
20220218_lidar_tile_1280_2944.npy,20220218,2022,lidar,0.9554,train,train
20220218_lidar_tile_1280_3072.npy,20220218,2022,lidar,0.9607,train,train
20220218_lidar_tile_1408_768.npy,20220218,2022,lidar,0.9223,train,val
20220218_lidar_tile_1408_896.npy,20220218,2022,lidar,0.9358,train,val
20220218_lidar_tile_1408_1024.npy,20220218,2022,lidar,0.9617,train,val
20220218_lidar_tile_1408_1152.npy,20220218,2022,lidar,0.991,train,buffer
20220218_lidar_tile_1408_1280.npy,20220218,2022,lidar,0.9855,train,train
20220218_lidar_tile_1408_1408.npy,20220218,2022,lidar,0.9915,train,train
20220218_lidar_tile_1408_1536.npy,20220218,2022,lidar,0.9489,train,train
20220218_lidar_tile_1408_1664.npy,20220218,2022,lidar,0.9366,train,train
20220218_lidar_tile_1408_1792.npy,20220218,2022,lidar,0.9807,train,train
20220218_lidar_tile_1408_1920.npy,20220218,2022,lidar,0.9698,train,train
20220218_lidar_tile_1408_2048.npy,20220218,2022,lidar,0.9549,train,train
20220218_lidar_tile_1408_2176.npy,20220218,2022,lidar,0.9515,train,train
20220218_lidar_tile_1408_2304.npy,20220218,2022,lidar,0.9576,train,train
20220218_lidar_tile_1408_2432.npy,20220218,2022,lidar,0.9822,train,train
20220218_lidar_tile_1408_2560.npy,20220218,2022,lidar,0.9871,train,train
20220218_lidar_tile_1408_2688.npy,20220218,2022,lidar,0.971,train,train
20220218_lidar_tile_1408_2816.npy,20220218,2022,lidar,0.9642,train,train
20220218_lidar_tile_1408_2944.npy,20220218,2022,lidar,0.9733,train,train
20220218_lidar_tile_1408_3072.npy,20220218,2022,lidar,0.982,train,train
20220218_lidar_tile_1536_768.npy,20220218,2022,lidar,0.8092,train,val
20220218_lidar_tile_1536_896.npy,20220218,2022,lidar,0.9111,train,val
20220218_lidar_tile_1536_1024.npy,20220218,2022,lidar,0.949,train,val
20220218_lidar_tile_1536_1152.npy,20220218,2022,lidar,0.9929,train,buffer
20220218_lidar_tile_1536_1280.npy,20220218,2022,lidar,0.9953,train,train
20220218_lidar_tile_1536_1408.npy,20220218,2022,lidar,0.997,train,train
20220218_lidar_tile_1536_1536.npy,20220218,2022,lidar,0.9796,train,train
20220218_lidar_tile_1536_1664.npy,20220218,2022,lidar,0.9741,train,train
20220218_lidar_tile_1536_1792.npy,20220218,2022,lidar,0.9774,train,train
20220218_lidar_tile_1536_1920.npy,20220218,2022,lidar,0.9786,train,train
20220218_lidar_tile_1536_2048.npy,20220218,2022,lidar,0.9682,train,train
20220218_lidar_tile_1536_2176.npy,20220218,2022,lidar,0.9322,train,train
20220218_lidar_tile_1536_2304.npy,20220218,2022,lidar,0.9502,train,train
20220218_lidar_tile_1536_2432.npy,20220218,2022,lidar,0.9863,train,train
20220218_lidar_tile_1536_2560.npy,20220218,2022,lidar,0.975,train,train
20220218_lidar_tile_1536_2688.npy,20220218,2022,lidar,0.9506,train,train
20220218_lidar_tile_1536_2816.npy,20220218,2022,lidar,0.956,train,train
20220218_lidar_tile_1536_2944.npy,20220218,2022,lidar,0.9836,train,train
20220218_lidar_tile_1536_3072.npy,20220218,2022,lidar,0.9849,train,train
20220218_lidar_tile_1664_768.npy,20220218,2022,lidar,0.8425,train,val
20220218_lidar_tile_1664_896.npy,20220218,2022,lidar,0.9684,train,val
20220218_lidar_tile_1664_1024.npy,20220218,2022,lidar,0.9806,train,val
20220218_lidar_tile_1664_1152.npy,20220218,2022,lidar,0.9948,train,buffer
20220218_lidar_tile_1664_1280.npy,20220218,2022,lidar,0.9967,train,train
20220218_lidar_tile_1664_1408.npy,20220218,2022,lidar,0.9942,train,train
20220218_lidar_tile_1664_1536.npy,20220218,2022,lidar,0.9767,train,train
20220218_lidar_tile_1664_1664.npy,20220218,2022,lidar,0.9593,train,train
20220218_lidar_tile_1664_1792.npy,20220218,2022,lidar,0.9551,train,train
20220218_lidar_tile_1664_1920.npy,20220218,2022,lidar,0.9388,train,train
20220218_lidar_tile_1664_2048.npy,20220218,2022,lidar,0.9023,train,train
20220218_lidar_tile_1664_2176.npy,20220218,2022,lidar,0.9039,train,train
20220218_lidar_tile_1664_2304.npy,20220218,2022,lidar,0.9592,train,train
20220218_lidar_tile_1664_2432.npy,20220218,2022,lidar,0.9825,train,train
20220218_lidar_tile_1664_2560.npy,20220218,2022,lidar,0.969,train,train
20220218_lidar_tile_1664_2688.npy,20220218,2022,lidar,0.9627,train,train
20220218_lidar_tile_1664_2816.npy,20220218,2022,lidar,0.9704,train,train
20220218_lidar_tile_1664_2944.npy,20220218,2022,lidar,0.9881,train,train
20220218_lidar_tile_1792_768.npy,20220218,2022,lidar,0.8965,train,val
20220218_lidar_tile_1792_896.npy,20220218,2022,lidar,0.9966,train,val
20220218_lidar_tile_1792_1024.npy,20220218,2022,lidar,0.998,train,val
20220218_lidar_tile_1792_1152.npy,20220218,2022,lidar,0.9934,train,buffer
20220218_lidar_tile_1792_1280.npy,20220218,2022,lidar,0.9897,train,train
20220218_lidar_tile_1792_1408.npy,20220218,2022,lidar,0.9915,train,train
20220218_lidar_tile_1792_1536.npy,20220218,2022,lidar,0.973,train,train
20220218_lidar_tile_1792_1664.npy,20220218,2022,lidar,0.9544,train,train
20220218_lidar_tile_1792_1792.npy,20220218,2022,lidar,0.953,train,train
20220218_lidar_tile_1792_1920.npy,20220218,2022,lidar,0.9148,train,train
20220218_lidar_tile_1792_2048.npy,20220218,2022,lidar,0.8772,train,train
20220218_lidar_tile_1792_2176.npy,20220218,2022,lidar,0.9172,train,train
20220218_lidar_tile_1792_2304.npy,20220218,2022,lidar,0.9638,train,train
20220218_lidar_tile_1792_2432.npy,20220218,2022,lidar,0.9705,train,train
20220218_lidar_tile_1792_2560.npy,20220218,2022,lidar,0.974,train,train
20220218_lidar_tile_1792_2688.npy,20220218,2022,lidar,0.9829,train,train
20220218_lidar_tile_1792_2816.npy,20220218,2022,lidar,0.9938,train,train
20220218_lidar_tile_1792_2944.npy,20220218,2022,lidar,0.9797,train,train
20220218_lidar_tile_1920_768.npy,20220218,2022,lidar,0.8248,train,val
20220218_lidar_tile_1920_896.npy,20220218,2022,lidar,0.9948,train,val
20220218_lidar_tile_1920_1024.npy,20220218,2022,lidar,0.9974,train,val
20220218_lidar_tile_1920_1152.npy,20220218,2022,lidar,0.9928,train,buffer
20220218_lidar_tile_1920_1280.npy,20220218,2022,lidar,0.989,train,train
20220218_lidar_tile_1920_1408.npy,20220218,2022,lidar,0.9927,train,train
20220218_lidar_tile_1920_1536.npy,20220218,2022,lidar,0.9839,train,train
20220218_lidar_tile_1920_1664.npy,20220218,2022,lidar,0.9767,train,train
20220218_lidar_tile_1920_1792.npy,20220218,2022,lidar,0.9692,train,train
20220218_lidar_tile_1920_1920.npy,20220218,2022,lidar,0.9439,train,train
20220218_lidar_tile_1920_2048.npy,20220218,2022,lidar,0.929,train,train
20220218_lidar_tile_1920_2176.npy,20220218,2022,lidar,0.9449,train,train
20220218_lidar_tile_1920_2304.npy,20220218,2022,lidar,0.9581,train,train
20220218_lidar_tile_1920_2432.npy,20220218,2022,lidar,0.9676,train,train
20220218_lidar_tile_1920_2560.npy,20220218,2022,lidar,0.9872,train,train
20220218_lidar_tile_1920_2688.npy,20220218,2022,lidar,0.9924,train,train
20220218_lidar_tile_1920_2816.npy,20220218,2022,lidar,0.9906,train,train
20220218_lidar_tile_2048_768.npy,20220218,2022,lidar,0.7148,train,val
20220218_lidar_tile_2048_896.npy,20220218,2022,lidar,0.9909,train,val
20220218_lidar_tile_2048_1024.npy,20220218,2022,lidar,0.9934,train,val
20220218_lidar_tile_2048_1152.npy,20220218,2022,lidar,0.992,train,buffer
20220218_lidar_tile_2048_1280.npy,20220218,2022,lidar,0.988,train,train
20220218_lidar_tile_2048_1408.npy,20220218,2022,lidar,0.9867,train,train
20220218_lidar_tile_2048_1536.npy,20220218,2022,lidar,0.984,train,train
20220218_lidar_tile_2048_1664.npy,20220218,2022,lidar,0.9837,train,train
20220218_lidar_tile_2048_1792.npy,20220218,2022,lidar,0.9771,train,train
20220218_lidar_tile_2048_1920.npy,20220218,2022,lidar,0.9677,train,train
20220218_lidar_tile_2048_2048.npy,20220218,2022,lidar,0.9598,train,train
20220218_lidar_tile_2048_2176.npy,20220218,2022,lidar,0.9672,train,train
20220218_lidar_tile_2048_2304.npy,20220218,2022,lidar,0.9797,train,train
20220218_lidar_tile_2048_2432.npy,20220218,2022,lidar,0.9828,train,train
20220218_lidar_tile_2048_2560.npy,20220218,2022,lidar,0.9859,train,train
20220218_lidar_tile_2048_2688.npy,20220218,2022,lidar,0.9877,train,train
20220218_lidar_tile_2048_2816.npy,20220218,2022,lidar,0.9401,train,train
20220218_lidar_tile_2176_768.npy,20220218,2022,lidar,0.5826,train,val
20220218_lidar_tile_2176_896.npy,20220218,2022,lidar,0.9622,train,val
20220218_lidar_tile_2176_1024.npy,20220218,2022,lidar,0.9848,train,val
20220218_lidar_tile_2176_1152.npy,20220218,2022,lidar,0.9876,train,buffer
20220218_lidar_tile_2176_1280.npy,20220218,2022,lidar,0.9817,train,train
20220218_lidar_tile_2176_1408.npy,20220218,2022,lidar,0.9809,train,train
20220218_lidar_tile_2176_1536.npy,20220218,2022,lidar,0.9753,train,train
20220218_lidar_tile_2176_1664.npy,20220218,2022,lidar,0.9749,train,train
20220218_lidar_tile_2176_1792.npy,20220218,2022,lidar,0.9585,train,train
20220218_lidar_tile_2176_1920.npy,20220218,2022,lidar,0.9523,train,train
20220218_lidar_tile_2176_2048.npy,20220218,2022,lidar,0.9778,train,train
20220218_lidar_tile_2176_2176.npy,20220218,2022,lidar,0.9897,train,train
20220218_lidar_tile_2176_2304.npy,20220218,2022,lidar,0.9942,train,train
20220218_lidar_tile_2176_2432.npy,20220218,2022,lidar,0.9927,train,train
20220218_lidar_tile_2176_2560.npy,20220218,2022,lidar,0.9878,train,train
20220218_lidar_tile_2176_2688.npy,20220218,2022,lidar,0.9475,train,train
20220218_lidar_tile_2304_896.npy,20220218,2022,lidar,0.9391,train,val
20220218_lidar_tile_2304_1024.npy,20220218,2022,lidar,0.9829,train,val
20220218_lidar_tile_2304_1152.npy,20220218,2022,lidar,0.9863,train,buffer
20220218_lidar_tile_2304_1280.npy,20220218,2022,lidar,0.9846,train,train
20220218_lidar_tile_2304_1408.npy,20220218,2022,lidar,0.9762,train,train
20220218_lidar_tile_2304_1536.npy,20220218,2022,lidar,0.9641,train,train
20220218_lidar_tile_2304_1664.npy,20220218,2022,lidar,0.9677,train,train
20220218_lidar_tile_2304_1792.npy,20220218,2022,lidar,0.9574,train,train
20220218_lidar_tile_2304_1920.npy,20220218,2022,lidar,0.9607,train,train
20220218_lidar_tile_2304_2048.npy,20220218,2022,lidar,0.9899,train,train
20220218_lidar_tile_2304_2176.npy,20220218,2022,lidar,0.994,train,train
20220218_lidar_tile_2304_2304.npy,20220218,2022,lidar,0.9798,train,train
20220218_lidar_tile_2304_2432.npy,20220218,2022,lidar,0.9638,train,train
20220218_lidar_tile_2304_2560.npy,20220218,2022,lidar,0.9313,train,train
20220218_lidar_tile_2432_768.npy,20220218,2022,lidar,0.4337,train,val
20220218_lidar_tile_2432_896.npy,20220218,2022,lidar,0.9188,train,val
20220218_lidar_tile_2432_1024.npy,20220218,2022,lidar,0.9899,train,val
20220218_lidar_tile_2432_1152.npy,20220218,2022,lidar,0.9912,train,buffer
20220218_lidar_tile_2432_1280.npy,20220218,2022,lidar,0.9897,train,train
20220218_lidar_tile_2432_1408.npy,20220218,2022,lidar,0.9744,train,train
20220218_lidar_tile_2432_1536.npy,20220218,2022,lidar,0.9691,train,train
20220218_lidar_tile_2432_1664.npy,20220218,2022,lidar,0.9804,train,train
20220218_lidar_tile_2432_1792.npy,20220218,2022,lidar,0.9846,train,train
20220218_lidar_tile_2432_1920.npy,20220218,2022,lidar,0.9916,train,train
20220218_lidar_tile_2432_2048.npy,20220218,2022,lidar,0.9847,train,train
20220218_lidar_tile_2432_2176.npy,20220218,2022,lidar,0.9721,train,train
20220218_lidar_tile_2432_2304.npy,20220218,2022,lidar,0.9499,train,train
20220218_lidar_tile_2432_2432.npy,20220218,2022,lidar,0.8707,train,train
20220218_lidar_tile_2560_768.npy,20220218,2022,lidar,0.3101,train,val
20220218_lidar_tile_2560_896.npy,20220218,2022,lidar,0.8065,train,val
20220218_lidar_tile_2560_1024.npy,20220218,2022,lidar,0.992,train,val
20220218_lidar_tile_2560_1152.npy,20220218,2022,lidar,0.9923,train,buffer
20220218_lidar_tile_2560_1280.npy,20220218,2022,lidar,0.9917,train,train
20220218_lidar_tile_2560_1408.npy,20220218,2022,lidar,0.9869,train,train
20220218_lidar_tile_2560_1536.npy,20220218,2022,lidar,0.9878,train,train
20220218_lidar_tile_2560_1664.npy,20220218,2022,lidar,0.9939,train,train
20220218_lidar_tile_2560_1792.npy,20220218,2022,lidar,0.9968,train,train
20220218_lidar_tile_2560_1920.npy,20220218,2022,lidar,0.9969,train,train
20220218_lidar_tile_2560_2048.npy,20220218,2022,lidar,0.9726,train,train
20220218_lidar_tile_2560_2176.npy,20220218,2022,lidar,0.9506,train,train
20220218_lidar_tile_2560_2304.npy,20220218,2022,lidar,0.933,train,train
20220218_lidar_tile_2560_2432.npy,20220218,2022,lidar,0.8443,train,train
20220218_lidar_tile_2688_896.npy,20220218,2022,lidar,0.5913,train,val
20220218_lidar_tile_2688_1024.npy,20220218,2022,lidar,0.9631,train,val
20220218_lidar_tile_2688_1152.npy,20220218,2022,lidar,0.9852,train,buffer
20220218_lidar_tile_2688_1280.npy,20220218,2022,lidar,0.986,train,train
20220218_lidar_tile_2688_1408.npy,20220218,2022,lidar,0.991,train,train
20220218_lidar_tile_2688_1536.npy,20220218,2022,lidar,0.9938,train,train
20220218_lidar_tile_2688_1664.npy,20220218,2022,lidar,0.996,train,train
20220218_lidar_tile_2688_1792.npy,20220218,2022,lidar,0.998,train,train
20220218_lidar_tile_2688_1920.npy,20220218,2022,lidar,0.9965,train,train
20220218_lidar_tile_2688_2048.npy,20220218,2022,lidar,0.9775,train,train
20220218_lidar_tile_2688_2176.npy,20220218,2022,lidar,0.9644,train,train
20220218_lidar_tile_2688_2304.npy,20220218,2022,lidar,0.9097,train,train
20220218_lidar_tile_2816_1024.npy,20220218,2022,lidar,0.7353,train,val
20220218_lidar_tile_2816_1152.npy,20220218,2022,lidar,0.9708,train,buffer
20220218_lidar_tile_2816_1280.npy,20220218,2022,lidar,0.9755,train,train
20220218_lidar_tile_2816_1408.npy,20220218,2022,lidar,0.9813,train,train
20220218_lidar_tile_2816_1536.npy,20220218,2022,lidar,0.9891,train,train
20220218_lidar_tile_2816_1664.npy,20220218,2022,lidar,0.9941,train,train
20220218_lidar_tile_2816_1792.npy,20220218,2022,lidar,0.9876,train,train
20220218_lidar_tile_2816_1920.npy,20220218,2022,lidar,0.9664,train,train
20220218_lidar_tile_2944_1024.npy,20220218,2022,lidar,0.3699,train,val
20220218_lidar_tile_2944_1152.npy,20220218,2022,lidar,0.8194,train,buffer
20220218_lidar_tile_2944_1280.npy,20220218,2022,lidar,0.9605,train,train
20220218_lidar_tile_2944_1408.npy,20220218,2022,lidar,0.9309,train,train
20220218_lidar_tile_2944_1536.npy,20220218,2022,lidar,0.91,train,train
20220417_lidar_tile_128_0.npy,20220417,2022,lidar,0.7177,train,test
20220417_lidar_tile_128_128.npy,20220417,2022,lidar,0.9492,train,test
20220417_lidar_tile_128_256.npy,20220417,2022,lidar,0.9691,train,test
20220417_lidar_tile_128_384.npy,20220417,2022,lidar,0.9789,train,test
20220417_lidar_tile_128_512.npy,20220417,2022,lidar,0.903,train,test
20220417_lidar_tile_256_0.npy,20220417,2022,lidar,0.7382,train,test
20220417_lidar_tile_256_128.npy,20220417,2022,lidar,0.9302,train,test
20220417_lidar_tile_256_256.npy,20220417,2022,lidar,0.9311,train,test
20220417_lidar_tile_256_384.npy,20220417,2022,lidar,0.9753,train,test
20220417_lidar_tile_256_512.npy,20220417,2022,lidar,0.9547,train,test
20220417_lidar_tile_256_640.npy,20220417,2022,lidar,0.9564,train,buffer
20220417_lidar_tile_384_0.npy,20220417,2022,lidar,0.8593,train,test
20220417_lidar_tile_384_128.npy,20220417,2022,lidar,0.9634,train,test
20220417_lidar_tile_384_256.npy,20220417,2022,lidar,0.9527,train,test
20220417_lidar_tile_384_384.npy,20220417,2022,lidar,0.9615,train,test
20220417_lidar_tile_384_512.npy,20220417,2022,lidar,0.9173,train,test
20220417_lidar_tile_384_640.npy,20220417,2022,lidar,0.9286,train,buffer
20220417_lidar_tile_384_768.npy,20220417,2022,lidar,0.974,train,val
20220417_lidar_tile_384_1792.npy,20220417,2022,lidar,0.9213,train,train
20220417_lidar_tile_384_1920.npy,20220417,2022,lidar,0.9243,train,train
20220417_lidar_tile_512_0.npy,20220417,2022,lidar,0.9119,train,test
20220417_lidar_tile_512_128.npy,20220417,2022,lidar,0.9676,train,test
20220417_lidar_tile_512_256.npy,20220417,2022,lidar,0.9708,train,test
20220417_lidar_tile_512_384.npy,20220417,2022,lidar,0.9825,train,test
20220417_lidar_tile_512_512.npy,20220417,2022,lidar,0.9566,train,test
20220417_lidar_tile_512_640.npy,20220417,2022,lidar,0.9636,train,buffer
20220417_lidar_tile_512_768.npy,20220417,2022,lidar,0.9864,train,val
20220417_lidar_tile_512_896.npy,20220417,2022,lidar,0.9896,train,val
20220417_lidar_tile_512_1024.npy,20220417,2022,lidar,0.9978,train,val
20220417_lidar_tile_512_1152.npy,20220417,2022,lidar,0.9978,train,buffer
20220417_lidar_tile_512_1280.npy,20220417,2022,lidar,0.9626,train,train
20220417_lidar_tile_512_1408.npy,20220417,2022,lidar,0.9436,train,train
20220417_lidar_tile_512_1536.npy,20220417,2022,lidar,0.9694,train,train
20220417_lidar_tile_512_1664.npy,20220417,2022,lidar,0.9728,train,train
20220417_lidar_tile_512_1792.npy,20220417,2022,lidar,0.9525,train,train
20220417_lidar_tile_512_1920.npy,20220417,2022,lidar,0.9427,train,train
20220417_lidar_tile_512_2048.npy,20220417,2022,lidar,0.9457,train,train
20220417_lidar_tile_512_2176.npy,20220417,2022,lidar,0.9318,train,train
20220417_lidar_tile_512_2304.npy,20220417,2022,lidar,0.9297,train,train
20220417_lidar_tile_640_0.npy,20220417,2022,lidar,0.9096,train,test
20220417_lidar_tile_640_128.npy,20220417,2022,lidar,0.9641,train,test
20220417_lidar_tile_640_256.npy,20220417,2022,lidar,0.971,train,test
20220417_lidar_tile_640_384.npy,20220417,2022,lidar,0.9947,train,test
20220417_lidar_tile_640_512.npy,20220417,2022,lidar,0.9987,train,test
20220417_lidar_tile_640_640.npy,20220417,2022,lidar,0.9988,train,buffer
20220417_lidar_tile_640_768.npy,20220417,2022,lidar,0.9945,train,val
20220417_lidar_tile_640_896.npy,20220417,2022,lidar,0.9947,train,val
20220417_lidar_tile_640_1024.npy,20220417,2022,lidar,0.9986,train,val
20220417_lidar_tile_640_1152.npy,20220417,2022,lidar,0.9989,train,buffer
20220417_lidar_tile_640_1280.npy,20220417,2022,lidar,0.9992,train,train
20220417_lidar_tile_640_1408.npy,20220417,2022,lidar,0.9846,train,train
20220417_lidar_tile_640_1536.npy,20220417,2022,lidar,0.9521,train,train
20220417_lidar_tile_640_1664.npy,20220417,2022,lidar,0.9503,train,train
20220417_lidar_tile_640_1792.npy,20220417,2022,lidar,0.9703,train,train
20220417_lidar_tile_640_1920.npy,20220417,2022,lidar,0.9651,train,train
20220417_lidar_tile_640_2048.npy,20220417,2022,lidar,0.9578,train,train
20220417_lidar_tile_640_2176.npy,20220417,2022,lidar,0.9703,train,train
20220417_lidar_tile_640_2304.npy,20220417,2022,lidar,0.9376,train,train
20220417_lidar_tile_640_2432.npy,20220417,2022,lidar,0.9111,train,train
20220417_lidar_tile_640_2560.npy,20220417,2022,lidar,0.9048,train,train
20220417_lidar_tile_768_0.npy,20220417,2022,lidar,0.8875,train,test
20220417_lidar_tile_768_128.npy,20220417,2022,lidar,0.9621,train,test
20220417_lidar_tile_768_256.npy,20220417,2022,lidar,0.9694,train,test
20220417_lidar_tile_768_384.npy,20220417,2022,lidar,0.9804,train,test
20220417_lidar_tile_768_512.npy,20220417,2022,lidar,0.9906,train,test
20220417_lidar_tile_768_640.npy,20220417,2022,lidar,0.9979,train,buffer
20220417_lidar_tile_768_768.npy,20220417,2022,lidar,0.9989,train,val
20220417_lidar_tile_768_896.npy,20220417,2022,lidar,0.999,train,val
20220417_lidar_tile_768_1024.npy,20220417,2022,lidar,0.9984,train,val
20220417_lidar_tile_768_1152.npy,20220417,2022,lidar,0.998,train,buffer
20220417_lidar_tile_768_1280.npy,20220417,2022,lidar,0.9976,train,train
20220417_lidar_tile_768_1408.npy,20220417,2022,lidar,0.9841,train,train
20220417_lidar_tile_768_1536.npy,20220417,2022,lidar,0.9139,train,train
20220417_lidar_tile_768_1664.npy,20220417,2022,lidar,0.9216,train,train
20220417_lidar_tile_768_1792.npy,20220417,2022,lidar,0.9884,train,train
20220417_lidar_tile_768_1920.npy,20220417,2022,lidar,0.9821,train,train
20220417_lidar_tile_768_2048.npy,20220417,2022,lidar,0.9695,train,train
20220417_lidar_tile_768_2176.npy,20220417,2022,lidar,0.9653,train,train
20220417_lidar_tile_768_2304.npy,20220417,2022,lidar,0.9322,train,train
20220417_lidar_tile_768_2432.npy,20220417,2022,lidar,0.9287,train,train
20220417_lidar_tile_768_2560.npy,20220417,2022,lidar,0.9078,train,train
20220417_lidar_tile_768_2688.npy,20220417,2022,lidar,0.8525,train,train
20220417_lidar_tile_896_0.npy,20220417,2022,lidar,0.8235,train,test
20220417_lidar_tile_896_128.npy,20220417,2022,lidar,0.8638,train,test
20220417_lidar_tile_896_256.npy,20220417,2022,lidar,0.8539,train,test
20220417_lidar_tile_896_384.npy,20220417,2022,lidar,0.9154,train,test
20220417_lidar_tile_896_512.npy,20220417,2022,lidar,0.9783,train,test
20220417_lidar_tile_896_640.npy,20220417,2022,lidar,0.9967,train,buffer
20220417_lidar_tile_896_768.npy,20220417,2022,lidar,0.9987,train,val
20220417_lidar_tile_896_896.npy,20220417,2022,lidar,0.9973,train,val
20220417_lidar_tile_896_1024.npy,20220417,2022,lidar,0.9965,train,val
20220417_lidar_tile_896_1152.npy,20220417,2022,lidar,0.9957,train,buffer
20220417_lidar_tile_896_1280.npy,20220417,2022,lidar,0.9951,train,train
20220417_lidar_tile_896_1408.npy,20220417,2022,lidar,0.9804,train,train
20220417_lidar_tile_896_1792.npy,20220417,2022,lidar,0.9837,train,train
20220417_lidar_tile_896_1920.npy,20220417,2022,lidar,0.9871,train,train
20220417_lidar_tile_896_2048.npy,20220417,2022,lidar,0.9767,train,train
20220417_lidar_tile_896_2176.npy,20220417,2022,lidar,0.9482,train,train
20220417_lidar_tile_896_2304.npy,20220417,2022,lidar,0.9424,train,train
20220417_lidar_tile_896_2432.npy,20220417,2022,lidar,0.8864,train,train
20220417_lidar_tile_896_2560.npy,20220417,2022,lidar,0.672,train,train
20220417_lidar_tile_896_2688.npy,20220417,2022,lidar,0.6905,train,train
20220417_lidar_tile_896_2816.npy,20220417,2022,lidar,0.7137,train,train
20220417_lidar_tile_1024_0.npy,20220417,2022,lidar,0.8271,train,test
20220417_lidar_tile_1024_128.npy,20220417,2022,lidar,0.8386,train,test
20220417_lidar_tile_1024_256.npy,20220417,2022,lidar,0.8173,train,test
20220417_lidar_tile_1024_384.npy,20220417,2022,lidar,0.8947,train,test
20220417_lidar_tile_1024_512.npy,20220417,2022,lidar,0.9805,train,test
20220417_lidar_tile_1024_640.npy,20220417,2022,lidar,0.9883,train,buffer
20220417_lidar_tile_1024_768.npy,20220417,2022,lidar,0.9917,train,val
20220417_lidar_tile_1024_896.npy,20220417,2022,lidar,0.9964,train,val
20220417_lidar_tile_1024_1024.npy,20220417,2022,lidar,0.9952,train,val
20220417_lidar_tile_1024_1152.npy,20220417,2022,lidar,0.9946,train,buffer
20220417_lidar_tile_1024_1280.npy,20220417,2022,lidar,0.9946,train,train
20220417_lidar_tile_1024_1408.npy,20220417,2022,lidar,0.9845,train,train
20220417_lidar_tile_1024_1536.npy,20220417,2022,lidar,0.9417,train,train
20220417_lidar_tile_1024_1664.npy,20220417,2022,lidar,0.9435,train,train
20220417_lidar_tile_1024_1792.npy,20220417,2022,lidar,0.9771,train,train
20220417_lidar_tile_1024_1920.npy,20220417,2022,lidar,0.9838,train,train
20220417_lidar_tile_1024_2048.npy,20220417,2022,lidar,0.9584,train,train
20220417_lidar_tile_1024_2176.npy,20220417,2022,lidar,0.9291,train,train
20220417_lidar_tile_1024_2304.npy,20220417,2022,lidar,0.9205,train,train
20220417_lidar_tile_1024_2432.npy,20220417,2022,lidar,0.7167,train,train
20220417_lidar_tile_1024_2560.npy,20220417,2022,lidar,0.4452,train,train
20220417_lidar_tile_1024_2688.npy,20220417,2022,lidar,0.5037,train,train
20220417_lidar_tile_1152_0.npy,20220417,2022,lidar,0.849,train,test
20220417_lidar_tile_1152_128.npy,20220417,2022,lidar,0.9203,train,test
20220417_lidar_tile_1152_256.npy,20220417,2022,lidar,0.8968,train,test
20220417_lidar_tile_1152_384.npy,20220417,2022,lidar,0.9163,train,test
20220417_lidar_tile_1152_512.npy,20220417,2022,lidar,0.9834,train,test
20220417_lidar_tile_1152_640.npy,20220417,2022,lidar,0.9887,train,buffer
20220417_lidar_tile_1152_768.npy,20220417,2022,lidar,0.9827,train,val
20220417_lidar_tile_1152_896.npy,20220417,2022,lidar,0.9884,train,val
20220417_lidar_tile_1152_1024.npy,20220417,2022,lidar,0.9928,train,val
20220417_lidar_tile_1152_1152.npy,20220417,2022,lidar,0.9893,train,buffer
20220417_lidar_tile_1152_1280.npy,20220417,2022,lidar,0.992,train,train
20220417_lidar_tile_1152_1408.npy,20220417,2022,lidar,0.9892,train,train
20220417_lidar_tile_1152_1536.npy,20220417,2022,lidar,0.981,train,train
20220417_lidar_tile_1152_1664.npy,20220417,2022,lidar,0.9756,train,train
20220417_lidar_tile_1152_1792.npy,20220417,2022,lidar,0.9739,train,train
20220417_lidar_tile_1152_1920.npy,20220417,2022,lidar,0.971,train,train
20220417_lidar_tile_1152_2048.npy,20220417,2022,lidar,0.9493,train,train
20220417_lidar_tile_1152_2176.npy,20220417,2022,lidar,0.894,train,train
20220417_lidar_tile_1152_2304.npy,20220417,2022,lidar,0.8069,train,train
20220417_lidar_tile_1152_2432.npy,20220417,2022,lidar,0.599,train,train
20220417_lidar_tile_1152_2560.npy,20220417,2022,lidar,0.5451,train,train
20220417_lidar_tile_1152_2688.npy,20220417,2022,lidar,0.5847,train,train
20220417_lidar_tile_1280_0.npy,20220417,2022,lidar,0.6912,train,test
20220417_lidar_tile_1280_128.npy,20220417,2022,lidar,0.8044,train,test
20220417_lidar_tile_1280_256.npy,20220417,2022,lidar,0.873,train,test
20220417_lidar_tile_1280_384.npy,20220417,2022,lidar,0.9443,train,test
20220417_lidar_tile_1280_512.npy,20220417,2022,lidar,0.985,train,test
20220417_lidar_tile_1280_640.npy,20220417,2022,lidar,0.9952,train,buffer
20220417_lidar_tile_1280_768.npy,20220417,2022,lidar,0.9901,train,val
20220417_lidar_tile_1280_896.npy,20220417,2022,lidar,0.9895,train,val
20220417_lidar_tile_1280_1024.npy,20220417,2022,lidar,0.9919,train,val
20220417_lidar_tile_1280_1152.npy,20220417,2022,lidar,0.9837,train,buffer
20220417_lidar_tile_1280_1280.npy,20220417,2022,lidar,0.9868,train,train
20220417_lidar_tile_1280_1408.npy,20220417,2022,lidar,0.9845,train,train
20220417_lidar_tile_1280_1536.npy,20220417,2022,lidar,0.9713,train,train
20220417_lidar_tile_1280_1664.npy,20220417,2022,lidar,0.9723,train,train
20220417_lidar_tile_1280_1792.npy,20220417,2022,lidar,0.9767,train,train
20220417_lidar_tile_1280_1920.npy,20220417,2022,lidar,0.9534,train,train
20220417_lidar_tile_1280_2048.npy,20220417,2022,lidar,0.9354,train,train
20220417_lidar_tile_1280_2176.npy,20220417,2022,lidar,0.8403,train,train
20220417_lidar_tile_1280_2304.npy,20220417,2022,lidar,0.6425,train,train
20220417_lidar_tile_1280_2432.npy,20220417,2022,lidar,0.5746,train,train
20220417_lidar_tile_1280_2560.npy,20220417,2022,lidar,0.7164,train,train
20220417_lidar_tile_1280_2688.npy,20220417,2022,lidar,0.6625,train,train
20220417_lidar_tile_1408_384.npy,20220417,2022,lidar,0.8147,train,test
20220417_lidar_tile_1408_512.npy,20220417,2022,lidar,0.957,train,test
20220417_lidar_tile_1408_640.npy,20220417,2022,lidar,0.9765,train,buffer
20220417_lidar_tile_1408_768.npy,20220417,2022,lidar,0.9987,train,val
20220417_lidar_tile_1408_896.npy,20220417,2022,lidar,0.9973,train,val
20220417_lidar_tile_1408_1024.npy,20220417,2022,lidar,0.9944,train,val
20220417_lidar_tile_1408_1152.npy,20220417,2022,lidar,0.9886,train,buffer
20220417_lidar_tile_1408_1280.npy,20220417,2022,lidar,0.9887,train,train
20220417_lidar_tile_1408_1408.npy,20220417,2022,lidar,0.9861,train,train
20220417_lidar_tile_1408_1536.npy,20220417,2022,lidar,0.9769,train,train
20220417_lidar_tile_1408_1664.npy,20220417,2022,lidar,0.9789,train,train
20220417_lidar_tile_1408_1792.npy,20220417,2022,lidar,0.9757,train,train
20220417_lidar_tile_1408_1920.npy,20220417,2022,lidar,0.953,train,train
20220417_lidar_tile_1408_2048.npy,20220417,2022,lidar,0.9154,train,train
20220417_lidar_tile_1408_2176.npy,20220417,2022,lidar,0.8097,train,train
20220417_lidar_tile_1408_2304.npy,20220417,2022,lidar,0.6597,train,train
20220417_lidar_tile_1408_2432.npy,20220417,2022,lidar,0.6741,train,train
20220417_lidar_tile_1408_2560.npy,20220417,2022,lidar,0.728,train,train
20220417_lidar_tile_1408_2688.npy,20220417,2022,lidar,0.6262,train,train
20220417_lidar_tile_1536_384.npy,20220417,2022,lidar,0.4582,train,test
20220417_lidar_tile_1536_512.npy,20220417,2022,lidar,0.8457,train,test
20220417_lidar_tile_1536_640.npy,20220417,2022,lidar,0.9571,train,buffer
20220417_lidar_tile_1536_768.npy,20220417,2022,lidar,0.9699,train,val
20220417_lidar_tile_1536_896.npy,20220417,2022,lidar,0.99,train,val
20220417_lidar_tile_1536_1024.npy,20220417,2022,lidar,0.9941,train,val
20220417_lidar_tile_1536_1152.npy,20220417,2022,lidar,0.9933,train,buffer
20220417_lidar_tile_1536_1280.npy,20220417,2022,lidar,0.9879,train,train
20220417_lidar_tile_1536_1408.npy,20220417,2022,lidar,0.9844,train,train
20220417_lidar_tile_1536_1536.npy,20220417,2022,lidar,0.9897,train,train
20220417_lidar_tile_1536_1664.npy,20220417,2022,lidar,0.9892,train,train
20220417_lidar_tile_1536_1792.npy,20220417,2022,lidar,0.9694,train,train
20220417_lidar_tile_1536_1920.npy,20220417,2022,lidar,0.959,train,train
20220417_lidar_tile_1536_2048.npy,20220417,2022,lidar,0.9224,train,train
20220417_lidar_tile_1536_2176.npy,20220417,2022,lidar,0.835,train,train
20220417_lidar_tile_1536_2304.npy,20220417,2022,lidar,0.7634,train,train
20220417_lidar_tile_1536_2432.npy,20220417,2022,lidar,0.774,train,train
20220417_lidar_tile_1536_2560.npy,20220417,2022,lidar,0.7306,train,train
20220417_lidar_tile_1536_2688.npy,20220417,2022,lidar,0.6441,train,train
20220417_lidar_tile_1664_512.npy,20220417,2022,lidar,0.453,train,test
20220417_lidar_tile_1664_640.npy,20220417,2022,lidar,0.73,train,buffer
20220417_lidar_tile_1664_768.npy,20220417,2022,lidar,0.7941,train,val
20220417_lidar_tile_1664_896.npy,20220417,2022,lidar,0.8717,train,val
20220417_lidar_tile_1664_1024.npy,20220417,2022,lidar,0.9481,train,val
20220417_lidar_tile_1664_1152.npy,20220417,2022,lidar,0.9538,train,buffer
20220417_lidar_tile_1664_1280.npy,20220417,2022,lidar,0.9819,train,train
20220417_lidar_tile_1664_1408.npy,20220417,2022,lidar,0.9853,train,train
20220417_lidar_tile_1664_1536.npy,20220417,2022,lidar,0.9952,train,train
20220417_lidar_tile_1664_1664.npy,20220417,2022,lidar,0.9833,train,train
20220417_lidar_tile_1664_1792.npy,20220417,2022,lidar,0.9577,train,train
20220417_lidar_tile_1664_1920.npy,20220417,2022,lidar,0.9637,train,train
20220417_lidar_tile_1664_2048.npy,20220417,2022,lidar,0.9446,train,train
20220417_lidar_tile_1664_2176.npy,20220417,2022,lidar,0.8932,train,train
20220417_lidar_tile_1664_2304.npy,20220417,2022,lidar,0.8532,train,train
20220417_lidar_tile_1664_2432.npy,20220417,2022,lidar,0.8293,train,train
20220417_lidar_tile_1664_2560.npy,20220417,2022,lidar,0.7704,train,train
20220417_lidar_tile_1792_768.npy,20220417,2022,lidar,0.3543,train,val
20220417_lidar_tile_1792_896.npy,20220417,2022,lidar,0.5125,train,val
20220417_lidar_tile_1792_1024.npy,20220417,2022,lidar,0.7589,train,val
20220417_lidar_tile_1792_1152.npy,20220417,2022,lidar,0.8547,train,buffer
20220417_lidar_tile_1792_1280.npy,20220417,2022,lidar,0.92,train,train
20220417_lidar_tile_1792_1408.npy,20220417,2022,lidar,0.9785,train,train
20220417_lidar_tile_1792_1536.npy,20220417,2022,lidar,0.9926,train,train
20220417_lidar_tile_1792_1664.npy,20220417,2022,lidar,0.973,train,train
20220417_lidar_tile_1792_1792.npy,20220417,2022,lidar,0.9545,train,train
20220417_lidar_tile_1792_1920.npy,20220417,2022,lidar,0.9707,train,train
20220417_lidar_tile_1792_2048.npy,20220417,2022,lidar,0.9674,train,train
20220417_lidar_tile_1792_2176.npy,20220417,2022,lidar,0.9478,train,train
20220417_lidar_tile_1792_2304.npy,20220417,2022,lidar,0.9521,train,train
20220417_lidar_tile_1792_2432.npy,20220417,2022,lidar,0.9352,train,train
20220417_lidar_tile_1920_1024.npy,20220417,2022,lidar,0.4445,train,val
20220417_lidar_tile_1920_1152.npy,20220417,2022,lidar,0.5177,train,buffer
20220417_lidar_tile_1920_1280.npy,20220417,2022,lidar,0.6588,train,train
20220417_lidar_tile_1920_1408.npy,20220417,2022,lidar,0.9422,train,train
20220417_lidar_tile_1920_1536.npy,20220417,2022,lidar,0.9882,train,train
20220417_lidar_tile_1920_1664.npy,20220417,2022,lidar,0.9762,train,train
20220417_lidar_tile_1920_1792.npy,20220417,2022,lidar,0.9708,train,train
20220417_lidar_tile_1920_1920.npy,20220417,2022,lidar,0.9797,train,train
20220417_lidar_tile_1920_2048.npy,20220417,2022,lidar,0.9802,train,train
20220417_lidar_tile_1920_2176.npy,20220417,2022,lidar,0.9755,train,train
20220417_lidar_tile_1920_2304.npy,20220417,2022,lidar,0.9794,train,train
20220417_lidar_tile_1920_2432.npy,20220417,2022,lidar,0.9306,train,train
20220417_lidar_tile_2048_1280.npy,20220417,2022,lidar,0.4049,train,train
20220417_lidar_tile_2048_1408.npy,20220417,2022,lidar,0.8338,train,train
20220417_lidar_tile_2048_1536.npy,20220417,2022,lidar,0.9387,train,train
20220417_lidar_tile_2048_1664.npy,20220417,2022,lidar,0.9694,train,train
20220417_lidar_tile_2048_1792.npy,20220417,2022,lidar,0.9873,train,train
20220417_lidar_tile_2048_1920.npy,20220417,2022,lidar,0.9897,train,train
20220417_lidar_tile_2048_2048.npy,20220417,2022,lidar,0.992,train,train
20220417_lidar_tile_2048_2176.npy,20220417,2022,lidar,0.9833,train,train
20220417_lidar_tile_2048_2304.npy,20220417,2022,lidar,0.979,train,train
20220417_lidar_tile_2176_1408.npy,20220417,2022,lidar,0.4343,train,train
20220417_lidar_tile_2176_1536.npy,20220417,2022,lidar,0.5034,train,train
20220417_lidar_tile_2176_1664.npy,20220417,2022,lidar,0.6394,train,train
20220417_lidar_tile_2176_1792.npy,20220417,2022,lidar,0.8563,train,train
20220417_lidar_tile_2176_1920.npy,20220417,2022,lidar,0.9844,train,train
20220417_lidar_tile_2176_2048.npy,20220417,2022,lidar,0.994,train,train
20220417_lidar_tile_2176_2176.npy,20220417,2022,lidar,0.9886,train,train
20220417_lidar_tile_2176_2304.npy,20220417,2022,lidar,0.896,train,train
20220417_lidar_tile_2304_1792.npy,20220417,2022,lidar,0.4278,train,train
20220417_lidar_tile_2304_1920.npy,20220417,2022,lidar,0.7149,train,train
20220417_lidar_tile_2304_2048.npy,20220417,2022,lidar,0.8928,train,train
20220516_lidar_tile_128_256.npy,20220516,2022,lidar,0.9055,train,test
20220516_lidar_tile_128_384.npy,20220516,2022,lidar,0.9679,train,test
20220516_lidar_tile_128_512.npy,20220516,2022,lidar,0.9757,train,test
20220516_lidar_tile_128_640.npy,20220516,2022,lidar,0.9897,train,buffer
20220516_lidar_tile_128_768.npy,20220516,2022,lidar,0.9953,train,val
20220516_lidar_tile_128_896.npy,20220516,2022,lidar,0.9401,train,val
20220516_lidar_tile_256_256.npy,20220516,2022,lidar,0.9788,train,test
20220516_lidar_tile_256_384.npy,20220516,2022,lidar,0.9789,train,test
20220516_lidar_tile_256_512.npy,20220516,2022,lidar,0.9845,train,test
20220516_lidar_tile_256_640.npy,20220516,2022,lidar,0.9905,train,buffer
20220516_lidar_tile_256_768.npy,20220516,2022,lidar,0.9926,train,val
20220516_lidar_tile_256_896.npy,20220516,2022,lidar,0.9851,train,val
20220516_lidar_tile_256_1024.npy,20220516,2022,lidar,0.9893,train,val
20220516_lidar_tile_256_1152.npy,20220516,2022,lidar,0.9845,train,buffer
20220516_lidar_tile_384_128.npy,20220516,2022,lidar,0.9405,train,test
20220516_lidar_tile_384_256.npy,20220516,2022,lidar,0.9764,train,test
20220516_lidar_tile_384_384.npy,20220516,2022,lidar,0.981,train,test
20220516_lidar_tile_384_512.npy,20220516,2022,lidar,0.9951,train,test
20220516_lidar_tile_384_640.npy,20220516,2022,lidar,0.9963,train,buffer
20220516_lidar_tile_384_768.npy,20220516,2022,lidar,0.9913,train,val
20220516_lidar_tile_384_896.npy,20220516,2022,lidar,0.9856,train,val
20220516_lidar_tile_384_1024.npy,20220516,2022,lidar,0.9919,train,val
20220516_lidar_tile_384_1152.npy,20220516,2022,lidar,0.9971,train,buffer
20220516_lidar_tile_384_2304.npy,20220516,2022,lidar,0.3749,train,train
20220516_lidar_tile_512_128.npy,20220516,2022,lidar,0.9799,train,test
20220516_lidar_tile_512_256.npy,20220516,2022,lidar,0.977,train,test
20220516_lidar_tile_512_384.npy,20220516,2022,lidar,0.9846,train,test
20220516_lidar_tile_512_512.npy,20220516,2022,lidar,0.9958,train,test
20220516_lidar_tile_512_640.npy,20220516,2022,lidar,0.994,train,buffer
20220516_lidar_tile_512_768.npy,20220516,2022,lidar,0.992,train,val
20220516_lidar_tile_512_896.npy,20220516,2022,lidar,0.9964,train,val
20220516_lidar_tile_512_1024.npy,20220516,2022,lidar,0.9987,train,val
20220516_lidar_tile_512_1152.npy,20220516,2022,lidar,0.9937,train,buffer
20220516_lidar_tile_512_1280.npy,20220516,2022,lidar,0.9729,train,train
20220516_lidar_tile_512_1408.npy,20220516,2022,lidar,0.9699,train,train
20220516_lidar_tile_512_1536.npy,20220516,2022,lidar,0.9256,train,train
20220516_lidar_tile_512_1664.npy,20220516,2022,lidar,0.8995,train,train
20220516_lidar_tile_512_1792.npy,20220516,2022,lidar,0.925,train,train
20220516_lidar_tile_512_1920.npy,20220516,2022,lidar,0.9495,train,train
20220516_lidar_tile_512_2048.npy,20220516,2022,lidar,0.9733,train,train
20220516_lidar_tile_512_2176.npy,20220516,2022,lidar,0.9244,train,train
20220516_lidar_tile_512_2304.npy,20220516,2022,lidar,0.7072,train,train
20220516_lidar_tile_512_2432.npy,20220516,2022,lidar,0.3998,train,train
20220516_lidar_tile_640_128.npy,20220516,2022,lidar,0.9848,train,test
20220516_lidar_tile_640_256.npy,20220516,2022,lidar,0.983,train,test
20220516_lidar_tile_640_384.npy,20220516,2022,lidar,0.9877,train,test
20220516_lidar_tile_640_512.npy,20220516,2022,lidar,0.9944,train,test
20220516_lidar_tile_640_640.npy,20220516,2022,lidar,0.993,train,buffer
20220516_lidar_tile_640_768.npy,20220516,2022,lidar,0.9924,train,val
20220516_lidar_tile_640_896.npy,20220516,2022,lidar,0.997,train,val
20220516_lidar_tile_640_1024.npy,20220516,2022,lidar,0.9973,train,val
20220516_lidar_tile_640_1152.npy,20220516,2022,lidar,0.9895,train,buffer
20220516_lidar_tile_640_1280.npy,20220516,2022,lidar,0.9726,train,train
20220516_lidar_tile_640_1408.npy,20220516,2022,lidar,0.95,train,train
20220516_lidar_tile_640_1536.npy,20220516,2022,lidar,0.8762,train,train
20220516_lidar_tile_640_1664.npy,20220516,2022,lidar,0.8818,train,train
20220516_lidar_tile_640_1792.npy,20220516,2022,lidar,0.9525,train,train
20220516_lidar_tile_640_1920.npy,20220516,2022,lidar,0.9679,train,train
20220516_lidar_tile_640_2048.npy,20220516,2022,lidar,0.96,train,train
20220516_lidar_tile_640_2176.npy,20220516,2022,lidar,0.9219,train,train
20220516_lidar_tile_640_2304.npy,20220516,2022,lidar,0.7493,train,train
20220516_lidar_tile_640_2432.npy,20220516,2022,lidar,0.4299,train,train
20220516_lidar_tile_768_128.npy,20220516,2022,lidar,0.9846,train,test
20220516_lidar_tile_768_256.npy,20220516,2022,lidar,0.9898,train,test
20220516_lidar_tile_768_384.npy,20220516,2022,lidar,0.9916,train,test
20220516_lidar_tile_768_512.npy,20220516,2022,lidar,0.9921,train,test
20220516_lidar_tile_768_640.npy,20220516,2022,lidar,0.994,train,buffer
20220516_lidar_tile_768_768.npy,20220516,2022,lidar,0.9968,train,val
20220516_lidar_tile_768_896.npy,20220516,2022,lidar,0.9962,train,val
20220516_lidar_tile_768_1024.npy,20220516,2022,lidar,0.9927,train,val
20220516_lidar_tile_768_1152.npy,20220516,2022,lidar,0.9911,train,buffer
20220516_lidar_tile_768_1280.npy,20220516,2022,lidar,0.9785,train,train
20220516_lidar_tile_768_1408.npy,20220516,2022,lidar,0.9095,train,train
20220516_lidar_tile_768_1536.npy,20220516,2022,lidar,0.888,train,train
20220516_lidar_tile_768_1664.npy,20220516,2022,lidar,0.9317,train,train
20220516_lidar_tile_768_1792.npy,20220516,2022,lidar,0.9466,train,train
20220516_lidar_tile_768_1920.npy,20220516,2022,lidar,0.9327,train,train
20220516_lidar_tile_768_2048.npy,20220516,2022,lidar,0.8736,train,train
20220516_lidar_tile_768_2176.npy,20220516,2022,lidar,0.8691,train,train
20220516_lidar_tile_768_2304.npy,20220516,2022,lidar,0.8367,train,train
20220516_lidar_tile_768_2432.npy,20220516,2022,lidar,0.5657,train,train
20220516_lidar_tile_896_128.npy,20220516,2022,lidar,0.9846,train,test
20220516_lidar_tile_896_256.npy,20220516,2022,lidar,0.9935,train,test
20220516_lidar_tile_896_384.npy,20220516,2022,lidar,0.9951,train,test
20220516_lidar_tile_896_512.npy,20220516,2022,lidar,0.9916,train,test
20220516_lidar_tile_896_640.npy,20220516,2022,lidar,0.9936,train,buffer
20220516_lidar_tile_896_768.npy,20220516,2022,lidar,0.9985,train,val
20220516_lidar_tile_896_896.npy,20220516,2022,lidar,0.996,train,val
20220516_lidar_tile_896_1024.npy,20220516,2022,lidar,0.9919,train,val
20220516_lidar_tile_896_1152.npy,20220516,2022,lidar,0.993,train,buffer
20220516_lidar_tile_896_1280.npy,20220516,2022,lidar,0.9627,train,train
20220516_lidar_tile_896_1408.npy,20220516,2022,lidar,0.9083,train,train
20220516_lidar_tile_896_1536.npy,20220516,2022,lidar,0.9134,train,train
20220516_lidar_tile_896_1664.npy,20220516,2022,lidar,0.9346,train,train
20220516_lidar_tile_896_1792.npy,20220516,2022,lidar,0.9227,train,train
20220516_lidar_tile_896_1920.npy,20220516,2022,lidar,0.8403,train,train
20220516_lidar_tile_896_2176.npy,20220516,2022,lidar,0.8303,train,train
20220516_lidar_tile_896_2304.npy,20220516,2022,lidar,0.9285,train,train
20220516_lidar_tile_896_2432.npy,20220516,2022,lidar,0.6563,train,train
20220516_lidar_tile_1024_128.npy,20220516,2022,lidar,0.9811,train,test
20220516_lidar_tile_1024_256.npy,20220516,2022,lidar,0.9968,train,test
20220516_lidar_tile_1024_384.npy,20220516,2022,lidar,0.9972,train,test
20220516_lidar_tile_1024_512.npy,20220516,2022,lidar,0.9957,train,test
20220516_lidar_tile_1024_640.npy,20220516,2022,lidar,0.9971,train,buffer
20220516_lidar_tile_1024_768.npy,20220516,2022,lidar,0.9978,train,val
20220516_lidar_tile_1024_896.npy,20220516,2022,lidar,0.9954,train,val
20220516_lidar_tile_1024_1024.npy,20220516,2022,lidar,0.9949,train,val
20220516_lidar_tile_1024_1152.npy,20220516,2022,lidar,0.9886,train,buffer
20220516_lidar_tile_1024_1280.npy,20220516,2022,lidar,0.9616,train,train
20220516_lidar_tile_1024_1408.npy,20220516,2022,lidar,0.946,train,train
20220516_lidar_tile_1024_1536.npy,20220516,2022,lidar,0.9361,train,train
20220516_lidar_tile_1024_1664.npy,20220516,2022,lidar,0.9231,train,train
20220516_lidar_tile_1024_1792.npy,20220516,2022,lidar,0.8889,train,train
20220516_lidar_tile_1024_1920.npy,20220516,2022,lidar,0.8247,train,train
20220516_lidar_tile_1024_2048.npy,20220516,2022,lidar,0.81,train,train
20220516_lidar_tile_1024_2176.npy,20220516,2022,lidar,0.8965,train,train
20220516_lidar_tile_1024_2304.npy,20220516,2022,lidar,0.9551,train,train
20220516_lidar_tile_1024_2432.npy,20220516,2022,lidar,0.5301,train,train
20220516_lidar_tile_1152_256.npy,20220516,2022,lidar,0.9765,train,test
20220516_lidar_tile_1152_384.npy,20220516,2022,lidar,0.9959,train,test
20220516_lidar_tile_1152_512.npy,20220516,2022,lidar,0.9978,train,test
20220516_lidar_tile_1152_640.npy,20220516,2022,lidar,0.9996,train,buffer
20220516_lidar_tile_1152_768.npy,20220516,2022,lidar,0.9988,train,val
20220516_lidar_tile_1152_896.npy,20220516,2022,lidar,0.9955,train,val
20220516_lidar_tile_1152_1024.npy,20220516,2022,lidar,0.9944,train,val
20220516_lidar_tile_1152_1152.npy,20220516,2022,lidar,0.9807,train,buffer
20220516_lidar_tile_1152_1280.npy,20220516,2022,lidar,0.9672,train,train
20220516_lidar_tile_1152_1408.npy,20220516,2022,lidar,0.9578,train,train
20220516_lidar_tile_1152_1536.npy,20220516,2022,lidar,0.9328,train,train
20220516_lidar_tile_1152_1664.npy,20220516,2022,lidar,0.8904,train,train
20220516_lidar_tile_1152_1792.npy,20220516,2022,lidar,0.879,train,train
20220516_lidar_tile_1152_1920.npy,20220516,2022,lidar,0.902,train,train
20220516_lidar_tile_1152_2048.npy,20220516,2022,lidar,0.933,train,train
20220516_lidar_tile_1152_2176.npy,20220516,2022,lidar,0.9626,train,train
20220516_lidar_tile_1152_2304.npy,20220516,2022,lidar,0.918,train,train
20220516_lidar_tile_1152_2432.npy,20220516,2022,lidar,0.4406,train,train
20220516_lidar_tile_1280_384.npy,20220516,2022,lidar,0.9705,train,test
20220516_lidar_tile_1280_512.npy,20220516,2022,lidar,0.9828,train,test
20220516_lidar_tile_1280_640.npy,20220516,2022,lidar,0.9957,train,buffer
20220516_lidar_tile_1280_768.npy,20220516,2022,lidar,0.9982,train,val
20220516_lidar_tile_1280_896.npy,20220516,2022,lidar,0.992,train,val
20220516_lidar_tile_1280_1024.npy,20220516,2022,lidar,0.9795,train,val
20220516_lidar_tile_1280_1152.npy,20220516,2022,lidar,0.9694,train,buffer
20220516_lidar_tile_1280_1280.npy,20220516,2022,lidar,0.9446,train,train
20220516_lidar_tile_1280_1408.npy,20220516,2022,lidar,0.9426,train,train
20220516_lidar_tile_1280_1536.npy,20220516,2022,lidar,0.9357,train,train
20220516_lidar_tile_1280_1664.npy,20220516,2022,lidar,0.8896,train,train
20220516_lidar_tile_1280_1792.npy,20220516,2022,lidar,0.9077,train,train
20220516_lidar_tile_1280_1920.npy,20220516,2022,lidar,0.9301,train,train
20220516_lidar_tile_1280_2048.npy,20220516,2022,lidar,0.9203,train,train
20220516_lidar_tile_1280_2176.npy,20220516,2022,lidar,0.9469,train,train
20220516_lidar_tile_1280_2304.npy,20220516,2022,lidar,0.902,train,train
20220516_lidar_tile_1280_2432.npy,20220516,2022,lidar,0.4831,train,train
20220516_lidar_tile_1408_768.npy,20220516,2022,lidar,0.9676,train,val
20220516_lidar_tile_1408_896.npy,20220516,2022,lidar,0.9576,train,val
20220516_lidar_tile_1408_1024.npy,20220516,2022,lidar,0.9599,train,val
20220516_lidar_tile_1408_1152.npy,20220516,2022,lidar,0.9687,train,buffer
20220516_lidar_tile_1408_1280.npy,20220516,2022,lidar,0.9465,train,train
20220516_lidar_tile_1408_1408.npy,20220516,2022,lidar,0.9465,train,train
20220516_lidar_tile_1408_1536.npy,20220516,2022,lidar,0.9088,train,train
20220516_lidar_tile_1408_1664.npy,20220516,2022,lidar,0.8868,train,train
20220516_lidar_tile_1408_1792.npy,20220516,2022,lidar,0.9339,train,train
20220516_lidar_tile_1408_1920.npy,20220516,2022,lidar,0.9275,train,train
20220516_lidar_tile_1408_2048.npy,20220516,2022,lidar,0.9104,train,train
20220516_lidar_tile_1408_2176.npy,20220516,2022,lidar,0.9068,train,train
20220516_lidar_tile_1408_2304.npy,20220516,2022,lidar,0.8682,train,train
20220516_lidar_tile_1408_2432.npy,20220516,2022,lidar,0.5652,train,train
20220516_lidar_tile_1408_2560.npy,20220516,2022,lidar,0.3447,train,train
20220516_lidar_tile_1408_2688.npy,20220516,2022,lidar,0.3392,train,train
20220516_lidar_tile_1536_768.npy,20220516,2022,lidar,0.9123,train,val
20220516_lidar_tile_1536_896.npy,20220516,2022,lidar,0.9418,train,val
20220516_lidar_tile_1536_1024.npy,20220516,2022,lidar,0.9608,train,val
20220516_lidar_tile_1536_1152.npy,20220516,2022,lidar,0.9696,train,buffer
20220516_lidar_tile_1536_1280.npy,20220516,2022,lidar,0.9626,train,train
20220516_lidar_tile_1536_1408.npy,20220516,2022,lidar,0.9011,train,train
20220516_lidar_tile_1536_1536.npy,20220516,2022,lidar,0.7607,train,train
20220516_lidar_tile_1536_1664.npy,20220516,2022,lidar,0.7163,train,train
20220516_lidar_tile_1536_1792.npy,20220516,2022,lidar,0.7742,train,train
20220516_lidar_tile_1536_1920.npy,20220516,2022,lidar,0.85,train,train
20220516_lidar_tile_1536_2048.npy,20220516,2022,lidar,0.9227,train,train
20220516_lidar_tile_1536_2176.npy,20220516,2022,lidar,0.8862,train,train
20220516_lidar_tile_1536_2304.npy,20220516,2022,lidar,0.7937,train,train
20220516_lidar_tile_1536_2432.npy,20220516,2022,lidar,0.6163,train,train
20220516_lidar_tile_1536_2560.npy,20220516,2022,lidar,0.402,train,train
20220516_lidar_tile_1536_2688.npy,20220516,2022,lidar,0.3093,train,train
20220516_lidar_tile_1664_768.npy,20220516,2022,lidar,0.6759,train,val
20220516_lidar_tile_1664_896.npy,20220516,2022,lidar,0.7115,train,val
20220516_lidar_tile_1664_1024.npy,20220516,2022,lidar,0.8128,train,val
20220516_lidar_tile_1664_1152.npy,20220516,2022,lidar,0.8546,train,buffer
20220516_lidar_tile_1664_1280.npy,20220516,2022,lidar,0.8616,train,train
20220516_lidar_tile_1664_1408.npy,20220516,2022,lidar,0.6919,train,train
20220516_lidar_tile_1664_1536.npy,20220516,2022,lidar,0.4851,train,train
20220516_lidar_tile_1664_1664.npy,20220516,2022,lidar,0.4548,train,train
20220516_lidar_tile_1664_1792.npy,20220516,2022,lidar,0.5384,train,train
20220516_lidar_tile_1664_1920.npy,20220516,2022,lidar,0.7188,train,train
20220516_lidar_tile_1664_2048.npy,20220516,2022,lidar,0.8007,train,train
20220516_lidar_tile_1664_2176.npy,20220516,2022,lidar,0.7487,train,train
20220516_lidar_tile_1664_2304.npy,20220516,2022,lidar,0.7187,train,train
20220516_lidar_tile_1664_2432.npy,20220516,2022,lidar,0.6001,train,train
20220516_lidar_tile_1664_2560.npy,20220516,2022,lidar,0.3585,train,train
20220516_lidar_tile_1792_768.npy,20220516,2022,lidar,0.3593,train,val
20220516_lidar_tile_1792_896.npy,20220516,2022,lidar,0.3338,train,val
20220516_lidar_tile_1792_1024.npy,20220516,2022,lidar,0.4341,train,val
20220516_lidar_tile_1792_1152.npy,20220516,2022,lidar,0.5328,train,buffer
20220516_lidar_tile_1792_1280.npy,20220516,2022,lidar,0.5321,train,train
20220516_lidar_tile_1792_1408.npy,20220516,2022,lidar,0.353,train,train
20220516_lidar_tile_1792_1792.npy,20220516,2022,lidar,0.3597,train,train
20220516_lidar_tile_1792_1920.npy,20220516,2022,lidar,0.5109,train,train
20220516_lidar_tile_1792_2048.npy,20220516,2022,lidar,0.5462,train,train
20220516_lidar_tile_1792_2176.npy,20220516,2022,lidar,0.5965,train,train
20220516_lidar_tile_1792_2304.npy,20220516,2022,lidar,0.6507,train,train
20220516_lidar_tile_1792_2432.npy,20220516,2022,lidar,0.5429,train,train
20220516_lidar_tile_1920_1920.npy,20220516,2022,lidar,0.3842,train,train
20220516_lidar_tile_1920_2048.npy,20220516,2022,lidar,0.4601,train,train
20220516_lidar_tile_1920_2176.npy,20220516,2022,lidar,0.5112,train,train
20220516_lidar_tile_1920_2304.npy,20220516,2022,lidar,0.4502,train,train
20220516_lidar_tile_1920_2432.npy,20220516,2022,lidar,0.3176,train,train
20220516_lidar_tile_2048_1920.npy,20220516,2022,lidar,0.345,train,train
20220516_lidar_tile_2048_2048.npy,20220516,2022,lidar,0.3363,train,train
20221201_lidar_tile_128_256.npy,20221201,2022,lidar,0.7882,train,test
20221201_lidar_tile_128_384.npy,20221201,2022,lidar,0.8223,train,test
20221201_lidar_tile_128_512.npy,20221201,2022,lidar,0.7951,train,test
20221201_lidar_tile_128_640.npy,20221201,2022,lidar,0.8692,train,buffer
20221201_lidar_tile_128_768.npy,20221201,2022,lidar,0.9623,train,val
20221201_lidar_tile_256_128.npy,20221201,2022,lidar,0.736,train,test
20221201_lidar_tile_256_256.npy,20221201,2022,lidar,0.891,train,test
20221201_lidar_tile_256_384.npy,20221201,2022,lidar,0.8577,train,test
20221201_lidar_tile_256_512.npy,20221201,2022,lidar,0.8615,train,test
20221201_lidar_tile_256_640.npy,20221201,2022,lidar,0.9198,train,buffer
20221201_lidar_tile_256_768.npy,20221201,2022,lidar,0.9887,train,val
20221201_lidar_tile_256_896.npy,20221201,2022,lidar,0.9847,train,val
20221201_lidar_tile_256_1024.npy,20221201,2022,lidar,0.968,train,val
20221201_lidar_tile_384_128.npy,20221201,2022,lidar,0.7737,train,test
20221201_lidar_tile_384_256.npy,20221201,2022,lidar,0.9347,train,test
20221201_lidar_tile_384_384.npy,20221201,2022,lidar,0.9365,train,test
20221201_lidar_tile_384_512.npy,20221201,2022,lidar,0.9758,train,test
20221201_lidar_tile_384_640.npy,20221201,2022,lidar,0.9873,train,buffer
20221201_lidar_tile_384_768.npy,20221201,2022,lidar,0.9961,train,val
20221201_lidar_tile_384_896.npy,20221201,2022,lidar,0.9906,train,val
20221201_lidar_tile_384_1024.npy,20221201,2022,lidar,0.9742,train,val
20221201_lidar_tile_384_1152.npy,20221201,2022,lidar,0.9665,train,buffer
20221201_lidar_tile_384_2176.npy,20221201,2022,lidar,0.9518,train,train
20221201_lidar_tile_384_2304.npy,20221201,2022,lidar,0.9608,train,train
20221201_lidar_tile_512_128.npy,20221201,2022,lidar,0.7649,train,test
20221201_lidar_tile_512_256.npy,20221201,2022,lidar,0.9062,train,test
20221201_lidar_tile_512_384.npy,20221201,2022,lidar,0.9045,train,test
20221201_lidar_tile_512_512.npy,20221201,2022,lidar,0.9808,train,test
20221201_lidar_tile_512_640.npy,20221201,2022,lidar,0.9971,train,buffer
20221201_lidar_tile_512_768.npy,20221201,2022,lidar,0.997,train,val
20221201_lidar_tile_512_896.npy,20221201,2022,lidar,0.9985,train,val
20221201_lidar_tile_512_1024.npy,20221201,2022,lidar,0.9996,train,val
20221201_lidar_tile_512_1152.npy,20221201,2022,lidar,0.998,train,buffer
20221201_lidar_tile_512_1280.npy,20221201,2022,lidar,0.9921,train,train
20221201_lidar_tile_512_1408.npy,20221201,2022,lidar,0.992,train,train
20221201_lidar_tile_512_1536.npy,20221201,2022,lidar,0.9942,train,train
20221201_lidar_tile_512_1664.npy,20221201,2022,lidar,0.9626,train,train
20221201_lidar_tile_512_1792.npy,20221201,2022,lidar,0.953,train,train
20221201_lidar_tile_512_1920.npy,20221201,2022,lidar,0.9861,train,train
20221201_lidar_tile_512_2048.npy,20221201,2022,lidar,0.9982,train,train
20221201_lidar_tile_512_2176.npy,20221201,2022,lidar,0.9914,train,train
20221201_lidar_tile_512_2304.npy,20221201,2022,lidar,0.9853,train,train
20221201_lidar_tile_512_2432.npy,20221201,2022,lidar,0.9727,train,train
20221201_lidar_tile_512_2560.npy,20221201,2022,lidar,0.9283,train,train
20221201_lidar_tile_512_2688.npy,20221201,2022,lidar,0.8198,train,train
20221201_lidar_tile_640_128.npy,20221201,2022,lidar,0.8388,train,test
20221201_lidar_tile_640_256.npy,20221201,2022,lidar,0.8571,train,test
20221201_lidar_tile_640_384.npy,20221201,2022,lidar,0.8433,train,test
20221201_lidar_tile_640_512.npy,20221201,2022,lidar,0.9708,train,test
20221201_lidar_tile_640_640.npy,20221201,2022,lidar,0.9981,train,buffer
20221201_lidar_tile_640_768.npy,20221201,2022,lidar,0.9988,train,val
20221201_lidar_tile_640_896.npy,20221201,2022,lidar,1.0,train,val
20221201_lidar_tile_640_1024.npy,20221201,2022,lidar,0.9997,train,val
20221201_lidar_tile_640_1152.npy,20221201,2022,lidar,0.9988,train,buffer
20221201_lidar_tile_640_1280.npy,20221201,2022,lidar,0.9987,train,train
20221201_lidar_tile_640_1408.npy,20221201,2022,lidar,0.9982,train,train
20221201_lidar_tile_640_1536.npy,20221201,2022,lidar,0.9909,train,train
20221201_lidar_tile_640_1664.npy,20221201,2022,lidar,0.9922,train,train
20221201_lidar_tile_640_1792.npy,20221201,2022,lidar,0.9957,train,train
20221201_lidar_tile_640_1920.npy,20221201,2022,lidar,0.9853,train,train
20221201_lidar_tile_640_2048.npy,20221201,2022,lidar,0.985,train,train
20221201_lidar_tile_640_2176.npy,20221201,2022,lidar,0.9892,train,train
20221201_lidar_tile_640_2304.npy,20221201,2022,lidar,0.993,train,train
20221201_lidar_tile_640_2432.npy,20221201,2022,lidar,0.9937,train,train
20221201_lidar_tile_640_2560.npy,20221201,2022,lidar,0.9289,train,train
20221201_lidar_tile_640_2688.npy,20221201,2022,lidar,0.5893,train,train
20221201_lidar_tile_640_2816.npy,20221201,2022,lidar,0.4884,train,train
20221201_lidar_tile_640_2944.npy,20221201,2022,lidar,0.7762,train,train
20221201_lidar_tile_768_0.npy,20221201,2022,lidar,0.538,train,test
20221201_lidar_tile_768_128.npy,20221201,2022,lidar,0.9349,train,test
20221201_lidar_tile_768_256.npy,20221201,2022,lidar,0.9113,train,test
20221201_lidar_tile_768_384.npy,20221201,2022,lidar,0.8623,train,test
20221201_lidar_tile_768_512.npy,20221201,2022,lidar,0.9452,train,test
20221201_lidar_tile_768_640.npy,20221201,2022,lidar,0.9984,train,buffer
20221201_lidar_tile_768_768.npy,20221201,2022,lidar,0.999,train,val
20221201_lidar_tile_768_896.npy,20221201,2022,lidar,1.0,train,val
20221201_lidar_tile_768_1024.npy,20221201,2022,lidar,0.9995,train,val
20221201_lidar_tile_768_1152.npy,20221201,2022,lidar,0.9989,train,buffer
20221201_lidar_tile_768_1280.npy,20221201,2022,lidar,0.9988,train,train
20221201_lidar_tile_768_1408.npy,20221201,2022,lidar,0.9988,train,train
20221201_lidar_tile_768_1536.npy,20221201,2022,lidar,0.9935,train,train
20221201_lidar_tile_768_1664.npy,20221201,2022,lidar,0.994,train,train
20221201_lidar_tile_768_1792.npy,20221201,2022,lidar,0.9934,train,train
20221201_lidar_tile_768_1920.npy,20221201,2022,lidar,0.9412,train,train
20221201_lidar_tile_768_2048.npy,20221201,2022,lidar,0.9406,train,train
20221201_lidar_tile_768_2176.npy,20221201,2022,lidar,0.9912,train,train
20221201_lidar_tile_768_2304.npy,20221201,2022,lidar,0.9976,train,train
20221201_lidar_tile_768_2432.npy,20221201,2022,lidar,0.9931,train,train
20221201_lidar_tile_768_2560.npy,20221201,2022,lidar,0.8174,train,train
20221201_lidar_tile_768_2688.npy,20221201,2022,lidar,0.3923,train,train
20221201_lidar_tile_768_2816.npy,20221201,2022,lidar,0.3456,train,train
20221201_lidar_tile_768_2944.npy,20221201,2022,lidar,0.7536,train,train
20221201_lidar_tile_768_3072.npy,20221201,2022,lidar,0.8665,train,train
20221201_lidar_tile_896_0.npy,20221201,2022,lidar,0.6847,train,test
20221201_lidar_tile_896_128.npy,20221201,2022,lidar,0.9708,train,test
20221201_lidar_tile_896_256.npy,20221201,2022,lidar,0.9659,train,test
20221201_lidar_tile_896_384.npy,20221201,2022,lidar,0.9154,train,test
20221201_lidar_tile_896_512.npy,20221201,2022,lidar,0.9352,train,test
20221201_lidar_tile_896_640.npy,20221201,2022,lidar,0.9975,train,buffer
20221201_lidar_tile_896_768.npy,20221201,2022,lidar,0.9981,train,val
20221201_lidar_tile_896_896.npy,20221201,2022,lidar,1.0,train,val
20221201_lidar_tile_896_1024.npy,20221201,2022,lidar,0.9998,train,val
20221201_lidar_tile_896_1152.npy,20221201,2022,lidar,0.9991,train,buffer
20221201_lidar_tile_896_1280.npy,20221201,2022,lidar,0.9985,train,train
20221201_lidar_tile_896_1408.npy,20221201,2022,lidar,0.9982,train,train
20221201_lidar_tile_896_1536.npy,20221201,2022,lidar,0.9969,train,train
20221201_lidar_tile_896_1664.npy,20221201,2022,lidar,0.983,train,train
20221201_lidar_tile_896_1792.npy,20221201,2022,lidar,0.9668,train,train
20221201_lidar_tile_896_2176.npy,20221201,2022,lidar,0.993,train,train
20221201_lidar_tile_896_2304.npy,20221201,2022,lidar,0.996,train,train
20221201_lidar_tile_896_2432.npy,20221201,2022,lidar,0.9379,train,train
20221201_lidar_tile_896_2560.npy,20221201,2022,lidar,0.6405,train,train
20221201_lidar_tile_896_2688.npy,20221201,2022,lidar,0.4677,train,train
20221201_lidar_tile_896_2816.npy,20221201,2022,lidar,0.6056,train,train
20221201_lidar_tile_896_2944.npy,20221201,2022,lidar,0.7985,train,train
20221201_lidar_tile_896_3072.npy,20221201,2022,lidar,0.9128,train,train
20221201_lidar_tile_896_3200.npy,20221201,2022,lidar,0.7635,train,train
20221201_lidar_tile_1024_128.npy,20221201,2022,lidar,0.9208,train,test
20221201_lidar_tile_1024_256.npy,20221201,2022,lidar,0.9545,train,test
20221201_lidar_tile_1024_384.npy,20221201,2022,lidar,0.9397,train,test
20221201_lidar_tile_1024_512.npy,20221201,2022,lidar,0.9407,train,test
20221201_lidar_tile_1024_640.npy,20221201,2022,lidar,0.9832,train,buffer
20221201_lidar_tile_1024_768.npy,20221201,2022,lidar,0.9967,train,val
20221201_lidar_tile_1024_896.npy,20221201,2022,lidar,0.9991,train,val
20221201_lidar_tile_1024_1024.npy,20221201,2022,lidar,0.9982,train,val
20221201_lidar_tile_1024_1152.npy,20221201,2022,lidar,0.9973,train,buffer
20221201_lidar_tile_1024_1280.npy,20221201,2022,lidar,0.9979,train,train
20221201_lidar_tile_1024_1408.npy,20221201,2022,lidar,0.9987,train,train
20221201_lidar_tile_1024_1536.npy,20221201,2022,lidar,0.9934,train,train
20221201_lidar_tile_1024_1664.npy,20221201,2022,lidar,0.9759,train,train
20221201_lidar_tile_1024_1792.npy,20221201,2022,lidar,0.9675,train,train
20221201_lidar_tile_1024_1920.npy,20221201,2022,lidar,0.9473,train,train
20221201_lidar_tile_1024_2048.npy,20221201,2022,lidar,0.9586,train,train
20221201_lidar_tile_1024_2176.npy,20221201,2022,lidar,0.9941,train,train
20221201_lidar_tile_1024_2304.npy,20221201,2022,lidar,0.9949,train,train
20221201_lidar_tile_1024_2432.npy,20221201,2022,lidar,0.7922,train,train
20221201_lidar_tile_1024_2560.npy,20221201,2022,lidar,0.5404,train,train
20221201_lidar_tile_1024_2688.npy,20221201,2022,lidar,0.6954,train,train
20221201_lidar_tile_1024_2816.npy,20221201,2022,lidar,0.8683,train,train
20221201_lidar_tile_1024_2944.npy,20221201,2022,lidar,0.8587,train,train
20221201_lidar_tile_1024_3072.npy,20221201,2022,lidar,0.8579,train,train
20221201_lidar_tile_1152_256.npy,20221201,2022,lidar,0.946,train,test
20221201_lidar_tile_1152_384.npy,20221201,2022,lidar,0.9254,train,test
20221201_lidar_tile_1152_512.npy,20221201,2022,lidar,0.9415,train,test
20221201_lidar_tile_1152_640.npy,20221201,2022,lidar,0.9834,train,buffer
20221201_lidar_tile_1152_768.npy,20221201,2022,lidar,0.9977,train,val
20221201_lidar_tile_1152_896.npy,20221201,2022,lidar,0.999,train,val
20221201_lidar_tile_1152_1024.npy,20221201,2022,lidar,0.9963,train,val
20221201_lidar_tile_1152_1152.npy,20221201,2022,lidar,0.9808,train,buffer
20221201_lidar_tile_1152_1280.npy,20221201,2022,lidar,0.9824,train,train
20221201_lidar_tile_1152_1408.npy,20221201,2022,lidar,0.9982,train,train
20221201_lidar_tile_1152_1536.npy,20221201,2022,lidar,0.9941,train,train
20221201_lidar_tile_1152_1664.npy,20221201,2022,lidar,0.991,train,train
20221201_lidar_tile_1152_1792.npy,20221201,2022,lidar,0.9894,train,train
20221201_lidar_tile_1152_1920.npy,20221201,2022,lidar,0.9881,train,train
20221201_lidar_tile_1152_2048.npy,20221201,2022,lidar,0.986,train,train
20221201_lidar_tile_1152_2176.npy,20221201,2022,lidar,0.9858,train,train
20221201_lidar_tile_1152_2304.npy,20221201,2022,lidar,0.9919,train,train
20221201_lidar_tile_1152_2432.npy,20221201,2022,lidar,0.8041,train,train
20221201_lidar_tile_1152_2560.npy,20221201,2022,lidar,0.7258,train,train
20221201_lidar_tile_1152_2688.npy,20221201,2022,lidar,0.9016,train,train
20221201_lidar_tile_1152_2816.npy,20221201,2022,lidar,0.8998,train,train
20221201_lidar_tile_1152_2944.npy,20221201,2022,lidar,0.7897,train,train
20221201_lidar_tile_1152_3072.npy,20221201,2022,lidar,0.7461,train,train
20221201_lidar_tile_1280_384.npy,20221201,2022,lidar,0.9361,train,test
20221201_lidar_tile_1280_512.npy,20221201,2022,lidar,0.9677,train,test
20221201_lidar_tile_1280_640.npy,20221201,2022,lidar,0.9972,train,buffer
20221201_lidar_tile_1280_768.npy,20221201,2022,lidar,0.9993,train,val
20221201_lidar_tile_1280_896.npy,20221201,2022,lidar,0.9957,train,val
20221201_lidar_tile_1280_1024.npy,20221201,2022,lidar,0.9943,train,val
20221201_lidar_tile_1280_1152.npy,20221201,2022,lidar,0.9722,train,buffer
20221201_lidar_tile_1280_1280.npy,20221201,2022,lidar,0.9708,train,train
20221201_lidar_tile_1280_1408.npy,20221201,2022,lidar,0.9961,train,train
20221201_lidar_tile_1280_1536.npy,20221201,2022,lidar,0.9977,train,train
20221201_lidar_tile_1280_1664.npy,20221201,2022,lidar,0.9984,train,train
20221201_lidar_tile_1280_1792.npy,20221201,2022,lidar,0.9935,train,train
20221201_lidar_tile_1280_1920.npy,20221201,2022,lidar,0.9871,train,train
20221201_lidar_tile_1280_2048.npy,20221201,2022,lidar,0.9833,train,train
20221201_lidar_tile_1280_2176.npy,20221201,2022,lidar,0.9865,train,train
20221201_lidar_tile_1280_2304.npy,20221201,2022,lidar,0.9921,train,train
20221201_lidar_tile_1280_2432.npy,20221201,2022,lidar,0.9421,train,train
20221201_lidar_tile_1280_2560.npy,20221201,2022,lidar,0.9287,train,train
20221201_lidar_tile_1280_2688.npy,20221201,2022,lidar,0.894,train,train
20221201_lidar_tile_1280_2816.npy,20221201,2022,lidar,0.7725,train,train
20221201_lidar_tile_1280_2944.npy,20221201,2022,lidar,0.7061,train,train
20221201_lidar_tile_1280_3072.npy,20221201,2022,lidar,0.7358,train,train
20221201_lidar_tile_1408_768.npy,20221201,2022,lidar,0.9503,train,val
20221201_lidar_tile_1408_896.npy,20221201,2022,lidar,0.941,train,val
20221201_lidar_tile_1408_1024.npy,20221201,2022,lidar,0.9741,train,val
20221201_lidar_tile_1408_1152.npy,20221201,2022,lidar,0.9881,train,buffer
20221201_lidar_tile_1408_1280.npy,20221201,2022,lidar,0.9853,train,train
20221201_lidar_tile_1408_1408.npy,20221201,2022,lidar,0.9898,train,train
20221201_lidar_tile_1408_1536.npy,20221201,2022,lidar,0.9825,train,train
20221201_lidar_tile_1408_1664.npy,20221201,2022,lidar,0.9893,train,train
20221201_lidar_tile_1408_1792.npy,20221201,2022,lidar,0.9975,train,train
20221201_lidar_tile_1408_1920.npy,20221201,2022,lidar,0.9918,train,train
20221201_lidar_tile_1408_2048.npy,20221201,2022,lidar,0.9892,train,train
20221201_lidar_tile_1408_2176.npy,20221201,2022,lidar,0.9927,train,train
20221201_lidar_tile_1408_2304.npy,20221201,2022,lidar,0.9911,train,train
20221201_lidar_tile_1408_2432.npy,20221201,2022,lidar,0.9663,train,train
20221201_lidar_tile_1408_2560.npy,20221201,2022,lidar,0.9249,train,train
20221201_lidar_tile_1408_2688.npy,20221201,2022,lidar,0.8221,train,train
20221201_lidar_tile_1408_2816.npy,20221201,2022,lidar,0.7604,train,train
20221201_lidar_tile_1408_2944.npy,20221201,2022,lidar,0.7825,train,train
20221201_lidar_tile_1408_3072.npy,20221201,2022,lidar,0.6263,train,train
20221201_lidar_tile_1536_768.npy,20221201,2022,lidar,0.7711,train,val
20221201_lidar_tile_1536_896.npy,20221201,2022,lidar,0.8971,train,val
20221201_lidar_tile_1536_1024.npy,20221201,2022,lidar,0.9562,train,val
20221201_lidar_tile_1536_1152.npy,20221201,2022,lidar,0.9951,train,buffer
20221201_lidar_tile_1536_1280.npy,20221201,2022,lidar,0.995,train,train
20221201_lidar_tile_1536_1408.npy,20221201,2022,lidar,0.9908,train,train
20221201_lidar_tile_1536_1536.npy,20221201,2022,lidar,0.9782,train,train
20221201_lidar_tile_1536_1664.npy,20221201,2022,lidar,0.9814,train,train
20221201_lidar_tile_1536_1792.npy,20221201,2022,lidar,0.9897,train,train
20221201_lidar_tile_1536_1920.npy,20221201,2022,lidar,0.99,train,train
20221201_lidar_tile_1536_2048.npy,20221201,2022,lidar,0.9915,train,train
20221201_lidar_tile_1536_2176.npy,20221201,2022,lidar,0.9899,train,train
20221201_lidar_tile_1536_2304.npy,20221201,2022,lidar,0.9852,train,train
20221201_lidar_tile_1536_2432.npy,20221201,2022,lidar,0.9589,train,train
20221201_lidar_tile_1536_2560.npy,20221201,2022,lidar,0.8863,train,train
20221201_lidar_tile_1536_2688.npy,20221201,2022,lidar,0.8346,train,train
20221201_lidar_tile_1536_2816.npy,20221201,2022,lidar,0.8166,train,train
20221201_lidar_tile_1536_2944.npy,20221201,2022,lidar,0.6731,train,train
20221201_lidar_tile_1664_768.npy,20221201,2022,lidar,0.6522,train,val
20221201_lidar_tile_1664_896.npy,20221201,2022,lidar,0.844,train,val
20221201_lidar_tile_1664_1024.npy,20221201,2022,lidar,0.9183,train,val
20221201_lidar_tile_1664_1152.npy,20221201,2022,lidar,0.9702,train,buffer
20221201_lidar_tile_1664_1280.npy,20221201,2022,lidar,0.9932,train,train
20221201_lidar_tile_1664_1408.npy,20221201,2022,lidar,0.9962,train,train
20221201_lidar_tile_1664_1536.npy,20221201,2022,lidar,0.9911,train,train
20221201_lidar_tile_1664_1664.npy,20221201,2022,lidar,0.9805,train,train
20221201_lidar_tile_1664_1792.npy,20221201,2022,lidar,0.9795,train,train
20221201_lidar_tile_1664_1920.npy,20221201,2022,lidar,0.9758,train,train
20221201_lidar_tile_1664_2048.npy,20221201,2022,lidar,0.9714,train,train
20221201_lidar_tile_1664_2176.npy,20221201,2022,lidar,0.9807,train,train
20221201_lidar_tile_1664_2304.npy,20221201,2022,lidar,0.9865,train,train
20221201_lidar_tile_1664_2432.npy,20221201,2022,lidar,0.951,train,train
20221201_lidar_tile_1664_2560.npy,20221201,2022,lidar,0.875,train,train
20221201_lidar_tile_1664_2688.npy,20221201,2022,lidar,0.8741,train,train
20221201_lidar_tile_1664_2816.npy,20221201,2022,lidar,0.7942,train,train
20221201_lidar_tile_1664_2944.npy,20221201,2022,lidar,0.4098,train,train
20221201_lidar_tile_1792_768.npy,20221201,2022,lidar,0.499,train,val
20221201_lidar_tile_1792_896.npy,20221201,2022,lidar,0.7468,train,val
20221201_lidar_tile_1792_1024.npy,20221201,2022,lidar,0.9157,train,val
20221201_lidar_tile_1792_1152.npy,20221201,2022,lidar,0.9723,train,buffer
20221201_lidar_tile_1792_1280.npy,20221201,2022,lidar,0.9964,train,train
20221201_lidar_tile_1792_1408.npy,20221201,2022,lidar,0.9939,train,train
20221201_lidar_tile_1792_1536.npy,20221201,2022,lidar,0.9888,train,train
20221201_lidar_tile_1792_1664.npy,20221201,2022,lidar,0.9792,train,train
20221201_lidar_tile_1792_1792.npy,20221201,2022,lidar,0.9801,train,train
20221201_lidar_tile_1792_1920.npy,20221201,2022,lidar,0.9753,train,train
20221201_lidar_tile_1792_2048.npy,20221201,2022,lidar,0.9676,train,train
20221201_lidar_tile_1792_2176.npy,20221201,2022,lidar,0.981,train,train
20221201_lidar_tile_1792_2304.npy,20221201,2022,lidar,0.9862,train,train
20221201_lidar_tile_1792_2432.npy,20221201,2022,lidar,0.9219,train,train
20221201_lidar_tile_1792_2560.npy,20221201,2022,lidar,0.8828,train,train
20221201_lidar_tile_1792_2688.npy,20221201,2022,lidar,0.8916,train,train
20221201_lidar_tile_1792_2816.npy,20221201,2022,lidar,0.694,train,train
20221201_lidar_tile_1920_768.npy,20221201,2022,lidar,0.3106,train,val
20221201_lidar_tile_1920_896.npy,20221201,2022,lidar,0.7466,train,val
20221201_lidar_tile_1920_1024.npy,20221201,2022,lidar,0.9736,train,val
20221201_lidar_tile_1920_1152.npy,20221201,2022,lidar,0.9976,train,buffer
20221201_lidar_tile_1920_1280.npy,20221201,2022,lidar,0.9987,train,train
20221201_lidar_tile_1920_1408.npy,20221201,2022,lidar,0.9942,train,train
20221201_lidar_tile_1920_1536.npy,20221201,2022,lidar,0.9904,train,train
20221201_lidar_tile_1920_1664.npy,20221201,2022,lidar,0.9874,train,train
20221201_lidar_tile_1920_1792.npy,20221201,2022,lidar,0.9891,train,train
20221201_lidar_tile_1920_1920.npy,20221201,2022,lidar,0.988,train,train
20221201_lidar_tile_1920_2048.npy,20221201,2022,lidar,0.9722,train,train
20221201_lidar_tile_1920_2176.npy,20221201,2022,lidar,0.9749,train,train
20221201_lidar_tile_1920_2304.npy,20221201,2022,lidar,0.9688,train,train
20221201_lidar_tile_1920_2432.npy,20221201,2022,lidar,0.9014,train,train
20221201_lidar_tile_1920_2560.npy,20221201,2022,lidar,0.8493,train,train
20221201_lidar_tile_1920_2688.npy,20221201,2022,lidar,0.6872,train,train
20221201_lidar_tile_2048_896.npy,20221201,2022,lidar,0.6416,train,val
20221201_lidar_tile_2048_1024.npy,20221201,2022,lidar,0.9898,train,val
20221201_lidar_tile_2048_1152.npy,20221201,2022,lidar,0.9965,train,buffer
20221201_lidar_tile_2048_1280.npy,20221201,2022,lidar,0.9927,train,train
20221201_lidar_tile_2048_1408.npy,20221201,2022,lidar,0.9941,train,train
20221201_lidar_tile_2048_1536.npy,20221201,2022,lidar,0.9943,train,train
20221201_lidar_tile_2048_1664.npy,20221201,2022,lidar,0.9906,train,train
20221201_lidar_tile_2048_1792.npy,20221201,2022,lidar,0.9887,train,train
20221201_lidar_tile_2048_1920.npy,20221201,2022,lidar,0.9846,train,train
20221201_lidar_tile_2048_2048.npy,20221201,2022,lidar,0.9747,train,train
20221201_lidar_tile_2048_2176.npy,20221201,2022,lidar,0.9779,train,train
20221201_lidar_tile_2048_2304.npy,20221201,2022,lidar,0.9423,train,train
20221201_lidar_tile_2048_2432.npy,20221201,2022,lidar,0.853,train,train
20221201_lidar_tile_2048_2560.npy,20221201,2022,lidar,0.6539,train,train
20221201_lidar_tile_2048_2688.npy,20221201,2022,lidar,0.3065,train,train
20221201_lidar_tile_2176_896.npy,20221201,2022,lidar,0.3335,train,val
20221201_lidar_tile_2176_1024.npy,20221201,2022,lidar,0.8125,train,val
20221201_lidar_tile_2176_1152.npy,20221201,2022,lidar,0.983,train,buffer
20221201_lidar_tile_2176_1280.npy,20221201,2022,lidar,0.9901,train,train
20221201_lidar_tile_2176_1408.npy,20221201,2022,lidar,0.9906,train,train
20221201_lidar_tile_2176_1536.npy,20221201,2022,lidar,0.9861,train,train
20221201_lidar_tile_2176_1664.npy,20221201,2022,lidar,0.9826,train,train
20221201_lidar_tile_2176_1792.npy,20221201,2022,lidar,0.9874,train,train
20221201_lidar_tile_2176_1920.npy,20221201,2022,lidar,0.9906,train,train
20221201_lidar_tile_2176_2048.npy,20221201,2022,lidar,0.9956,train,train
20221201_lidar_tile_2176_2176.npy,20221201,2022,lidar,0.9748,train,train
20221201_lidar_tile_2176_2304.npy,20221201,2022,lidar,0.8813,train,train
20221201_lidar_tile_2176_2432.npy,20221201,2022,lidar,0.7754,train,train
20221201_lidar_tile_2176_2560.npy,20221201,2022,lidar,0.4927,train,train
20221201_lidar_tile_2304_1024.npy,20221201,2022,lidar,0.4109,train,val
20221201_lidar_tile_2304_1152.npy,20221201,2022,lidar,0.7972,train,buffer
20221201_lidar_tile_2304_1280.npy,20221201,2022,lidar,0.9611,train,train
20221201_lidar_tile_2304_1408.npy,20221201,2022,lidar,0.9861,train,train
20221201_lidar_tile_2304_1536.npy,20221201,2022,lidar,0.9865,train,train
20221201_lidar_tile_2304_1664.npy,20221201,2022,lidar,0.9864,train,train
20221201_lidar_tile_2304_1792.npy,20221201,2022,lidar,0.9927,train,train
20221201_lidar_tile_2304_1920.npy,20221201,2022,lidar,0.9937,train,train
20221201_lidar_tile_2304_2048.npy,20221201,2022,lidar,0.992,train,train
20221201_lidar_tile_2304_2176.npy,20221201,2022,lidar,0.9052,train,train
20221201_lidar_tile_2304_2304.npy,20221201,2022,lidar,0.7811,train,train
20221201_lidar_tile_2304_2432.npy,20221201,2022,lidar,0.7356,train,train
20221201_lidar_tile_2432_1152.npy,20221201,2022,lidar,0.4147,train,buffer
20221201_lidar_tile_2432_1280.npy,20221201,2022,lidar,0.7832,train,train
20221201_lidar_tile_2432_1408.npy,20221201,2022,lidar,0.947,train,train
20221201_lidar_tile_2432_1536.npy,20221201,2022,lidar,0.982,train,train
20221201_lidar_tile_2432_1664.npy,20221201,2022,lidar,0.9916,train,train
20221201_lidar_tile_2432_1792.npy,20221201,2022,lidar,0.9886,train,train
20221201_lidar_tile_2432_1920.npy,20221201,2022,lidar,0.9646,train,train
20221201_lidar_tile_2432_2048.npy,20221201,2022,lidar,0.9137,train,train
20221201_lidar_tile_2432_2176.npy,20221201,2022,lidar,0.777,train,train
20221201_lidar_tile_2432_2304.npy,20221201,2022,lidar,0.6682,train,train
20221201_lidar_tile_2432_2432.npy,20221201,2022,lidar,0.5433,train,train
20221201_lidar_tile_2560_1280.npy,20221201,2022,lidar,0.3845,train,train
20221201_lidar_tile_2560_1408.npy,20221201,2022,lidar,0.7112,train,train
20221201_lidar_tile_2560_1536.npy,20221201,2022,lidar,0.9109,train,train
20221201_lidar_tile_2560_1664.npy,20221201,2022,lidar,0.9422,train,train
20221201_lidar_tile_2560_1792.npy,20221201,2022,lidar,0.9025,train,train
20221201_lidar_tile_2560_1920.npy,20221201,2022,lidar,0.8124,train,train
20221201_lidar_tile_2560_2048.npy,20221201,2022,lidar,0.6723,train,train
20221201_lidar_tile_2560_2176.npy,20221201,2022,lidar,0.5644,train,train
20221201_lidar_tile_2560_2304.npy,20221201,2022,lidar,0.4347,train,train
20230213_lidar_tile_0_384.npy,20230213,2023,lidar,0.5071,train,test
20230213_lidar_tile_0_512.npy,20230213,2023,lidar,0.8003,train,test
20230213_lidar_tile_0_640.npy,20230213,2023,lidar,0.8635,train,buffer
20230213_lidar_tile_128_256.npy,20230213,2023,lidar,0.3878,train,test
20230213_lidar_tile_128_384.npy,20230213,2023,lidar,0.7936,train,test
20230213_lidar_tile_128_512.npy,20230213,2023,lidar,0.984,train,test
20230213_lidar_tile_128_640.npy,20230213,2023,lidar,0.9876,train,buffer
20230213_lidar_tile_128_768.npy,20230213,2023,lidar,0.9637,train,val
20230213_lidar_tile_128_896.npy,20230213,2023,lidar,0.9023,train,val
20230213_lidar_tile_128_1024.npy,20230213,2023,lidar,0.7717,train,val
20230213_lidar_tile_256_256.npy,20230213,2023,lidar,0.5851,train,test
20230213_lidar_tile_256_384.npy,20230213,2023,lidar,0.9294,train,test
20230213_lidar_tile_256_512.npy,20230213,2023,lidar,0.9892,train,test
20230213_lidar_tile_256_640.npy,20230213,2023,lidar,0.9914,train,buffer
20230213_lidar_tile_256_768.npy,20230213,2023,lidar,0.9553,train,val
20230213_lidar_tile_256_896.npy,20230213,2023,lidar,0.9193,train,val
20230213_lidar_tile_256_1024.npy,20230213,2023,lidar,0.8971,train,val
20230213_lidar_tile_256_1152.npy,20230213,2023,lidar,0.7753,train,buffer
20230213_lidar_tile_384_256.npy,20230213,2023,lidar,0.732,train,test
20230213_lidar_tile_384_384.npy,20230213,2023,lidar,0.9813,train,test
20230213_lidar_tile_384_512.npy,20230213,2023,lidar,0.9901,train,test
20230213_lidar_tile_384_640.npy,20230213,2023,lidar,0.9953,train,buffer
20230213_lidar_tile_384_768.npy,20230213,2023,lidar,0.9777,train,val
20230213_lidar_tile_384_896.npy,20230213,2023,lidar,0.9615,train,val
20230213_lidar_tile_384_1024.npy,20230213,2023,lidar,0.933,train,val
20230213_lidar_tile_384_1152.npy,20230213,2023,lidar,0.8754,train,buffer
20230213_lidar_tile_384_1280.npy,20230213,2023,lidar,0.907,train,train
20230213_lidar_tile_384_1408.npy,20230213,2023,lidar,0.9605,train,train
20230213_lidar_tile_384_2048.npy,20230213,2023,lidar,0.972,train,train
20230213_lidar_tile_384_2176.npy,20230213,2023,lidar,0.9686,train,train
20230213_lidar_tile_384_2304.npy,20230213,2023,lidar,0.9886,train,train
20230213_lidar_tile_384_2432.npy,20230213,2023,lidar,0.9892,train,train
20230213_lidar_tile_384_2560.npy,20230213,2023,lidar,0.9719,train,train
20230213_lidar_tile_384_2688.npy,20230213,2023,lidar,0.873,train,train
20230213_lidar_tile_512_128.npy,20230213,2023,lidar,0.4499,train,test
20230213_lidar_tile_512_256.npy,20230213,2023,lidar,0.9222,train,test
20230213_lidar_tile_512_384.npy,20230213,2023,lidar,0.9915,train,test
20230213_lidar_tile_512_512.npy,20230213,2023,lidar,0.9878,train,test
20230213_lidar_tile_512_640.npy,20230213,2023,lidar,0.9954,train,buffer
20230213_lidar_tile_512_768.npy,20230213,2023,lidar,0.9951,train,val
20230213_lidar_tile_512_896.npy,20230213,2023,lidar,0.9937,train,val
20230213_lidar_tile_512_1024.npy,20230213,2023,lidar,0.9979,train,val
20230213_lidar_tile_512_1152.npy,20230213,2023,lidar,0.9979,train,buffer
20230213_lidar_tile_512_1280.npy,20230213,2023,lidar,0.996,train,train
20230213_lidar_tile_512_1408.npy,20230213,2023,lidar,0.9967,train,train
20230213_lidar_tile_512_1536.npy,20230213,2023,lidar,0.9989,train,train
20230213_lidar_tile_512_1664.npy,20230213,2023,lidar,0.9997,train,train
20230213_lidar_tile_512_1792.npy,20230213,2023,lidar,1.0,train,train
20230213_lidar_tile_512_1920.npy,20230213,2023,lidar,0.9977,train,train
20230213_lidar_tile_512_2048.npy,20230213,2023,lidar,0.9865,train,train
20230213_lidar_tile_512_2176.npy,20230213,2023,lidar,0.9831,train,train
20230213_lidar_tile_512_2304.npy,20230213,2023,lidar,0.9897,train,train
20230213_lidar_tile_512_2432.npy,20230213,2023,lidar,0.9927,train,train
20230213_lidar_tile_512_2560.npy,20230213,2023,lidar,0.9921,train,train
20230213_lidar_tile_512_2688.npy,20230213,2023,lidar,0.9565,train,train
20230213_lidar_tile_512_2816.npy,20230213,2023,lidar,0.9347,train,train
20230213_lidar_tile_640_128.npy,20230213,2023,lidar,0.6559,train,test
20230213_lidar_tile_640_256.npy,20230213,2023,lidar,0.9798,train,test
20230213_lidar_tile_640_384.npy,20230213,2023,lidar,0.9967,train,test
20230213_lidar_tile_640_512.npy,20230213,2023,lidar,0.9966,train,test
20230213_lidar_tile_640_640.npy,20230213,2023,lidar,0.9972,train,buffer
20230213_lidar_tile_640_768.npy,20230213,2023,lidar,0.9986,train,val
20230213_lidar_tile_640_896.npy,20230213,2023,lidar,0.9921,train,val
20230213_lidar_tile_640_1024.npy,20230213,2023,lidar,0.9881,train,val
20230213_lidar_tile_640_1152.npy,20230213,2023,lidar,0.9954,train,buffer
20230213_lidar_tile_640_1280.npy,20230213,2023,lidar,0.997,train,train
20230213_lidar_tile_640_1408.npy,20230213,2023,lidar,0.9963,train,train
20230213_lidar_tile_640_1536.npy,20230213,2023,lidar,0.9966,train,train
20230213_lidar_tile_640_1664.npy,20230213,2023,lidar,0.9978,train,train
20230213_lidar_tile_640_1792.npy,20230213,2023,lidar,0.9976,train,train
20230213_lidar_tile_640_1920.npy,20230213,2023,lidar,0.9872,train,train
20230213_lidar_tile_640_2048.npy,20230213,2023,lidar,0.9832,train,train
20230213_lidar_tile_640_2176.npy,20230213,2023,lidar,0.9932,train,train
20230213_lidar_tile_640_2304.npy,20230213,2023,lidar,0.9993,train,train
20230213_lidar_tile_640_2432.npy,20230213,2023,lidar,0.9972,train,train
20230213_lidar_tile_640_2560.npy,20230213,2023,lidar,0.9951,train,train
20230213_lidar_tile_640_2688.npy,20230213,2023,lidar,0.9627,train,train
20230213_lidar_tile_640_2816.npy,20230213,2023,lidar,0.9413,train,train
20230213_lidar_tile_640_2944.npy,20230213,2023,lidar,0.9477,train,train
20230213_lidar_tile_768_0.npy,20230213,2023,lidar,0.6796,train,test
20230213_lidar_tile_768_128.npy,20230213,2023,lidar,0.884,train,test
20230213_lidar_tile_768_256.npy,20230213,2023,lidar,0.9819,train,test
20230213_lidar_tile_768_384.npy,20230213,2023,lidar,0.9963,train,test
20230213_lidar_tile_768_512.npy,20230213,2023,lidar,0.9934,train,test
20230213_lidar_tile_768_640.npy,20230213,2023,lidar,0.9929,train,buffer
20230213_lidar_tile_768_768.npy,20230213,2023,lidar,0.9825,train,val
20230213_lidar_tile_768_896.npy,20230213,2023,lidar,0.9655,train,val
20230213_lidar_tile_768_1024.npy,20230213,2023,lidar,0.9766,train,val
20230213_lidar_tile_768_1152.npy,20230213,2023,lidar,0.9956,train,buffer
20230213_lidar_tile_768_1280.npy,20230213,2023,lidar,0.9986,train,train
20230213_lidar_tile_768_1408.npy,20230213,2023,lidar,0.9968,train,train
20230213_lidar_tile_768_1536.npy,20230213,2023,lidar,0.996,train,train
20230213_lidar_tile_768_1664.npy,20230213,2023,lidar,0.9972,train,train
20230213_lidar_tile_768_1792.npy,20230213,2023,lidar,0.982,train,train
20230213_lidar_tile_768_2176.npy,20230213,2023,lidar,0.9975,train,train
20230213_lidar_tile_768_2304.npy,20230213,2023,lidar,0.9995,train,train
20230213_lidar_tile_768_2432.npy,20230213,2023,lidar,0.9974,train,train
20230213_lidar_tile_768_2560.npy,20230213,2023,lidar,0.9719,train,train
20230213_lidar_tile_768_2688.npy,20230213,2023,lidar,0.9578,train,train
20230213_lidar_tile_768_2816.npy,20230213,2023,lidar,0.9688,train,train
20230213_lidar_tile_768_2944.npy,20230213,2023,lidar,0.9421,train,train
20230213_lidar_tile_768_3072.npy,20230213,2023,lidar,0.9262,train,train
20230213_lidar_tile_768_3200.npy,20230213,2023,lidar,0.8862,train,train
20230213_lidar_tile_896_128.npy,20230213,2023,lidar,0.9644,train,test
20230213_lidar_tile_896_256.npy,20230213,2023,lidar,0.9952,train,test
20230213_lidar_tile_896_384.npy,20230213,2023,lidar,0.996,train,test
20230213_lidar_tile_896_512.npy,20230213,2023,lidar,0.9926,train,test
20230213_lidar_tile_896_640.npy,20230213,2023,lidar,0.9939,train,buffer
20230213_lidar_tile_896_768.npy,20230213,2023,lidar,0.9365,train,val
20230213_lidar_tile_896_896.npy,20230213,2023,lidar,0.9218,train,val
20230213_lidar_tile_896_1024.npy,20230213,2023,lidar,0.9812,train,val
20230213_lidar_tile_896_1152.npy,20230213,2023,lidar,0.9969,train,buffer
20230213_lidar_tile_896_1280.npy,20230213,2023,lidar,0.9988,train,train
20230213_lidar_tile_896_1408.npy,20230213,2023,lidar,0.998,train,train
20230213_lidar_tile_896_1536.npy,20230213,2023,lidar,0.9982,train,train
20230213_lidar_tile_896_1664.npy,20230213,2023,lidar,0.9975,train,train
20230213_lidar_tile_896_1792.npy,20230213,2023,lidar,0.9831,train,train
20230213_lidar_tile_896_2176.npy,20230213,2023,lidar,0.9916,train,train
20230213_lidar_tile_896_2304.npy,20230213,2023,lidar,0.9996,train,train
20230213_lidar_tile_896_2432.npy,20230213,2023,lidar,0.9312,train,train
20230213_lidar_tile_896_2560.npy,20230213,2023,lidar,0.8778,train,train
20230213_lidar_tile_896_2688.npy,20230213,2023,lidar,0.9408,train,train
20230213_lidar_tile_896_2816.npy,20230213,2023,lidar,0.9815,train,train
20230213_lidar_tile_896_2944.npy,20230213,2023,lidar,0.9626,train,train
20230213_lidar_tile_896_3072.npy,20230213,2023,lidar,0.9561,train,train
20230213_lidar_tile_896_3200.npy,20230213,2023,lidar,0.9402,train,train
20230213_lidar_tile_1024_128.npy,20230213,2023,lidar,0.7156,train,test
20230213_lidar_tile_1024_256.npy,20230213,2023,lidar,0.9788,train,test
20230213_lidar_tile_1024_384.npy,20230213,2023,lidar,0.997,train,test
20230213_lidar_tile_1024_512.npy,20230213,2023,lidar,0.9986,train,test
20230213_lidar_tile_1024_640.npy,20230213,2023,lidar,0.9993,train,buffer
20230213_lidar_tile_1024_768.npy,20230213,2023,lidar,0.9449,train,val
20230213_lidar_tile_1024_896.npy,20230213,2023,lidar,0.9408,train,val
20230213_lidar_tile_1024_1024.npy,20230213,2023,lidar,0.992,train,val
20230213_lidar_tile_1024_1152.npy,20230213,2023,lidar,0.9951,train,buffer
20230213_lidar_tile_1024_1280.npy,20230213,2023,lidar,0.9982,train,train
20230213_lidar_tile_1024_1408.npy,20230213,2023,lidar,0.9998,train,train
20230213_lidar_tile_1024_1536.npy,20230213,2023,lidar,0.9994,train,train
20230213_lidar_tile_1024_1664.npy,20230213,2023,lidar,0.9972,train,train
20230213_lidar_tile_1024_1792.npy,20230213,2023,lidar,0.9927,train,train
20230213_lidar_tile_1024_1920.npy,20230213,2023,lidar,0.9925,train,train
20230213_lidar_tile_1024_2048.npy,20230213,2023,lidar,0.9899,train,train
20230213_lidar_tile_1024_2176.npy,20230213,2023,lidar,0.9925,train,train
20230213_lidar_tile_1024_2304.npy,20230213,2023,lidar,0.9992,train,train
20230213_lidar_tile_1024_2432.npy,20230213,2023,lidar,0.9191,train,train
20230213_lidar_tile_1024_2560.npy,20230213,2023,lidar,0.8898,train,train
20230213_lidar_tile_1024_2688.npy,20230213,2023,lidar,0.967,train,train
20230213_lidar_tile_1024_2816.npy,20230213,2023,lidar,0.9921,train,train
20230213_lidar_tile_1024_2944.npy,20230213,2023,lidar,0.978,train,train
20230213_lidar_tile_1024_3072.npy,20230213,2023,lidar,0.933,train,train
20230213_lidar_tile_1152_256.npy,20230213,2023,lidar,0.8279,train,test
20230213_lidar_tile_1152_384.npy,20230213,2023,lidar,0.9579,train,test
20230213_lidar_tile_1152_512.npy,20230213,2023,lidar,0.9916,train,test
20230213_lidar_tile_1152_640.npy,20230213,2023,lidar,0.9921,train,buffer
20230213_lidar_tile_1152_768.npy,20230213,2023,lidar,0.9633,train,val
20230213_lidar_tile_1152_896.npy,20230213,2023,lidar,0.9704,train,val
20230213_lidar_tile_1152_1024.npy,20230213,2023,lidar,0.9979,train,val
20230213_lidar_tile_1152_1152.npy,20230213,2023,lidar,0.9956,train,buffer
20230213_lidar_tile_1152_1280.npy,20230213,2023,lidar,0.9967,train,train
20230213_lidar_tile_1152_1408.npy,20230213,2023,lidar,0.9993,train,train
20230213_lidar_tile_1152_1536.npy,20230213,2023,lidar,0.9993,train,train
20230213_lidar_tile_1152_1664.npy,20230213,2023,lidar,0.9986,train,train
20230213_lidar_tile_1152_1792.npy,20230213,2023,lidar,0.9913,train,train
20230213_lidar_tile_1152_1920.npy,20230213,2023,lidar,0.9778,train,train
20230213_lidar_tile_1152_2048.npy,20230213,2023,lidar,0.9842,train,train
20230213_lidar_tile_1152_2176.npy,20230213,2023,lidar,0.9986,train,train
20230213_lidar_tile_1152_2304.npy,20230213,2023,lidar,0.9985,train,train
20230213_lidar_tile_1152_2432.npy,20230213,2023,lidar,0.9846,train,train
20230213_lidar_tile_1152_2560.npy,20230213,2023,lidar,0.9851,train,train
20230213_lidar_tile_1152_2688.npy,20230213,2023,lidar,0.994,train,train
20230213_lidar_tile_1152_2816.npy,20230213,2023,lidar,0.9694,train,train
20230213_lidar_tile_1152_2944.npy,20230213,2023,lidar,0.9462,train,train
20230213_lidar_tile_1152_3072.npy,20230213,2023,lidar,0.9201,train,train
20230213_lidar_tile_1280_640.npy,20230213,2023,lidar,0.719,train,buffer
20230213_lidar_tile_1280_768.npy,20230213,2023,lidar,0.7577,train,val
20230213_lidar_tile_1280_896.npy,20230213,2023,lidar,0.8492,train,val
20230213_lidar_tile_1280_1024.npy,20230213,2023,lidar,0.9552,train,val
20230213_lidar_tile_1280_1152.npy,20230213,2023,lidar,0.9979,train,buffer
20230213_lidar_tile_1280_1280.npy,20230213,2023,lidar,0.9949,train,train
20230213_lidar_tile_1280_1408.npy,20230213,2023,lidar,0.9961,train,train
20230213_lidar_tile_1280_1536.npy,20230213,2023,lidar,0.992,train,train
20230213_lidar_tile_1280_1664.npy,20230213,2023,lidar,0.9915,train,train
20230213_lidar_tile_1280_1792.npy,20230213,2023,lidar,0.9961,train,train
20230213_lidar_tile_1280_1920.npy,20230213,2023,lidar,0.9843,train,train
20230213_lidar_tile_1280_2048.npy,20230213,2023,lidar,0.9857,train,train
20230213_lidar_tile_1280_2176.npy,20230213,2023,lidar,0.9984,train,train
20230213_lidar_tile_1280_2304.npy,20230213,2023,lidar,0.999,train,train
20230213_lidar_tile_1280_2432.npy,20230213,2023,lidar,0.9978,train,train
20230213_lidar_tile_1280_2560.npy,20230213,2023,lidar,0.9971,train,train
20230213_lidar_tile_1280_2688.npy,20230213,2023,lidar,0.9765,train,train
20230213_lidar_tile_1280_2816.npy,20230213,2023,lidar,0.9385,train,train
20230213_lidar_tile_1280_2944.npy,20230213,2023,lidar,0.9429,train,train
20230213_lidar_tile_1280_3072.npy,20230213,2023,lidar,0.9711,train,train
20230213_lidar_tile_1408_768.npy,20230213,2023,lidar,0.452,train,val
20230213_lidar_tile_1408_896.npy,20230213,2023,lidar,0.7611,train,val
20230213_lidar_tile_1408_1024.npy,20230213,2023,lidar,0.9376,train,val
20230213_lidar_tile_1408_1152.npy,20230213,2023,lidar,0.9986,train,buffer
20230213_lidar_tile_1408_1280.npy,20230213,2023,lidar,0.9964,train,train
20230213_lidar_tile_1408_1408.npy,20230213,2023,lidar,0.9967,train,train
20230213_lidar_tile_1408_1536.npy,20230213,2023,lidar,0.9852,train,train
20230213_lidar_tile_1408_1664.npy,20230213,2023,lidar,0.9843,train,train
20230213_lidar_tile_1408_1792.npy,20230213,2023,lidar,0.9986,train,train
20230213_lidar_tile_1408_1920.npy,20230213,2023,lidar,0.9996,train,train
20230213_lidar_tile_1408_2048.npy,20230213,2023,lidar,0.9982,train,train
20230213_lidar_tile_1408_2176.npy,20230213,2023,lidar,0.9976,train,train
20230213_lidar_tile_1408_2304.npy,20230213,2023,lidar,0.9986,train,train
20230213_lidar_tile_1408_2432.npy,20230213,2023,lidar,0.9958,train,train
20230213_lidar_tile_1408_2560.npy,20230213,2023,lidar,0.9798,train,train
20230213_lidar_tile_1408_2688.npy,20230213,2023,lidar,0.9446,train,train
20230213_lidar_tile_1408_2816.npy,20230213,2023,lidar,0.9453,train,train
20230213_lidar_tile_1408_2944.npy,20230213,2023,lidar,0.9832,train,train
20230213_lidar_tile_1408_3072.npy,20230213,2023,lidar,0.9748,train,train
20230213_lidar_tile_1536_896.npy,20230213,2023,lidar,0.5429,train,val
20230213_lidar_tile_1536_1024.npy,20230213,2023,lidar,0.8785,train,val
20230213_lidar_tile_1536_1152.npy,20230213,2023,lidar,0.9984,train,buffer
20230213_lidar_tile_1536_1280.npy,20230213,2023,lidar,0.9994,train,train
20230213_lidar_tile_1536_1408.npy,20230213,2023,lidar,0.9998,train,train
20230213_lidar_tile_1536_1536.npy,20230213,2023,lidar,0.9922,train,train
20230213_lidar_tile_1536_1664.npy,20230213,2023,lidar,0.9913,train,train
20230213_lidar_tile_1536_1792.npy,20230213,2023,lidar,0.9983,train,train
20230213_lidar_tile_1536_1920.npy,20230213,2023,lidar,0.9993,train,train
20230213_lidar_tile_1536_2048.npy,20230213,2023,lidar,0.9985,train,train
20230213_lidar_tile_1536_2176.npy,20230213,2023,lidar,0.9978,train,train
20230213_lidar_tile_1536_2304.npy,20230213,2023,lidar,0.9982,train,train
20230213_lidar_tile_1536_2432.npy,20230213,2023,lidar,0.9935,train,train
20230213_lidar_tile_1536_2560.npy,20230213,2023,lidar,0.9637,train,train
20230213_lidar_tile_1536_2688.npy,20230213,2023,lidar,0.9467,train,train
20230213_lidar_tile_1536_2816.npy,20230213,2023,lidar,0.9699,train,train
20230213_lidar_tile_1536_2944.npy,20230213,2023,lidar,0.9883,train,train
20230213_lidar_tile_1664_896.npy,20230213,2023,lidar,0.491,train,val
20230213_lidar_tile_1664_1024.npy,20230213,2023,lidar,0.8209,train,val
20230213_lidar_tile_1664_1152.npy,20230213,2023,lidar,0.996,train,buffer
20230213_lidar_tile_1664_1280.npy,20230213,2023,lidar,0.9975,train,train
20230213_lidar_tile_1664_1408.npy,20230213,2023,lidar,0.9999,train,train
20230213_lidar_tile_1664_1536.npy,20230213,2023,lidar,0.9994,train,train
20230213_lidar_tile_1664_1664.npy,20230213,2023,lidar,0.9981,train,train
20230213_lidar_tile_1664_1792.npy,20230213,2023,lidar,0.9982,train,train
20230213_lidar_tile_1664_1920.npy,20230213,2023,lidar,0.9963,train,train
20230213_lidar_tile_1664_2048.npy,20230213,2023,lidar,0.9933,train,train
20230213_lidar_tile_1664_2176.npy,20230213,2023,lidar,0.9936,train,train
20230213_lidar_tile_1664_2304.npy,20230213,2023,lidar,0.996,train,train
20230213_lidar_tile_1664_2432.npy,20230213,2023,lidar,0.9954,train,train
20230213_lidar_tile_1664_2560.npy,20230213,2023,lidar,0.9771,train,train
20230213_lidar_tile_1664_2688.npy,20230213,2023,lidar,0.9703,train,train
20230213_lidar_tile_1664_2816.npy,20230213,2023,lidar,0.9808,train,train
20230213_lidar_tile_1664_2944.npy,20230213,2023,lidar,0.9393,train,train
20230213_lidar_tile_1792_768.npy,20230213,2023,lidar,0.7132,train,val
20230213_lidar_tile_1792_896.npy,20230213,2023,lidar,0.8337,train,val
20230213_lidar_tile_1792_1024.npy,20230213,2023,lidar,0.9193,train,val
20230213_lidar_tile_1792_1152.npy,20230213,2023,lidar,0.9956,train,buffer
20230213_lidar_tile_1792_1280.npy,20230213,2023,lidar,0.9974,train,train
20230213_lidar_tile_1792_1408.npy,20230213,2023,lidar,0.9996,train,train
20230213_lidar_tile_1792_1536.npy,20230213,2023,lidar,0.9989,train,train
20230213_lidar_tile_1792_1664.npy,20230213,2023,lidar,0.998,train,train
20230213_lidar_tile_1792_1792.npy,20230213,2023,lidar,0.996,train,train
20230213_lidar_tile_1792_1920.npy,20230213,2023,lidar,0.985,train,train
20230213_lidar_tile_1792_2048.npy,20230213,2023,lidar,0.9781,train,train
20230213_lidar_tile_1792_2176.npy,20230213,2023,lidar,0.978,train,train
20230213_lidar_tile_1792_2304.npy,20230213,2023,lidar,0.9863,train,train
20230213_lidar_tile_1792_2432.npy,20230213,2023,lidar,0.997,train,train
20230213_lidar_tile_1792_2560.npy,20230213,2023,lidar,0.9937,train,train
20230213_lidar_tile_1792_2688.npy,20230213,2023,lidar,0.9784,train,train
20230213_lidar_tile_1792_2816.npy,20230213,2023,lidar,0.9561,train,train
20230213_lidar_tile_1920_768.npy,20230213,2023,lidar,0.9277,train,val
20230213_lidar_tile_1920_896.npy,20230213,2023,lidar,0.9944,train,val
20230213_lidar_tile_1920_1024.npy,20230213,2023,lidar,0.9943,train,val
20230213_lidar_tile_1920_1152.npy,20230213,2023,lidar,0.9987,train,buffer
20230213_lidar_tile_1920_1280.npy,20230213,2023,lidar,0.999,train,train
20230213_lidar_tile_1920_1408.npy,20230213,2023,lidar,0.999,train,train
20230213_lidar_tile_1920_1536.npy,20230213,2023,lidar,0.9987,train,train
20230213_lidar_tile_1920_1664.npy,20230213,2023,lidar,0.9968,train,train
20230213_lidar_tile_1920_1792.npy,20230213,2023,lidar,0.9938,train,train
20230213_lidar_tile_1920_1920.npy,20230213,2023,lidar,0.9842,train,train
20230213_lidar_tile_1920_2048.npy,20230213,2023,lidar,0.9767,train,train
20230213_lidar_tile_1920_2176.npy,20230213,2023,lidar,0.9769,train,train
20230213_lidar_tile_1920_2304.npy,20230213,2023,lidar,0.9869,train,train
20230213_lidar_tile_1920_2432.npy,20230213,2023,lidar,0.9968,train,train
20230213_lidar_tile_1920_2560.npy,20230213,2023,lidar,0.988,train,train
20230213_lidar_tile_1920_2688.npy,20230213,2023,lidar,0.9676,train,train
20230213_lidar_tile_2048_768.npy,20230213,2023,lidar,0.844,train,val
20230213_lidar_tile_2048_896.npy,20230213,2023,lidar,0.9973,train,val
20230213_lidar_tile_2048_1024.npy,20230213,2023,lidar,0.9971,train,val
20230213_lidar_tile_2048_1152.npy,20230213,2023,lidar,0.9989,train,buffer
20230213_lidar_tile_2048_1280.npy,20230213,2023,lidar,0.9962,train,train
20230213_lidar_tile_2048_1408.npy,20230213,2023,lidar,0.9947,train,train
20230213_lidar_tile_2048_1536.npy,20230213,2023,lidar,0.9967,train,train
20230213_lidar_tile_2048_1664.npy,20230213,2023,lidar,0.995,train,train
20230213_lidar_tile_2048_1792.npy,20230213,2023,lidar,0.9946,train,train
20230213_lidar_tile_2048_1920.npy,20230213,2023,lidar,0.9915,train,train
20230213_lidar_tile_2048_2048.npy,20230213,2023,lidar,0.9838,train,train
20230213_lidar_tile_2048_2176.npy,20230213,2023,lidar,0.9875,train,train
20230213_lidar_tile_2048_2304.npy,20230213,2023,lidar,0.9879,train,train
20230213_lidar_tile_2048_2432.npy,20230213,2023,lidar,0.979,train,train
20230213_lidar_tile_2048_2560.npy,20230213,2023,lidar,0.9783,train,train
20230213_lidar_tile_2048_2688.npy,20230213,2023,lidar,0.8536,train,train
20230213_lidar_tile_2176_768.npy,20230213,2023,lidar,0.7408,train,val
20230213_lidar_tile_2176_896.npy,20230213,2023,lidar,0.9949,train,val
20230213_lidar_tile_2176_1024.npy,20230213,2023,lidar,0.9939,train,val
20230213_lidar_tile_2176_1152.npy,20230213,2023,lidar,0.995,train,buffer
20230213_lidar_tile_2176_1280.npy,20230213,2023,lidar,0.9946,train,train
20230213_lidar_tile_2176_1408.npy,20230213,2023,lidar,0.9936,train,train
20230213_lidar_tile_2176_1536.npy,20230213,2023,lidar,0.9953,train,train
20230213_lidar_tile_2176_1664.npy,20230213,2023,lidar,0.9948,train,train
20230213_lidar_tile_2176_1792.npy,20230213,2023,lidar,0.9883,train,train
20230213_lidar_tile_2176_1920.npy,20230213,2023,lidar,0.9866,train,train
20230213_lidar_tile_2176_2048.npy,20230213,2023,lidar,0.9899,train,train
20230213_lidar_tile_2176_2176.npy,20230213,2023,lidar,0.9547,train,train
20230213_lidar_tile_2176_2304.npy,20230213,2023,lidar,0.9045,train,train
20230213_lidar_tile_2176_2432.npy,20230213,2023,lidar,0.9292,train,train
20230213_lidar_tile_2176_2560.npy,20230213,2023,lidar,0.9458,train,train
20230213_lidar_tile_2304_768.npy,20230213,2023,lidar,0.6674,train,val
20230213_lidar_tile_2304_896.npy,20230213,2023,lidar,0.9904,train,val
20230213_lidar_tile_2304_1024.npy,20230213,2023,lidar,0.9897,train,val
20230213_lidar_tile_2304_1152.npy,20230213,2023,lidar,0.9917,train,buffer
20230213_lidar_tile_2304_1280.npy,20230213,2023,lidar,0.9951,train,train
20230213_lidar_tile_2304_1408.npy,20230213,2023,lidar,0.9919,train,train
20230213_lidar_tile_2304_1536.npy,20230213,2023,lidar,0.9878,train,train
20230213_lidar_tile_2304_1664.npy,20230213,2023,lidar,0.992,train,train
20230213_lidar_tile_2304_1792.npy,20230213,2023,lidar,0.9904,train,train
20230213_lidar_tile_2304_1920.npy,20230213,2023,lidar,0.9845,train,train
20230213_lidar_tile_2304_2048.npy,20230213,2023,lidar,0.9725,train,train
20230213_lidar_tile_2304_2176.npy,20230213,2023,lidar,0.9233,train,train
20230213_lidar_tile_2304_2304.npy,20230213,2023,lidar,0.8324,train,train
20230213_lidar_tile_2304_2432.npy,20230213,2023,lidar,0.7402,train,train
20230213_lidar_tile_2432_768.npy,20230213,2023,lidar,0.5643,train,val
20230213_lidar_tile_2432_896.npy,20230213,2023,lidar,0.9908,train,val
20230213_lidar_tile_2432_1024.npy,20230213,2023,lidar,0.9907,train,val
20230213_lidar_tile_2432_1152.npy,20230213,2023,lidar,0.9924,train,buffer
20230213_lidar_tile_2432_1280.npy,20230213,2023,lidar,0.9948,train,train
20230213_lidar_tile_2432_1408.npy,20230213,2023,lidar,0.9896,train,train
20230213_lidar_tile_2432_1536.npy,20230213,2023,lidar,0.9861,train,train
20230213_lidar_tile_2432_1664.npy,20230213,2023,lidar,0.9923,train,train
20230213_lidar_tile_2432_1792.npy,20230213,2023,lidar,0.9983,train,train
20230213_lidar_tile_2432_1920.npy,20230213,2023,lidar,0.9714,train,train
20230213_lidar_tile_2432_2048.npy,20230213,2023,lidar,0.9391,train,train
20230213_lidar_tile_2432_2176.npy,20230213,2023,lidar,0.9314,train,train
20230213_lidar_tile_2432_2304.npy,20230213,2023,lidar,0.8102,train,train
20230213_lidar_tile_2432_2432.npy,20230213,2023,lidar,0.4533,train,train
20230213_lidar_tile_2560_768.npy,20230213,2023,lidar,0.4498,train,val
20230213_lidar_tile_2560_896.npy,20230213,2023,lidar,0.9249,train,val
20230213_lidar_tile_2560_1024.npy,20230213,2023,lidar,0.9912,train,val
20230213_lidar_tile_2560_1152.npy,20230213,2023,lidar,0.9914,train,buffer
20230213_lidar_tile_2560_1280.npy,20230213,2023,lidar,0.992,train,train
20230213_lidar_tile_2560_1408.npy,20230213,2023,lidar,0.9924,train,train
20230213_lidar_tile_2560_1536.npy,20230213,2023,lidar,0.995,train,train
20230213_lidar_tile_2560_1664.npy,20230213,2023,lidar,0.9921,train,train
20230213_lidar_tile_2560_1792.npy,20230213,2023,lidar,0.9925,train,train
20230213_lidar_tile_2560_1920.npy,20230213,2023,lidar,0.97,train,train
20230213_lidar_tile_2560_2048.npy,20230213,2023,lidar,0.9498,train,train
20230213_lidar_tile_2560_2176.npy,20230213,2023,lidar,0.9417,train,train
20230213_lidar_tile_2560_2304.npy,20230213,2023,lidar,0.6929,train,train
20230213_lidar_tile_2688_896.npy,20230213,2023,lidar,0.6654,train,val
20230213_lidar_tile_2688_1024.npy,20230213,2023,lidar,0.9473,train,val
20230213_lidar_tile_2688_1152.npy,20230213,2023,lidar,0.9829,train,buffer
20230213_lidar_tile_2688_1280.npy,20230213,2023,lidar,0.987,train,train
20230213_lidar_tile_2688_1408.npy,20230213,2023,lidar,0.9917,train,train
20230213_lidar_tile_2688_1536.npy,20230213,2023,lidar,0.9949,train,train
20230213_lidar_tile_2688_1664.npy,20230213,2023,lidar,0.9898,train,train
20230213_lidar_tile_2688_1792.npy,20230213,2023,lidar,0.9827,train,train
20230213_lidar_tile_2688_1920.npy,20230213,2023,lidar,0.9035,train,train
20230213_lidar_tile_2688_2048.npy,20230213,2023,lidar,0.7275,train,train
20230213_lidar_tile_2816_1024.npy,20230213,2023,lidar,0.6984,train,val
20230213_lidar_tile_2816_1152.npy,20230213,2023,lidar,0.9182,train,buffer
20230213_lidar_tile_2816_1280.npy,20230213,2023,lidar,0.9709,train,train
20230213_lidar_tile_2816_1408.npy,20230213,2023,lidar,0.9416,train,train
20230213_lidar_tile_2816_1536.npy,20230213,2023,lidar,0.8313,train,train
20230213_lidar_tile_2816_1664.npy,20230213,2023,lidar,0.6961,train,train
20230316_lidar_tile_128_128.npy,20230316,2023,lidar,0.5711,train,test
20230316_lidar_tile_128_256.npy,20230316,2023,lidar,0.9128,train,test
20230316_lidar_tile_128_384.npy,20230316,2023,lidar,0.9649,train,test
20230316_lidar_tile_128_512.npy,20230316,2023,lidar,0.9803,train,test
20230316_lidar_tile_128_640.npy,20230316,2023,lidar,0.9884,train,buffer
20230316_lidar_tile_128_768.npy,20230316,2023,lidar,0.9464,train,val
20230316_lidar_tile_256_128.npy,20230316,2023,lidar,0.8018,train,test
20230316_lidar_tile_256_256.npy,20230316,2023,lidar,0.9414,train,test
20230316_lidar_tile_256_384.npy,20230316,2023,lidar,0.9781,train,test
20230316_lidar_tile_256_512.npy,20230316,2023,lidar,0.9886,train,test
20230316_lidar_tile_256_640.npy,20230316,2023,lidar,0.9953,train,buffer
20230316_lidar_tile_256_768.npy,20230316,2023,lidar,0.997,train,val
20230316_lidar_tile_256_896.npy,20230316,2023,lidar,0.9985,train,val
20230316_lidar_tile_256_1024.npy,20230316,2023,lidar,0.9733,train,val
20230316_lidar_tile_384_0.npy,20230316,2023,lidar,0.6277,train,test
20230316_lidar_tile_384_128.npy,20230316,2023,lidar,0.9639,train,test
20230316_lidar_tile_384_256.npy,20230316,2023,lidar,0.9762,train,test
20230316_lidar_tile_384_384.npy,20230316,2023,lidar,0.9933,train,test
20230316_lidar_tile_384_512.npy,20230316,2023,lidar,0.9954,train,test
20230316_lidar_tile_384_640.npy,20230316,2023,lidar,0.9989,train,buffer
20230316_lidar_tile_384_768.npy,20230316,2023,lidar,0.9925,train,val
20230316_lidar_tile_384_896.npy,20230316,2023,lidar,0.9919,train,val
20230316_lidar_tile_384_1024.npy,20230316,2023,lidar,0.9988,train,val
20230316_lidar_tile_384_2048.npy,20230316,2023,lidar,0.9304,train,train
20230316_lidar_tile_384_2176.npy,20230316,2023,lidar,0.8674,train,train
20230316_lidar_tile_384_2304.npy,20230316,2023,lidar,0.7372,train,train
20230316_lidar_tile_512_0.npy,20230316,2023,lidar,0.7331,train,test
20230316_lidar_tile_512_128.npy,20230316,2023,lidar,0.9915,train,test
20230316_lidar_tile_512_256.npy,20230316,2023,lidar,0.9926,train,test
20230316_lidar_tile_512_384.npy,20230316,2023,lidar,0.9956,train,test
20230316_lidar_tile_512_512.npy,20230316,2023,lidar,0.9988,train,test
20230316_lidar_tile_512_640.npy,20230316,2023,lidar,0.9999,train,buffer
20230316_lidar_tile_512_768.npy,20230316,2023,lidar,0.9929,train,val
20230316_lidar_tile_512_896.npy,20230316,2023,lidar,0.9921,train,val
20230316_lidar_tile_512_1024.npy,20230316,2023,lidar,0.9986,train,val
20230316_lidar_tile_512_1152.npy,20230316,2023,lidar,0.9981,train,buffer
20230316_lidar_tile_512_1280.npy,20230316,2023,lidar,0.9955,train,train
20230316_lidar_tile_512_1408.npy,20230316,2023,lidar,0.9957,train,train
20230316_lidar_tile_512_1536.npy,20230316,2023,lidar,0.9885,train,train
20230316_lidar_tile_512_1664.npy,20230316,2023,lidar,0.9678,train,train
20230316_lidar_tile_512_1792.npy,20230316,2023,lidar,0.9778,train,train
20230316_lidar_tile_512_1920.npy,20230316,2023,lidar,0.9957,train,train
20230316_lidar_tile_512_2048.npy,20230316,2023,lidar,0.9888,train,train
20230316_lidar_tile_512_2176.npy,20230316,2023,lidar,0.97,train,train
20230316_lidar_tile_512_2304.npy,20230316,2023,lidar,0.9274,train,train
20230316_lidar_tile_512_2432.npy,20230316,2023,lidar,0.92,train,train
20230316_lidar_tile_512_2560.npy,20230316,2023,lidar,0.936,train,train
20230316_lidar_tile_512_2688.npy,20230316,2023,lidar,0.9065,train,train
20230316_lidar_tile_640_0.npy,20230316,2023,lidar,0.7118,train,test
20230316_lidar_tile_640_128.npy,20230316,2023,lidar,0.9628,train,test
20230316_lidar_tile_640_256.npy,20230316,2023,lidar,0.9944,train,test
20230316_lidar_tile_640_384.npy,20230316,2023,lidar,0.9956,train,test
20230316_lidar_tile_640_512.npy,20230316,2023,lidar,0.9982,train,test
20230316_lidar_tile_640_640.npy,20230316,2023,lidar,0.9997,train,buffer
20230316_lidar_tile_640_768.npy,20230316,2023,lidar,1.0,train,val
20230316_lidar_tile_640_896.npy,20230316,2023,lidar,0.9996,train,val
20230316_lidar_tile_640_1024.npy,20230316,2023,lidar,0.9981,train,val
20230316_lidar_tile_640_1152.npy,20230316,2023,lidar,0.997,train,buffer
20230316_lidar_tile_640_1280.npy,20230316,2023,lidar,0.9949,train,train
20230316_lidar_tile_640_1408.npy,20230316,2023,lidar,0.9945,train,train
20230316_lidar_tile_640_1536.npy,20230316,2023,lidar,0.9968,train,train
20230316_lidar_tile_640_1664.npy,20230316,2023,lidar,0.9967,train,train
20230316_lidar_tile_640_1792.npy,20230316,2023,lidar,0.9933,train,train
20230316_lidar_tile_640_1920.npy,20230316,2023,lidar,0.9836,train,train
20230316_lidar_tile_640_2048.npy,20230316,2023,lidar,0.9827,train,train
20230316_lidar_tile_640_2176.npy,20230316,2023,lidar,0.9862,train,train
20230316_lidar_tile_640_2304.npy,20230316,2023,lidar,0.9712,train,train
20230316_lidar_tile_640_2432.npy,20230316,2023,lidar,0.9656,train,train
20230316_lidar_tile_640_2560.npy,20230316,2023,lidar,0.948,train,train
20230316_lidar_tile_640_2688.npy,20230316,2023,lidar,0.919,train,train
20230316_lidar_tile_640_2816.npy,20230316,2023,lidar,0.8111,train,train
20230316_lidar_tile_768_0.npy,20230316,2023,lidar,0.5706,train,test
20230316_lidar_tile_768_128.npy,20230316,2023,lidar,0.9325,train,test
20230316_lidar_tile_768_256.npy,20230316,2023,lidar,0.9982,train,test
20230316_lidar_tile_768_384.npy,20230316,2023,lidar,0.9985,train,test
20230316_lidar_tile_768_512.npy,20230316,2023,lidar,0.9986,train,test
20230316_lidar_tile_768_640.npy,20230316,2023,lidar,0.9998,train,buffer
20230316_lidar_tile_768_768.npy,20230316,2023,lidar,1.0,train,val
20230316_lidar_tile_768_896.npy,20230316,2023,lidar,0.9987,train,val
20230316_lidar_tile_768_1024.npy,20230316,2023,lidar,0.9976,train,val
20230316_lidar_tile_768_1152.npy,20230316,2023,lidar,0.9978,train,buffer
20230316_lidar_tile_768_1280.npy,20230316,2023,lidar,0.9966,train,train
20230316_lidar_tile_768_1408.npy,20230316,2023,lidar,0.9962,train,train
20230316_lidar_tile_768_1536.npy,20230316,2023,lidar,0.9976,train,train
20230316_lidar_tile_768_1664.npy,20230316,2023,lidar,0.9917,train,train
20230316_lidar_tile_768_1792.npy,20230316,2023,lidar,0.9535,train,train
20230316_lidar_tile_768_1920.npy,20230316,2023,lidar,0.9309,train,train
20230316_lidar_tile_768_2048.npy,20230316,2023,lidar,0.9676,train,train
20230316_lidar_tile_768_2176.npy,20230316,2023,lidar,0.9722,train,train
20230316_lidar_tile_768_2304.npy,20230316,2023,lidar,0.9459,train,train
20230316_lidar_tile_768_2432.npy,20230316,2023,lidar,0.9457,train,train
20230316_lidar_tile_768_2560.npy,20230316,2023,lidar,0.9215,train,train
20230316_lidar_tile_768_2688.npy,20230316,2023,lidar,0.9113,train,train
20230316_lidar_tile_768_2816.npy,20230316,2023,lidar,0.8459,train,train
20230316_lidar_tile_768_2944.npy,20230316,2023,lidar,0.7673,train,train
20230316_lidar_tile_896_0.npy,20230316,2023,lidar,0.6628,train,test
20230316_lidar_tile_896_128.npy,20230316,2023,lidar,0.9524,train,test
20230316_lidar_tile_896_256.npy,20230316,2023,lidar,0.9982,train,test
20230316_lidar_tile_896_384.npy,20230316,2023,lidar,0.9996,train,test
20230316_lidar_tile_896_512.npy,20230316,2023,lidar,1.0,train,test
20230316_lidar_tile_896_640.npy,20230316,2023,lidar,1.0,train,buffer
20230316_lidar_tile_896_768.npy,20230316,2023,lidar,0.9929,train,val
20230316_lidar_tile_896_896.npy,20230316,2023,lidar,0.9893,train,val
20230316_lidar_tile_896_1024.npy,20230316,2023,lidar,0.996,train,val
20230316_lidar_tile_896_1152.npy,20230316,2023,lidar,0.9982,train,buffer
20230316_lidar_tile_896_1280.npy,20230316,2023,lidar,0.9969,train,train
20230316_lidar_tile_896_1408.npy,20230316,2023,lidar,0.9964,train,train
20230316_lidar_tile_896_1536.npy,20230316,2023,lidar,0.9931,train,train
20230316_lidar_tile_896_1664.npy,20230316,2023,lidar,0.9853,train,train
20230316_lidar_tile_896_1792.npy,20230316,2023,lidar,0.9114,train,train
20230316_lidar_tile_896_2048.npy,20230316,2023,lidar,0.9501,train,train
20230316_lidar_tile_896_2176.npy,20230316,2023,lidar,0.9461,train,train
20230316_lidar_tile_896_2304.npy,20230316,2023,lidar,0.932,train,train
20230316_lidar_tile_896_2432.npy,20230316,2023,lidar,0.9289,train,train
20230316_lidar_tile_896_2560.npy,20230316,2023,lidar,0.8904,train,train
20230316_lidar_tile_896_2688.npy,20230316,2023,lidar,0.8496,train,train
20230316_lidar_tile_896_2816.npy,20230316,2023,lidar,0.6974,train,train
20230316_lidar_tile_896_2944.npy,20230316,2023,lidar,0.5539,train,train
20230316_lidar_tile_896_3072.npy,20230316,2023,lidar,0.4998,train,train
20230316_lidar_tile_1024_0.npy,20230316,2023,lidar,0.6283,train,test
20230316_lidar_tile_1024_128.npy,20230316,2023,lidar,0.8716,train,test
20230316_lidar_tile_1024_256.npy,20230316,2023,lidar,0.9818,train,test
20230316_lidar_tile_1024_384.npy,20230316,2023,lidar,0.9997,train,test
20230316_lidar_tile_1024_512.npy,20230316,2023,lidar,0.9997,train,test
20230316_lidar_tile_1024_640.npy,20230316,2023,lidar,0.9991,train,buffer
20230316_lidar_tile_1024_768.npy,20230316,2023,lidar,0.9914,train,val
20230316_lidar_tile_1024_896.npy,20230316,2023,lidar,0.9887,train,val
20230316_lidar_tile_1024_1024.npy,20230316,2023,lidar,0.9963,train,val
20230316_lidar_tile_1024_1152.npy,20230316,2023,lidar,0.9983,train,buffer
20230316_lidar_tile_1024_1280.npy,20230316,2023,lidar,0.9945,train,train
20230316_lidar_tile_1024_1408.npy,20230316,2023,lidar,0.9872,train,train
20230316_lidar_tile_1024_1536.npy,20230316,2023,lidar,0.983,train,train
20230316_lidar_tile_1024_1664.npy,20230316,2023,lidar,0.9833,train,train
20230316_lidar_tile_1024_1792.npy,20230316,2023,lidar,0.9397,train,train
20230316_lidar_tile_1024_1920.npy,20230316,2023,lidar,0.9074,train,train
20230316_lidar_tile_1024_2048.npy,20230316,2023,lidar,0.9218,train,train
20230316_lidar_tile_1024_2176.npy,20230316,2023,lidar,0.9131,train,train
20230316_lidar_tile_1024_2304.npy,20230316,2023,lidar,0.8934,train,train
20230316_lidar_tile_1024_2432.npy,20230316,2023,lidar,0.8954,train,train
20230316_lidar_tile_1024_2560.npy,20230316,2023,lidar,0.8926,train,train
20230316_lidar_tile_1024_2688.npy,20230316,2023,lidar,0.7695,train,train
20230316_lidar_tile_1024_2816.npy,20230316,2023,lidar,0.5755,train,train
20230316_lidar_tile_1024_2944.npy,20230316,2023,lidar,0.4183,train,train
20230316_lidar_tile_1024_3072.npy,20230316,2023,lidar,0.3954,train,train
20230316_lidar_tile_1152_128.npy,20230316,2023,lidar,0.4814,train,test
20230316_lidar_tile_1152_256.npy,20230316,2023,lidar,0.8281,train,test
20230316_lidar_tile_1152_384.npy,20230316,2023,lidar,0.9983,train,test
20230316_lidar_tile_1152_512.npy,20230316,2023,lidar,0.9995,train,test
20230316_lidar_tile_1152_640.npy,20230316,2023,lidar,0.9991,train,buffer
20230316_lidar_tile_1152_768.npy,20230316,2023,lidar,0.9984,train,val
20230316_lidar_tile_1152_896.npy,20230316,2023,lidar,0.9984,train,val
20230316_lidar_tile_1152_1024.npy,20230316,2023,lidar,0.9951,train,val
20230316_lidar_tile_1152_1152.npy,20230316,2023,lidar,0.9952,train,buffer
20230316_lidar_tile_1152_1280.npy,20230316,2023,lidar,0.9861,train,train
20230316_lidar_tile_1152_1408.npy,20230316,2023,lidar,0.9648,train,train
20230316_lidar_tile_1152_1536.npy,20230316,2023,lidar,0.9717,train,train
20230316_lidar_tile_1152_1664.npy,20230316,2023,lidar,0.9823,train,train
20230316_lidar_tile_1152_1792.npy,20230316,2023,lidar,0.952,train,train
20230316_lidar_tile_1152_1920.npy,20230316,2023,lidar,0.9141,train,train
20230316_lidar_tile_1152_2048.npy,20230316,2023,lidar,0.907,train,train
20230316_lidar_tile_1152_2176.npy,20230316,2023,lidar,0.8328,train,train
20230316_lidar_tile_1152_2304.npy,20230316,2023,lidar,0.8091,train,train
20230316_lidar_tile_1152_2432.npy,20230316,2023,lidar,0.895,train,train
20230316_lidar_tile_1152_2560.npy,20230316,2023,lidar,0.8472,train,train
20230316_lidar_tile_1152_2688.npy,20230316,2023,lidar,0.6541,train,train
20230316_lidar_tile_1152_2816.npy,20230316,2023,lidar,0.5794,train,train
20230316_lidar_tile_1152_2944.npy,20230316,2023,lidar,0.542,train,train
20230316_lidar_tile_1280_256.npy,20230316,2023,lidar,0.6075,train,test
20230316_lidar_tile_1280_384.npy,20230316,2023,lidar,0.9558,train,test
20230316_lidar_tile_1280_512.npy,20230316,2023,lidar,0.9973,train,test
20230316_lidar_tile_1280_640.npy,20230316,2023,lidar,0.999,train,buffer
20230316_lidar_tile_1280_768.npy,20230316,2023,lidar,0.9869,train,val
20230316_lidar_tile_1280_896.npy,20230316,2023,lidar,0.9869,train,val
20230316_lidar_tile_1280_1024.npy,20230316,2023,lidar,0.9958,train,val
20230316_lidar_tile_1280_1152.npy,20230316,2023,lidar,0.9911,train,buffer
20230316_lidar_tile_1280_1280.npy,20230316,2023,lidar,0.9794,train,train
20230316_lidar_tile_1280_1408.npy,20230316,2023,lidar,0.9589,train,train
20230316_lidar_tile_1280_1536.npy,20230316,2023,lidar,0.9708,train,train
20230316_lidar_tile_1280_1664.npy,20230316,2023,lidar,0.9799,train,train
20230316_lidar_tile_1280_1792.npy,20230316,2023,lidar,0.9341,train,train
20230316_lidar_tile_1280_1920.npy,20230316,2023,lidar,0.9058,train,train
20230316_lidar_tile_1280_2048.npy,20230316,2023,lidar,0.9034,train,train
20230316_lidar_tile_1280_2176.npy,20230316,2023,lidar,0.8333,train,train
20230316_lidar_tile_1280_2304.npy,20230316,2023,lidar,0.8307,train,train
20230316_lidar_tile_1280_2432.npy,20230316,2023,lidar,0.8674,train,train
20230316_lidar_tile_1280_2560.npy,20230316,2023,lidar,0.7083,train,train
20230316_lidar_tile_1280_2688.npy,20230316,2023,lidar,0.5711,train,train
20230316_lidar_tile_1280_2816.npy,20230316,2023,lidar,0.6553,train,train
20230316_lidar_tile_1280_2944.npy,20230316,2023,lidar,0.6613,train,train
20230316_lidar_tile_1408_640.npy,20230316,2023,lidar,0.905,train,buffer
20230316_lidar_tile_1408_768.npy,20230316,2023,lidar,0.8548,train,val
20230316_lidar_tile_1408_896.npy,20230316,2023,lidar,0.9093,train,val
20230316_lidar_tile_1408_1024.npy,20230316,2023,lidar,0.9955,train,val
20230316_lidar_tile_1408_1152.npy,20230316,2023,lidar,0.9919,train,buffer
20230316_lidar_tile_1408_1280.npy,20230316,2023,lidar,0.9818,train,train
20230316_lidar_tile_1408_1408.npy,20230316,2023,lidar,0.9684,train,train
20230316_lidar_tile_1408_1536.npy,20230316,2023,lidar,0.9733,train,train
20230316_lidar_tile_1408_1664.npy,20230316,2023,lidar,0.973,train,train
20230316_lidar_tile_1408_1792.npy,20230316,2023,lidar,0.9365,train,train
20230316_lidar_tile_1408_1920.npy,20230316,2023,lidar,0.9144,train,train
20230316_lidar_tile_1408_2048.npy,20230316,2023,lidar,0.9064,train,train
20230316_lidar_tile_1408_2176.npy,20230316,2023,lidar,0.8953,train,train
20230316_lidar_tile_1408_2304.npy,20230316,2023,lidar,0.8692,train,train
20230316_lidar_tile_1408_2432.npy,20230316,2023,lidar,0.8029,train,train
20230316_lidar_tile_1408_2560.npy,20230316,2023,lidar,0.6844,train,train
20230316_lidar_tile_1408_2688.npy,20230316,2023,lidar,0.6987,train,train
20230316_lidar_tile_1408_2816.npy,20230316,2023,lidar,0.8063,train,train
20230316_lidar_tile_1408_2944.npy,20230316,2023,lidar,0.7421,train,train
20230316_lidar_tile_1536_640.npy,20230316,2023,lidar,0.4275,train,buffer
20230316_lidar_tile_1536_768.npy,20230316,2023,lidar,0.5788,train,val
20230316_lidar_tile_1536_896.npy,20230316,2023,lidar,0.86,train,val
20230316_lidar_tile_1536_1024.npy,20230316,2023,lidar,0.9921,train,val
20230316_lidar_tile_1536_1152.npy,20230316,2023,lidar,0.9917,train,buffer
20230316_lidar_tile_1536_1280.npy,20230316,2023,lidar,0.9871,train,train
20230316_lidar_tile_1536_1408.npy,20230316,2023,lidar,0.9753,train,train
20230316_lidar_tile_1536_1536.npy,20230316,2023,lidar,0.968,train,train
20230316_lidar_tile_1536_1664.npy,20230316,2023,lidar,0.9714,train,train
20230316_lidar_tile_1536_1792.npy,20230316,2023,lidar,0.9541,train,train
20230316_lidar_tile_1536_1920.npy,20230316,2023,lidar,0.9238,train,train
20230316_lidar_tile_1536_2048.npy,20230316,2023,lidar,0.9059,train,train
20230316_lidar_tile_1536_2176.npy,20230316,2023,lidar,0.9078,train,train
20230316_lidar_tile_1536_2304.npy,20230316,2023,lidar,0.8959,train,train
20230316_lidar_tile_1536_2432.npy,20230316,2023,lidar,0.8399,train,train
20230316_lidar_tile_1536_2560.npy,20230316,2023,lidar,0.7858,train,train
20230316_lidar_tile_1536_2688.npy,20230316,2023,lidar,0.8409,train,train
20230316_lidar_tile_1536_2816.npy,20230316,2023,lidar,0.9241,train,train
20230316_lidar_tile_1536_2944.npy,20230316,2023,lidar,0.8533,train,train
20230316_lidar_tile_1664_768.npy,20230316,2023,lidar,0.3763,train,val
20230316_lidar_tile_1664_896.npy,20230316,2023,lidar,0.8532,train,val
20230316_lidar_tile_1664_1024.npy,20230316,2023,lidar,0.9932,train,val
20230316_lidar_tile_1664_1152.npy,20230316,2023,lidar,0.9915,train,buffer
20230316_lidar_tile_1664_1280.npy,20230316,2023,lidar,0.9899,train,train
20230316_lidar_tile_1664_1408.npy,20230316,2023,lidar,0.9751,train,train
20230316_lidar_tile_1664_1536.npy,20230316,2023,lidar,0.969,train,train
20230316_lidar_tile_1664_1664.npy,20230316,2023,lidar,0.9748,train,train
20230316_lidar_tile_1664_1792.npy,20230316,2023,lidar,0.9698,train,train
20230316_lidar_tile_1664_1920.npy,20230316,2023,lidar,0.9319,train,train
20230316_lidar_tile_1664_2048.npy,20230316,2023,lidar,0.8936,train,train
20230316_lidar_tile_1664_2176.npy,20230316,2023,lidar,0.9185,train,train
20230316_lidar_tile_1664_2304.npy,20230316,2023,lidar,0.9499,train,train
20230316_lidar_tile_1664_2432.npy,20230316,2023,lidar,0.9155,train,train
20230316_lidar_tile_1664_2560.npy,20230316,2023,lidar,0.8934,train,train
20230316_lidar_tile_1664_2688.npy,20230316,2023,lidar,0.9141,train,train
20230316_lidar_tile_1664_2816.npy,20230316,2023,lidar,0.952,train,train
20230316_lidar_tile_1792_768.npy,20230316,2023,lidar,0.3953,train,val
20230316_lidar_tile_1792_896.npy,20230316,2023,lidar,0.8942,train,val
20230316_lidar_tile_1792_1024.npy,20230316,2023,lidar,0.9948,train,val
20230316_lidar_tile_1792_1152.npy,20230316,2023,lidar,0.991,train,buffer
20230316_lidar_tile_1792_1280.npy,20230316,2023,lidar,0.9863,train,train
20230316_lidar_tile_1792_1408.npy,20230316,2023,lidar,0.9752,train,train
20230316_lidar_tile_1792_1536.npy,20230316,2023,lidar,0.9765,train,train
20230316_lidar_tile_1792_1664.npy,20230316,2023,lidar,0.9611,train,train
20230316_lidar_tile_1792_1792.npy,20230316,2023,lidar,0.9557,train,train
20230316_lidar_tile_1792_1920.npy,20230316,2023,lidar,0.9485,train,train
20230316_lidar_tile_1792_2048.npy,20230316,2023,lidar,0.9246,train,train
20230316_lidar_tile_1792_2176.npy,20230316,2023,lidar,0.9417,train,train
20230316_lidar_tile_1792_2304.npy,20230316,2023,lidar,0.9697,train,train
20230316_lidar_tile_1792_2432.npy,20230316,2023,lidar,0.968,train,train
20230316_lidar_tile_1792_2560.npy,20230316,2023,lidar,0.9661,train,train
20230316_lidar_tile_1792_2688.npy,20230316,2023,lidar,0.9706,train,train
20230316_lidar_tile_1792_2816.npy,20230316,2023,lidar,0.9364,train,train
20230316_lidar_tile_1920_768.npy,20230316,2023,lidar,0.4365,train,val
20230316_lidar_tile_1920_896.npy,20230316,2023,lidar,0.9331,train,val
20230316_lidar_tile_1920_1024.npy,20230316,2023,lidar,0.9969,train,val
20230316_lidar_tile_1920_1152.npy,20230316,2023,lidar,0.989,train,buffer
20230316_lidar_tile_1920_1280.npy,20230316,2023,lidar,0.9757,train,train
20230316_lidar_tile_1920_1408.npy,20230316,2023,lidar,0.9695,train,train
20230316_lidar_tile_1920_1536.npy,20230316,2023,lidar,0.9471,train,train
20230316_lidar_tile_1920_1664.npy,20230316,2023,lidar,0.9111,train,train
20230316_lidar_tile_1920_1792.npy,20230316,2023,lidar,0.9338,train,train
20230316_lidar_tile_1920_1920.npy,20230316,2023,lidar,0.9648,train,train
20230316_lidar_tile_1920_2048.npy,20230316,2023,lidar,0.9596,train,train
20230316_lidar_tile_1920_2176.npy,20230316,2023,lidar,0.9666,train,train
20230316_lidar_tile_1920_2304.npy,20230316,2023,lidar,0.9828,train,train
20230316_lidar_tile_1920_2432.npy,20230316,2023,lidar,0.9906,train,train
20230316_lidar_tile_1920_2560.npy,20230316,2023,lidar,0.9874,train,train
20230316_lidar_tile_1920_2688.npy,20230316,2023,lidar,0.9673,train,train
20230316_lidar_tile_2048_768.npy,20230316,2023,lidar,0.4923,train,val
20230316_lidar_tile_2048_896.npy,20230316,2023,lidar,0.954,train,val
20230316_lidar_tile_2048_1024.npy,20230316,2023,lidar,0.9944,train,val
20230316_lidar_tile_2048_1152.npy,20230316,2023,lidar,0.9875,train,buffer
20230316_lidar_tile_2048_1280.npy,20230316,2023,lidar,0.9671,train,train
20230316_lidar_tile_2048_1408.npy,20230316,2023,lidar,0.9388,train,train
20230316_lidar_tile_2048_1536.npy,20230316,2023,lidar,0.9148,train,train
20230316_lidar_tile_2048_1664.npy,20230316,2023,lidar,0.9017,train,train
20230316_lidar_tile_2048_1792.npy,20230316,2023,lidar,0.9339,train,train
20230316_lidar_tile_2048_1920.npy,20230316,2023,lidar,0.9713,train,train
20230316_lidar_tile_2048_2048.npy,20230316,2023,lidar,0.9776,train,train
20230316_lidar_tile_2048_2176.npy,20230316,2023,lidar,0.985,train,train
20230316_lidar_tile_2048_2304.npy,20230316,2023,lidar,0.9932,train,train
20230316_lidar_tile_2048_2432.npy,20230316,2023,lidar,0.9954,train,train
20230316_lidar_tile_2048_2560.npy,20230316,2023,lidar,0.9753,train,train
20230316_lidar_tile_2176_768.npy,20230316,2023,lidar,0.626,train,val
20230316_lidar_tile_2176_896.npy,20230316,2023,lidar,0.9946,train,val
20230316_lidar_tile_2176_1024.npy,20230316,2023,lidar,0.9902,train,val
20230316_lidar_tile_2176_1152.npy,20230316,2023,lidar,0.9857,train,buffer
20230316_lidar_tile_2176_1280.npy,20230316,2023,lidar,0.9732,train,train
20230316_lidar_tile_2176_1408.npy,20230316,2023,lidar,0.9393,train,train
20230316_lidar_tile_2176_1536.npy,20230316,2023,lidar,0.927,train,train
20230316_lidar_tile_2176_1664.npy,20230316,2023,lidar,0.9452,train,train
20230316_lidar_tile_2176_1792.npy,20230316,2023,lidar,0.9652,train,train
20230316_lidar_tile_2176_1920.npy,20230316,2023,lidar,0.9812,train,train
20230316_lidar_tile_2176_2048.npy,20230316,2023,lidar,0.9899,train,train
20230316_lidar_tile_2176_2176.npy,20230316,2023,lidar,0.9952,train,train
20230316_lidar_tile_2176_2304.npy,20230316,2023,lidar,0.9953,train,train
20230316_lidar_tile_2176_2432.npy,20230316,2023,lidar,0.9958,train,train
20230316_lidar_tile_2176_2560.npy,20230316,2023,lidar,0.925,train,train
20230316_lidar_tile_2304_768.npy,20230316,2023,lidar,0.6606,train,val
20230316_lidar_tile_2304_896.npy,20230316,2023,lidar,0.9892,train,val
20230316_lidar_tile_2304_1024.npy,20230316,2023,lidar,0.9885,train,val
20230316_lidar_tile_2304_1152.npy,20230316,2023,lidar,0.9853,train,buffer
20230316_lidar_tile_2304_1280.npy,20230316,2023,lidar,0.9826,train,train
20230316_lidar_tile_2304_1408.npy,20230316,2023,lidar,0.9729,train,train
20230316_lidar_tile_2304_1536.npy,20230316,2023,lidar,0.9646,train,train
20230316_lidar_tile_2304_1664.npy,20230316,2023,lidar,0.9779,train,train
20230316_lidar_tile_2304_1792.npy,20230316,2023,lidar,0.9903,train,train
20230316_lidar_tile_2304_1920.npy,20230316,2023,lidar,0.9918,train,train
20230316_lidar_tile_2304_2048.npy,20230316,2023,lidar,0.994,train,train
20230316_lidar_tile_2304_2176.npy,20230316,2023,lidar,0.9909,train,train
20230316_lidar_tile_2304_2304.npy,20230316,2023,lidar,0.9876,train,train
20230316_lidar_tile_2304_2432.npy,20230316,2023,lidar,0.9263,train,train
20230316_lidar_tile_2432_768.npy,20230316,2023,lidar,0.6973,train,val
20230316_lidar_tile_2432_896.npy,20230316,2023,lidar,0.9916,train,val
20230316_lidar_tile_2432_1024.npy,20230316,2023,lidar,0.9922,train,val
20230316_lidar_tile_2432_1152.npy,20230316,2023,lidar,0.99,train,buffer
20230316_lidar_tile_2432_1280.npy,20230316,2023,lidar,0.9848,train,train
20230316_lidar_tile_2432_1408.npy,20230316,2023,lidar,0.9873,train,train
20230316_lidar_tile_2432_1536.npy,20230316,2023,lidar,0.9949,train,train
20230316_lidar_tile_2432_1664.npy,20230316,2023,lidar,0.9973,train,train
20230316_lidar_tile_2432_1792.npy,20230316,2023,lidar,0.998,train,train
20230316_lidar_tile_2432_1920.npy,20230316,2023,lidar,0.9947,train,train
20230316_lidar_tile_2432_2048.npy,20230316,2023,lidar,0.8783,train,train
20230316_lidar_tile_2432_2176.npy,20230316,2023,lidar,0.6753,train,train
20230316_lidar_tile_2432_2304.npy,20230316,2023,lidar,0.585,train,train
20230316_lidar_tile_2560_768.npy,20230316,2023,lidar,0.6343,train,val
20230316_lidar_tile_2560_896.npy,20230316,2023,lidar,0.985,train,val
20230316_lidar_tile_2560_1024.npy,20230316,2023,lidar,0.9939,train,val
20230316_lidar_tile_2560_1152.npy,20230316,2023,lidar,0.994,train,buffer
20230316_lidar_tile_2560_1280.npy,20230316,2023,lidar,0.9905,train,train
20230316_lidar_tile_2560_1408.npy,20230316,2023,lidar,0.9924,train,train
20230316_lidar_tile_2560_1536.npy,20230316,2023,lidar,0.9912,train,train
20230316_lidar_tile_2560_1664.npy,20230316,2023,lidar,0.9896,train,train
20230316_lidar_tile_2560_1792.npy,20230316,2023,lidar,0.9945,train,train
20230316_lidar_tile_2560_1920.npy,20230316,2023,lidar,0.9271,train,train
20230316_lidar_tile_2560_2048.npy,20230316,2023,lidar,0.5648,train,train
20230316_lidar_tile_2688_768.npy,20230316,2023,lidar,0.4606,train,val
20230316_lidar_tile_2688_896.npy,20230316,2023,lidar,0.9366,train,val
20230316_lidar_tile_2688_1024.npy,20230316,2023,lidar,0.9866,train,val
20230316_lidar_tile_2688_1152.npy,20230316,2023,lidar,0.989,train,buffer
20230316_lidar_tile_2688_1280.npy,20230316,2023,lidar,0.9933,train,train
20230316_lidar_tile_2688_1408.npy,20230316,2023,lidar,0.9951,train,train
20230316_lidar_tile_2688_1536.npy,20230316,2023,lidar,0.9901,train,train
20230316_lidar_tile_2688_1664.npy,20230316,2023,lidar,0.9885,train,train
20230316_lidar_tile_2688_1792.npy,20230316,2023,lidar,0.992,train,train
20230316_lidar_tile_2688_1920.npy,20230316,2023,lidar,0.7736,train,train
20230316_lidar_tile_2816_896.npy,20230316,2023,lidar,0.6817,train,val
20230316_lidar_tile_2816_1024.npy,20230316,2023,lidar,0.8977,train,val
20230316_lidar_tile_2816_1152.npy,20230316,2023,lidar,0.9594,train,buffer
20230316_lidar_tile_2816_1280.npy,20230316,2023,lidar,0.9843,train,train
20230316_lidar_tile_2816_1408.npy,20230316,2023,lidar,0.9895,train,train
20230316_lidar_tile_2816_1536.npy,20230316,2023,lidar,0.9825,train,train
20230316_lidar_tile_2816_1664.npy,20230316,2023,lidar,0.9096,train,train
20230316_lidar_tile_2816_1792.npy,20230316,2023,lidar,0.7598,train,train
20230328_lidar_tile_128_128.npy,20230328,2023,lidar,0.6732,train,test
20230328_lidar_tile_128_256.npy,20230328,2023,lidar,0.7592,train,test
20230328_lidar_tile_128_384.npy,20230328,2023,lidar,0.7861,train,test
20230328_lidar_tile_128_512.npy,20230328,2023,lidar,0.8598,train,test
20230328_lidar_tile_128_640.npy,20230328,2023,lidar,0.9572,train,buffer
20230328_lidar_tile_128_768.npy,20230328,2023,lidar,0.9312,train,val
20230328_lidar_tile_256_128.npy,20230328,2023,lidar,0.8278,train,test
20230328_lidar_tile_256_256.npy,20230328,2023,lidar,0.8653,train,test
20230328_lidar_tile_256_384.npy,20230328,2023,lidar,0.9304,train,test
20230328_lidar_tile_256_512.npy,20230328,2023,lidar,0.9699,train,test
20230328_lidar_tile_256_640.npy,20230328,2023,lidar,0.9925,train,buffer
20230328_lidar_tile_256_768.npy,20230328,2023,lidar,0.9909,train,val
20230328_lidar_tile_256_896.npy,20230328,2023,lidar,0.9923,train,val
20230328_lidar_tile_256_1024.npy,20230328,2023,lidar,0.9689,train,val
20230328_lidar_tile_384_0.npy,20230328,2023,lidar,0.6148,train,test
20230328_lidar_tile_384_128.npy,20230328,2023,lidar,0.9077,train,test
20230328_lidar_tile_384_256.npy,20230328,2023,lidar,0.9391,train,test
20230328_lidar_tile_384_384.npy,20230328,2023,lidar,0.987,train,test
20230328_lidar_tile_384_512.npy,20230328,2023,lidar,0.9917,train,test
20230328_lidar_tile_384_640.npy,20230328,2023,lidar,0.9984,train,buffer
20230328_lidar_tile_384_768.npy,20230328,2023,lidar,0.9981,train,val
20230328_lidar_tile_384_896.npy,20230328,2023,lidar,0.9981,train,val
20230328_lidar_tile_384_1024.npy,20230328,2023,lidar,0.9973,train,val
20230328_lidar_tile_384_2048.npy,20230328,2023,lidar,0.9239,train,train
20230328_lidar_tile_384_2176.npy,20230328,2023,lidar,0.9913,train,train
20230328_lidar_tile_512_0.npy,20230328,2023,lidar,0.6763,train,test
20230328_lidar_tile_512_128.npy,20230328,2023,lidar,0.9545,train,test
20230328_lidar_tile_512_256.npy,20230328,2023,lidar,0.9807,train,test
20230328_lidar_tile_512_384.npy,20230328,2023,lidar,0.9941,train,test
20230328_lidar_tile_512_512.npy,20230328,2023,lidar,0.9951,train,test
20230328_lidar_tile_512_640.npy,20230328,2023,lidar,0.999,train,buffer
20230328_lidar_tile_512_768.npy,20230328,2023,lidar,0.9995,train,val
20230328_lidar_tile_512_896.npy,20230328,2023,lidar,0.9996,train,val
20230328_lidar_tile_512_1024.npy,20230328,2023,lidar,0.9986,train,val
20230328_lidar_tile_512_1152.npy,20230328,2023,lidar,0.9816,train,buffer
20230328_lidar_tile_512_1280.npy,20230328,2023,lidar,0.9767,train,train
20230328_lidar_tile_512_1408.npy,20230328,2023,lidar,0.9921,train,train
20230328_lidar_tile_512_1536.npy,20230328,2023,lidar,0.9764,train,train
20230328_lidar_tile_512_1664.npy,20230328,2023,lidar,0.9507,train,train
20230328_lidar_tile_512_1792.npy,20230328,2023,lidar,0.9711,train,train
20230328_lidar_tile_512_1920.npy,20230328,2023,lidar,0.9947,train,train
20230328_lidar_tile_512_2048.npy,20230328,2023,lidar,0.9924,train,train
20230328_lidar_tile_512_2176.npy,20230328,2023,lidar,0.9908,train,train
20230328_lidar_tile_512_2304.npy,20230328,2023,lidar,0.9853,train,train
20230328_lidar_tile_512_2432.npy,20230328,2023,lidar,0.9801,train,train
20230328_lidar_tile_512_2560.npy,20230328,2023,lidar,0.9666,train,train
20230328_lidar_tile_512_2688.npy,20230328,2023,lidar,0.9212,train,train
20230328_lidar_tile_640_0.npy,20230328,2023,lidar,0.7478,train,test
20230328_lidar_tile_640_128.npy,20230328,2023,lidar,0.9609,train,test
20230328_lidar_tile_640_256.npy,20230328,2023,lidar,0.9881,train,test
20230328_lidar_tile_640_384.npy,20230328,2023,lidar,0.9927,train,test
20230328_lidar_tile_640_512.npy,20230328,2023,lidar,0.9933,train,test
20230328_lidar_tile_640_640.npy,20230328,2023,lidar,0.9981,train,buffer
20230328_lidar_tile_640_768.npy,20230328,2023,lidar,0.9986,train,val
20230328_lidar_tile_640_896.npy,20230328,2023,lidar,0.9986,train,val
20230328_lidar_tile_640_1024.npy,20230328,2023,lidar,0.9926,train,val
20230328_lidar_tile_640_1152.npy,20230328,2023,lidar,0.9878,train,buffer
20230328_lidar_tile_640_1280.npy,20230328,2023,lidar,0.975,train,train
20230328_lidar_tile_640_1408.npy,20230328,2023,lidar,0.9701,train,train
20230328_lidar_tile_640_1536.npy,20230328,2023,lidar,0.9878,train,train
20230328_lidar_tile_640_1664.npy,20230328,2023,lidar,0.997,train,train
20230328_lidar_tile_640_1792.npy,20230328,2023,lidar,0.9958,train,train
20230328_lidar_tile_640_1920.npy,20230328,2023,lidar,0.9841,train,train
20230328_lidar_tile_640_2048.npy,20230328,2023,lidar,0.9836,train,train
20230328_lidar_tile_640_2176.npy,20230328,2023,lidar,0.9942,train,train
20230328_lidar_tile_640_2304.npy,20230328,2023,lidar,0.9958,train,train
20230328_lidar_tile_640_2432.npy,20230328,2023,lidar,0.9909,train,train
20230328_lidar_tile_640_2560.npy,20230328,2023,lidar,0.9666,train,train
20230328_lidar_tile_640_2688.npy,20230328,2023,lidar,0.939,train,train
20230328_lidar_tile_640_2816.npy,20230328,2023,lidar,0.9447,train,train
20230328_lidar_tile_768_0.npy,20230328,2023,lidar,0.7894,train,test
20230328_lidar_tile_768_128.npy,20230328,2023,lidar,0.9604,train,test
20230328_lidar_tile_768_256.npy,20230328,2023,lidar,0.9905,train,test
20230328_lidar_tile_768_384.npy,20230328,2023,lidar,0.9974,train,test
20230328_lidar_tile_768_512.npy,20230328,2023,lidar,0.9979,train,test
20230328_lidar_tile_768_640.npy,20230328,2023,lidar,0.9989,train,buffer
20230328_lidar_tile_768_768.npy,20230328,2023,lidar,0.9989,train,val
20230328_lidar_tile_768_896.npy,20230328,2023,lidar,0.9966,train,val
20230328_lidar_tile_768_1024.npy,20230328,2023,lidar,0.9915,train,val
20230328_lidar_tile_768_1152.npy,20230328,2023,lidar,0.992,train,buffer
20230328_lidar_tile_768_1280.npy,20230328,2023,lidar,0.9714,train,train
20230328_lidar_tile_768_1408.npy,20230328,2023,lidar,0.9624,train,train
20230328_lidar_tile_768_1536.npy,20230328,2023,lidar,0.9869,train,train
20230328_lidar_tile_768_1664.npy,20230328,2023,lidar,0.9957,train,train
20230328_lidar_tile_768_1792.npy,20230328,2023,lidar,0.9662,train,train
20230328_lidar_tile_768_1920.npy,20230328,2023,lidar,0.9393,train,train
20230328_lidar_tile_768_2048.npy,20230328,2023,lidar,0.9699,train,train
20230328_lidar_tile_768_2176.npy,20230328,2023,lidar,0.9986,train,train
20230328_lidar_tile_768_2304.npy,20230328,2023,lidar,0.9914,train,train
20230328_lidar_tile_768_2432.npy,20230328,2023,lidar,0.9874,train,train
20230328_lidar_tile_768_2560.npy,20230328,2023,lidar,0.9608,train,train
20230328_lidar_tile_768_2688.npy,20230328,2023,lidar,0.9541,train,train
20230328_lidar_tile_768_2816.npy,20230328,2023,lidar,0.953,train,train
20230328_lidar_tile_768_2944.npy,20230328,2023,lidar,0.942,train,train
20230328_lidar_tile_896_0.npy,20230328,2023,lidar,0.7121,train,test
20230328_lidar_tile_896_128.npy,20230328,2023,lidar,0.9535,train,test
20230328_lidar_tile_896_256.npy,20230328,2023,lidar,0.9944,train,test
20230328_lidar_tile_896_384.npy,20230328,2023,lidar,0.9994,train,test
20230328_lidar_tile_896_512.npy,20230328,2023,lidar,0.9992,train,test
20230328_lidar_tile_896_640.npy,20230328,2023,lidar,0.9982,train,buffer
20230328_lidar_tile_896_768.npy,20230328,2023,lidar,0.9982,train,val
20230328_lidar_tile_896_896.npy,20230328,2023,lidar,0.9964,train,val
20230328_lidar_tile_896_1024.npy,20230328,2023,lidar,0.9967,train,val
20230328_lidar_tile_896_1152.npy,20230328,2023,lidar,0.9886,train,buffer
20230328_lidar_tile_896_1280.npy,20230328,2023,lidar,0.9779,train,train
20230328_lidar_tile_896_1408.npy,20230328,2023,lidar,0.9792,train,train
20230328_lidar_tile_896_1536.npy,20230328,2023,lidar,0.9847,train,train
20230328_lidar_tile_896_1664.npy,20230328,2023,lidar,0.9906,train,train
20230328_lidar_tile_896_1792.npy,20230328,2023,lidar,0.9224,train,train
20230328_lidar_tile_896_2048.npy,20230328,2023,lidar,0.9715,train,train
20230328_lidar_tile_896_2176.npy,20230328,2023,lidar,0.9975,train,train
20230328_lidar_tile_896_2304.npy,20230328,2023,lidar,0.9912,train,train
20230328_lidar_tile_896_2432.npy,20230328,2023,lidar,0.9723,train,train
20230328_lidar_tile_896_2560.npy,20230328,2023,lidar,0.964,train,train
20230328_lidar_tile_896_2688.npy,20230328,2023,lidar,0.9675,train,train
20230328_lidar_tile_896_2816.npy,20230328,2023,lidar,0.9486,train,train
20230328_lidar_tile_896_2944.npy,20230328,2023,lidar,0.9392,train,train
20230328_lidar_tile_896_3072.npy,20230328,2023,lidar,0.9534,train,train
20230328_lidar_tile_1024_0.npy,20230328,2023,lidar,0.4067,train,test
20230328_lidar_tile_1024_128.npy,20230328,2023,lidar,0.7637,train,test
20230328_lidar_tile_1024_256.npy,20230328,2023,lidar,0.9522,train,test
20230328_lidar_tile_1024_384.npy,20230328,2023,lidar,0.9996,train,test
20230328_lidar_tile_1024_512.npy,20230328,2023,lidar,0.9991,train,test
20230328_lidar_tile_1024_640.npy,20230328,2023,lidar,0.9976,train,buffer
20230328_lidar_tile_1024_768.npy,20230328,2023,lidar,0.9971,train,val
20230328_lidar_tile_1024_896.npy,20230328,2023,lidar,0.9972,train,val
20230328_lidar_tile_1024_1024.npy,20230328,2023,lidar,0.9962,train,val
20230328_lidar_tile_1024_1152.npy,20230328,2023,lidar,0.9862,train,buffer
20230328_lidar_tile_1024_1280.npy,20230328,2023,lidar,0.9842,train,train
20230328_lidar_tile_1024_1408.npy,20230328,2023,lidar,0.9874,train,train
20230328_lidar_tile_1024_1536.npy,20230328,2023,lidar,0.9844,train,train
20230328_lidar_tile_1024_1664.npy,20230328,2023,lidar,0.9866,train,train
20230328_lidar_tile_1024_1792.npy,20230328,2023,lidar,0.948,train,train
20230328_lidar_tile_1024_1920.npy,20230328,2023,lidar,0.944,train,train
20230328_lidar_tile_1024_2048.npy,20230328,2023,lidar,0.9866,train,train
20230328_lidar_tile_1024_2176.npy,20230328,2023,lidar,0.9947,train,train
20230328_lidar_tile_1024_2304.npy,20230328,2023,lidar,0.9916,train,train
20230328_lidar_tile_1024_2432.npy,20230328,2023,lidar,0.9541,train,train
20230328_lidar_tile_1024_2560.npy,20230328,2023,lidar,0.9608,train,train
20230328_lidar_tile_1024_2688.npy,20230328,2023,lidar,0.9789,train,train
20230328_lidar_tile_1024_2816.npy,20230328,2023,lidar,0.9333,train,train
20230328_lidar_tile_1024_2944.npy,20230328,2023,lidar,0.9017,train,train
20230328_lidar_tile_1024_3072.npy,20230328,2023,lidar,0.9082,train,train
20230328_lidar_tile_1152_128.npy,20230328,2023,lidar,0.4034,train,test
20230328_lidar_tile_1152_256.npy,20230328,2023,lidar,0.8147,train,test
20230328_lidar_tile_1152_384.npy,20230328,2023,lidar,0.9983,train,test
20230328_lidar_tile_1152_512.npy,20230328,2023,lidar,0.9996,train,test
20230328_lidar_tile_1152_640.npy,20230328,2023,lidar,0.9992,train,buffer
20230328_lidar_tile_1152_768.npy,20230328,2023,lidar,0.9973,train,val
20230328_lidar_tile_1152_896.npy,20230328,2023,lidar,0.9969,train,val
20230328_lidar_tile_1152_1024.npy,20230328,2023,lidar,0.9927,train,val
20230328_lidar_tile_1152_1152.npy,20230328,2023,lidar,0.9877,train,buffer
20230328_lidar_tile_1152_1280.npy,20230328,2023,lidar,0.9888,train,train
20230328_lidar_tile_1152_1408.npy,20230328,2023,lidar,0.9879,train,train
20230328_lidar_tile_1152_1536.npy,20230328,2023,lidar,0.9889,train,train
20230328_lidar_tile_1152_1664.npy,20230328,2023,lidar,0.9911,train,train
20230328_lidar_tile_1152_1792.npy,20230328,2023,lidar,0.9837,train,train
20230328_lidar_tile_1152_1920.npy,20230328,2023,lidar,0.9839,train,train
20230328_lidar_tile_1152_2048.npy,20230328,2023,lidar,0.9884,train,train
20230328_lidar_tile_1152_2176.npy,20230328,2023,lidar,0.9883,train,train
20230328_lidar_tile_1152_2304.npy,20230328,2023,lidar,0.9853,train,train
20230328_lidar_tile_1152_2432.npy,20230328,2023,lidar,0.9673,train,train
20230328_lidar_tile_1152_2560.npy,20230328,2023,lidar,0.9774,train,train
20230328_lidar_tile_1152_2688.npy,20230328,2023,lidar,0.9721,train,train
20230328_lidar_tile_1152_2816.npy,20230328,2023,lidar,0.9115,train,train
20230328_lidar_tile_1152_2944.npy,20230328,2023,lidar,0.8888,train,train
20230328_lidar_tile_1280_256.npy,20230328,2023,lidar,0.4939,train,test
20230328_lidar_tile_1280_384.npy,20230328,2023,lidar,0.8812,train,test
20230328_lidar_tile_1280_512.npy,20230328,2023,lidar,0.9967,train,test
20230328_lidar_tile_1280_640.npy,20230328,2023,lidar,0.9982,train,buffer
20230328_lidar_tile_1280_768.npy,20230328,2023,lidar,0.9951,train,val
20230328_lidar_tile_1280_896.npy,20230328,2023,lidar,0.9944,train,val
20230328_lidar_tile_1280_1024.npy,20230328,2023,lidar,0.9951,train,val
20230328_lidar_tile_1280_1152.npy,20230328,2023,lidar,0.9873,train,buffer
20230328_lidar_tile_1280_1280.npy,20230328,2023,lidar,0.9827,train,train
20230328_lidar_tile_1280_1408.npy,20230328,2023,lidar,0.979,train,train
20230328_lidar_tile_1280_1536.npy,20230328,2023,lidar,0.9863,train,train
20230328_lidar_tile_1280_1664.npy,20230328,2023,lidar,0.9953,train,train
20230328_lidar_tile_1280_1792.npy,20230328,2023,lidar,0.9839,train,train
20230328_lidar_tile_1280_1920.npy,20230328,2023,lidar,0.9801,train,train
20230328_lidar_tile_1280_2048.npy,20230328,2023,lidar,0.9872,train,train
20230328_lidar_tile_1280_2176.npy,20230328,2023,lidar,0.9878,train,train
20230328_lidar_tile_1280_2304.npy,20230328,2023,lidar,0.9778,train,train
20230328_lidar_tile_1280_2432.npy,20230328,2023,lidar,0.9657,train,train
20230328_lidar_tile_1280_2560.npy,20230328,2023,lidar,0.9734,train,train
20230328_lidar_tile_1280_2688.npy,20230328,2023,lidar,0.9374,train,train
20230328_lidar_tile_1280_2816.npy,20230328,2023,lidar,0.9123,train,train
20230328_lidar_tile_1280_2944.npy,20230328,2023,lidar,0.9451,train,train
20230328_lidar_tile_1408_640.npy,20230328,2023,lidar,0.9163,train,buffer
20230328_lidar_tile_1408_768.npy,20230328,2023,lidar,0.9498,train,val
20230328_lidar_tile_1408_896.npy,20230328,2023,lidar,0.9771,train,val
20230328_lidar_tile_1408_1024.npy,20230328,2023,lidar,0.9985,train,val
20230328_lidar_tile_1408_1152.npy,20230328,2023,lidar,0.9944,train,buffer
20230328_lidar_tile_1408_1280.npy,20230328,2023,lidar,0.9897,train,train
20230328_lidar_tile_1408_1408.npy,20230328,2023,lidar,0.9874,train,train
20230328_lidar_tile_1408_1536.npy,20230328,2023,lidar,0.9875,train,train
20230328_lidar_tile_1408_1664.npy,20230328,2023,lidar,0.9795,train,train
20230328_lidar_tile_1408_1792.npy,20230328,2023,lidar,0.9801,train,train
20230328_lidar_tile_1408_1920.npy,20230328,2023,lidar,0.9918,train,train
20230328_lidar_tile_1408_2048.npy,20230328,2023,lidar,0.9909,train,train
20230328_lidar_tile_1408_2176.npy,20230328,2023,lidar,0.9888,train,train
20230328_lidar_tile_1408_2304.npy,20230328,2023,lidar,0.9791,train,train
20230328_lidar_tile_1408_2432.npy,20230328,2023,lidar,0.9555,train,train
20230328_lidar_tile_1408_2560.npy,20230328,2023,lidar,0.9107,train,train
20230328_lidar_tile_1408_2688.npy,20230328,2023,lidar,0.8996,train,train
20230328_lidar_tile_1408_2816.npy,20230328,2023,lidar,0.9158,train,train
20230328_lidar_tile_1408_2944.npy,20230328,2023,lidar,0.9508,train,train
20230328_lidar_tile_1536_640.npy,20230328,2023,lidar,0.4735,train,buffer
20230328_lidar_tile_1536_768.npy,20230328,2023,lidar,0.6438,train,val
20230328_lidar_tile_1536_896.npy,20230328,2023,lidar,0.8586,train,val
20230328_lidar_tile_1536_1024.npy,20230328,2023,lidar,0.9903,train,val
20230328_lidar_tile_1536_1152.npy,20230328,2023,lidar,0.9937,train,buffer
20230328_lidar_tile_1536_1280.npy,20230328,2023,lidar,0.9934,train,train
20230328_lidar_tile_1536_1408.npy,20230328,2023,lidar,0.9959,train,train
20230328_lidar_tile_1536_1536.npy,20230328,2023,lidar,0.9906,train,train
20230328_lidar_tile_1536_1664.npy,20230328,2023,lidar,0.9783,train,train
20230328_lidar_tile_1536_1792.npy,20230328,2023,lidar,0.9831,train,train
20230328_lidar_tile_1536_1920.npy,20230328,2023,lidar,0.9926,train,train
20230328_lidar_tile_1536_2048.npy,20230328,2023,lidar,0.986,train,train
20230328_lidar_tile_1536_2176.npy,20230328,2023,lidar,0.9793,train,train
20230328_lidar_tile_1536_2304.npy,20230328,2023,lidar,0.9789,train,train
20230328_lidar_tile_1536_2432.npy,20230328,2023,lidar,0.9677,train,train
20230328_lidar_tile_1536_2560.npy,20230328,2023,lidar,0.9153,train,train
20230328_lidar_tile_1536_2688.npy,20230328,2023,lidar,0.9108,train,train
20230328_lidar_tile_1536_2816.npy,20230328,2023,lidar,0.8959,train,train
20230328_lidar_tile_1536_2944.npy,20230328,2023,lidar,0.9047,train,train
20230328_lidar_tile_1664_768.npy,20230328,2023,lidar,0.4413,train,val
20230328_lidar_tile_1664_896.npy,20230328,2023,lidar,0.8279,train,val
20230328_lidar_tile_1664_1024.npy,20230328,2023,lidar,0.9903,train,val
20230328_lidar_tile_1664_1152.npy,20230328,2023,lidar,0.9878,train,buffer
20230328_lidar_tile_1664_1280.npy,20230328,2023,lidar,0.9867,train,train
20230328_lidar_tile_1664_1408.npy,20230328,2023,lidar,0.9931,train,train
20230328_lidar_tile_1664_1536.npy,20230328,2023,lidar,0.9907,train,train
20230328_lidar_tile_1664_1664.npy,20230328,2023,lidar,0.9898,train,train
20230328_lidar_tile_1664_1792.npy,20230328,2023,lidar,0.9919,train,train
20230328_lidar_tile_1664_1920.npy,20230328,2023,lidar,0.9788,train,train
20230328_lidar_tile_1664_2048.npy,20230328,2023,lidar,0.9732,train,train
20230328_lidar_tile_1664_2176.npy,20230328,2023,lidar,0.9822,train,train
20230328_lidar_tile_1664_2304.npy,20230328,2023,lidar,0.9816,train,train
20230328_lidar_tile_1664_2432.npy,20230328,2023,lidar,0.9751,train,train
20230328_lidar_tile_1664_2560.npy,20230328,2023,lidar,0.9675,train,train
20230328_lidar_tile_1664_2688.npy,20230328,2023,lidar,0.9637,train,train
20230328_lidar_tile_1664_2816.npy,20230328,2023,lidar,0.9169,train,train
20230328_lidar_tile_1792_768.npy,20230328,2023,lidar,0.5873,train,val
20230328_lidar_tile_1792_896.npy,20230328,2023,lidar,0.9448,train,val
20230328_lidar_tile_1792_1024.npy,20230328,2023,lidar,0.9954,train,val
20230328_lidar_tile_1792_1152.npy,20230328,2023,lidar,0.9906,train,buffer
20230328_lidar_tile_1792_1280.npy,20230328,2023,lidar,0.9897,train,train
20230328_lidar_tile_1792_1408.npy,20230328,2023,lidar,0.9897,train,train
20230328_lidar_tile_1792_1536.npy,20230328,2023,lidar,0.9872,train,train
20230328_lidar_tile_1792_1664.npy,20230328,2023,lidar,0.9886,train,train
20230328_lidar_tile_1792_1792.npy,20230328,2023,lidar,0.98,train,train
20230328_lidar_tile_1792_1920.npy,20230328,2023,lidar,0.9619,train,train
20230328_lidar_tile_1792_2048.npy,20230328,2023,lidar,0.9721,train,train
20230328_lidar_tile_1792_2176.npy,20230328,2023,lidar,0.9942,train,train
20230328_lidar_tile_1792_2304.npy,20230328,2023,lidar,0.9958,train,train
20230328_lidar_tile_1792_2432.npy,20230328,2023,lidar,0.9904,train,train
20230328_lidar_tile_1792_2560.npy,20230328,2023,lidar,0.9868,train,train
20230328_lidar_tile_1792_2688.npy,20230328,2023,lidar,0.9929,train,train
20230328_lidar_tile_1792_2816.npy,20230328,2023,lidar,0.944,train,train
20230328_lidar_tile_1920_768.npy,20230328,2023,lidar,0.7312,train,val
20230328_lidar_tile_1920_896.npy,20230328,2023,lidar,0.9892,train,val
20230328_lidar_tile_1920_1024.npy,20230328,2023,lidar,0.9883,train,val
20230328_lidar_tile_1920_1152.npy,20230328,2023,lidar,0.9902,train,buffer
20230328_lidar_tile_1920_1280.npy,20230328,2023,lidar,0.9939,train,train
20230328_lidar_tile_1920_1408.npy,20230328,2023,lidar,0.9787,train,train
20230328_lidar_tile_1920_1536.npy,20230328,2023,lidar,0.9517,train,train
20230328_lidar_tile_1920_1664.npy,20230328,2023,lidar,0.9513,train,train
20230328_lidar_tile_1920_1792.npy,20230328,2023,lidar,0.962,train,train
20230328_lidar_tile_1920_1920.npy,20230328,2023,lidar,0.9659,train,train
20230328_lidar_tile_1920_2048.npy,20230328,2023,lidar,0.9796,train,train
20230328_lidar_tile_1920_2176.npy,20230328,2023,lidar,0.9935,train,train
20230328_lidar_tile_1920_2304.npy,20230328,2023,lidar,0.9982,train,train
20230328_lidar_tile_1920_2432.npy,20230328,2023,lidar,0.9971,train,train
20230328_lidar_tile_1920_2560.npy,20230328,2023,lidar,0.9954,train,train
20230328_lidar_tile_1920_2688.npy,20230328,2023,lidar,0.987,train,train
20230328_lidar_tile_2048_640.npy,20230328,2023,lidar,0.3083,train,buffer
20230328_lidar_tile_2048_768.npy,20230328,2023,lidar,0.8059,train,val
20230328_lidar_tile_2048_896.npy,20230328,2023,lidar,0.9936,train,val
20230328_lidar_tile_2048_1024.npy,20230328,2023,lidar,0.9831,train,val
20230328_lidar_tile_2048_1152.npy,20230328,2023,lidar,0.9821,train,buffer
20230328_lidar_tile_2048_1280.npy,20230328,2023,lidar,0.9915,train,train
20230328_lidar_tile_2048_1408.npy,20230328,2023,lidar,0.9686,train,train
20230328_lidar_tile_2048_1536.npy,20230328,2023,lidar,0.9431,train,train
20230328_lidar_tile_2048_1664.npy,20230328,2023,lidar,0.9514,train,train
20230328_lidar_tile_2048_1792.npy,20230328,2023,lidar,0.9713,train,train
20230328_lidar_tile_2048_1920.npy,20230328,2023,lidar,0.985,train,train
20230328_lidar_tile_2048_2048.npy,20230328,2023,lidar,0.9882,train,train
20230328_lidar_tile_2048_2176.npy,20230328,2023,lidar,0.993,train,train
20230328_lidar_tile_2048_2304.npy,20230328,2023,lidar,0.9966,train,train
20230328_lidar_tile_2048_2432.npy,20230328,2023,lidar,0.9965,train,train
20230328_lidar_tile_2048_2560.npy,20230328,2023,lidar,0.9952,train,train
20230328_lidar_tile_2176_768.npy,20230328,2023,lidar,0.7869,train,val
20230328_lidar_tile_2176_896.npy,20230328,2023,lidar,0.9961,train,val
20230328_lidar_tile_2176_1024.npy,20230328,2023,lidar,0.9883,train,val
20230328_lidar_tile_2176_1152.npy,20230328,2023,lidar,0.9872,train,buffer
20230328_lidar_tile_2176_1280.npy,20230328,2023,lidar,0.9882,train,train
20230328_lidar_tile_2176_1408.npy,20230328,2023,lidar,0.9756,train,train
20230328_lidar_tile_2176_1536.npy,20230328,2023,lidar,0.9773,train,train
20230328_lidar_tile_2176_1664.npy,20230328,2023,lidar,0.9909,train,train
20230328_lidar_tile_2176_1792.npy,20230328,2023,lidar,0.9952,train,train
20230328_lidar_tile_2176_1920.npy,20230328,2023,lidar,0.9965,train,train
20230328_lidar_tile_2176_2048.npy,20230328,2023,lidar,0.9968,train,train
20230328_lidar_tile_2176_2176.npy,20230328,2023,lidar,0.9946,train,train
20230328_lidar_tile_2176_2304.npy,20230328,2023,lidar,0.9938,train,train
20230328_lidar_tile_2176_2432.npy,20230328,2023,lidar,0.9956,train,train
20230328_lidar_tile_2176_2560.npy,20230328,2023,lidar,0.9657,train,train
20230328_lidar_tile_2304_768.npy,20230328,2023,lidar,0.8322,train,val
20230328_lidar_tile_2304_896.npy,20230328,2023,lidar,0.9925,train,val
20230328_lidar_tile_2304_1024.npy,20230328,2023,lidar,0.992,train,val
20230328_lidar_tile_2304_1152.npy,20230328,2023,lidar,0.993,train,buffer
20230328_lidar_tile_2304_1280.npy,20230328,2023,lidar,0.9913,train,train
20230328_lidar_tile_2304_1408.npy,20230328,2023,lidar,0.9878,train,train
20230328_lidar_tile_2304_1536.npy,20230328,2023,lidar,0.9898,train,train
20230328_lidar_tile_2304_1664.npy,20230328,2023,lidar,0.9946,train,train
20230328_lidar_tile_2304_1792.npy,20230328,2023,lidar,0.9976,train,train
20230328_lidar_tile_2304_1920.npy,20230328,2023,lidar,0.9977,train,train
20230328_lidar_tile_2304_2048.npy,20230328,2023,lidar,0.9981,train,train
20230328_lidar_tile_2304_2176.npy,20230328,2023,lidar,0.9921,train,train
20230328_lidar_tile_2304_2304.npy,20230328,2023,lidar,0.9865,train,train
20230328_lidar_tile_2304_2432.npy,20230328,2023,lidar,0.9339,train,train
20230328_lidar_tile_2432_640.npy,20230328,2023,lidar,0.4652,train,buffer
20230328_lidar_tile_2432_768.npy,20230328,2023,lidar,0.9426,train,val
20230328_lidar_tile_2432_896.npy,20230328,2023,lidar,0.9931,train,val
20230328_lidar_tile_2432_1024.npy,20230328,2023,lidar,0.9933,train,val
20230328_lidar_tile_2432_1152.npy,20230328,2023,lidar,0.993,train,buffer
20230328_lidar_tile_2432_1280.npy,20230328,2023,lidar,0.9915,train,train
20230328_lidar_tile_2432_1408.npy,20230328,2023,lidar,0.9907,train,train
20230328_lidar_tile_2432_1536.npy,20230328,2023,lidar,0.9953,train,train
20230328_lidar_tile_2432_1664.npy,20230328,2023,lidar,0.9982,train,train
20230328_lidar_tile_2432_1792.npy,20230328,2023,lidar,0.998,train,train
20230328_lidar_tile_2432_1920.npy,20230328,2023,lidar,0.9969,train,train
20230328_lidar_tile_2432_2048.npy,20230328,2023,lidar,0.9913,train,train
20230328_lidar_tile_2432_2176.npy,20230328,2023,lidar,0.9451,train,train
20230328_lidar_tile_2432_2304.npy,20230328,2023,lidar,0.7847,train,train
20230328_lidar_tile_2560_640.npy,20230328,2023,lidar,0.5195,train,buffer
20230328_lidar_tile_2560_768.npy,20230328,2023,lidar,0.9759,train,val
20230328_lidar_tile_2560_896.npy,20230328,2023,lidar,0.9944,train,val
20230328_lidar_tile_2560_1024.npy,20230328,2023,lidar,0.9942,train,val
20230328_lidar_tile_2560_1152.npy,20230328,2023,lidar,0.9946,train,buffer
20230328_lidar_tile_2560_1280.npy,20230328,2023,lidar,0.9909,train,train
20230328_lidar_tile_2560_1408.npy,20230328,2023,lidar,0.9925,train,train
20230328_lidar_tile_2560_1536.npy,20230328,2023,lidar,0.9984,train,train
20230328_lidar_tile_2560_1664.npy,20230328,2023,lidar,0.9992,train,train
20230328_lidar_tile_2560_1792.npy,20230328,2023,lidar,0.9982,train,train
20230328_lidar_tile_2560_1920.npy,20230328,2023,lidar,0.9863,train,train
20230328_lidar_tile_2560_2048.npy,20230328,2023,lidar,0.9691,train,train
20230328_lidar_tile_2560_2176.npy,20230328,2023,lidar,0.7532,train,train
20230328_lidar_tile_2560_2304.npy,20230328,2023,lidar,0.3596,train,train
20230328_lidar_tile_2688_640.npy,20230328,2023,lidar,0.535,train,buffer
20230328_lidar_tile_2688_768.npy,20230328,2023,lidar,0.9587,train,val
20230328_lidar_tile_2688_896.npy,20230328,2023,lidar,0.9866,train,val
20230328_lidar_tile_2688_1024.npy,20230328,2023,lidar,0.9875,train,val
20230328_lidar_tile_2688_1152.npy,20230328,2023,lidar,0.9893,train,buffer
20230328_lidar_tile_2688_1280.npy,20230328,2023,lidar,0.9939,train,train
20230328_lidar_tile_2688_1408.npy,20230328,2023,lidar,0.9953,train,train
20230328_lidar_tile_2688_1536.npy,20230328,2023,lidar,0.9974,train,train
20230328_lidar_tile_2688_1664.npy,20230328,2023,lidar,0.9987,train,train
20230328_lidar_tile_2688_1792.npy,20230328,2023,lidar,0.993,train,train
20230328_lidar_tile_2688_1920.npy,20230328,2023,lidar,0.9583,train,train
20230328_lidar_tile_2688_2048.npy,20230328,2023,lidar,0.83,train,train
20230328_lidar_tile_2688_2176.npy,20230328,2023,lidar,0.4413,train,train
20230328_lidar_tile_2816_640.npy,20230328,2023,lidar,0.3067,train,buffer
20230328_lidar_tile_2816_768.npy,20230328,2023,lidar,0.6587,train,val
20230328_lidar_tile_2816_896.npy,20230328,2023,lidar,0.8863,train,val
20230328_lidar_tile_2816_1024.npy,20230328,2023,lidar,0.9784,train,val
20230328_lidar_tile_2816_1152.npy,20230328,2023,lidar,0.9814,train,buffer
20230328_lidar_tile_2816_1280.npy,20230328,2023,lidar,0.987,train,train
20230328_lidar_tile_2816_1408.npy,20230328,2023,lidar,0.9922,train,train
20230328_lidar_tile_2816_1536.npy,20230328,2023,lidar,0.9958,train,train
20230328_lidar_tile_2816_1664.npy,20230328,2023,lidar,0.9841,train,train
20230328_lidar_tile_2816_1792.npy,20230328,2023,lidar,0.9071,train,train
20230328_lidar_tile_2944_896.npy,20230328,2023,lidar,0.6497,train,val
20230328_lidar_tile_2944_1024.npy,20230328,2023,lidar,0.9325,train,val
20230328_lidar_tile_2944_1152.npy,20230328,2023,lidar,0.8938,train,buffer
20230328_lidar_tile_2944_1280.npy,20230328,2023,lidar,0.8109,train,train
20230328_lidar_tile_2944_1408.npy,20230328,2023,lidar,0.8459,train,train
20240125_lidar_tile_256_256.npy,20240125,2024,lidar,0.9522,val,test
20240125_lidar_tile_256_512.npy,20240125,2024,lidar,0.9898,val,test
20240125_lidar_tile_256_768.npy,20240125,2024,lidar,0.9695,val,val
20240125_lidar_tile_256_1024.npy,20240125,2024,lidar,0.983,val,val
20240125_lidar_tile_512_0.npy,20240125,2024,lidar,0.7028,val,test
20240125_lidar_tile_512_256.npy,20240125,2024,lidar,0.9938,val,test
20240125_lidar_tile_512_512.npy,20240125,2024,lidar,0.9946,val,test
20240125_lidar_tile_512_768.npy,20240125,2024,lidar,0.993,val,val
20240125_lidar_tile_512_1024.npy,20240125,2024,lidar,0.9995,val,val
20240125_lidar_tile_512_1280.npy,20240125,2024,lidar,0.9965,val,train
20240125_lidar_tile_512_1536.npy,20240125,2024,lidar,0.9868,val,train
20240125_lidar_tile_512_1792.npy,20240125,2024,lidar,0.9613,val,train
20240125_lidar_tile_512_2048.npy,20240125,2024,lidar,0.9876,val,train
20240125_lidar_tile_512_2304.npy,20240125,2024,lidar,0.9598,val,train
20240125_lidar_tile_512_2560.npy,20240125,2024,lidar,0.9578,val,train
20240125_lidar_tile_768_0.npy,20240125,2024,lidar,0.7208,val,test
20240125_lidar_tile_768_256.npy,20240125,2024,lidar,0.9967,val,test
20240125_lidar_tile_768_512.npy,20240125,2024,lidar,0.999,val,test
20240125_lidar_tile_768_768.npy,20240125,2024,lidar,0.9996,val,val
20240125_lidar_tile_768_1024.npy,20240125,2024,lidar,0.9996,val,val
20240125_lidar_tile_768_1280.npy,20240125,2024,lidar,0.9981,val,train
20240125_lidar_tile_768_1536.npy,20240125,2024,lidar,0.9965,val,train
20240125_lidar_tile_768_1792.npy,20240125,2024,lidar,0.9749,val,train
20240125_lidar_tile_768_2048.npy,20240125,2024,lidar,0.9562,val,train
20240125_lidar_tile_768_2304.npy,20240125,2024,lidar,0.9888,val,train
20240125_lidar_tile_768_2560.npy,20240125,2024,lidar,0.949,val,train
20240125_lidar_tile_768_2816.npy,20240125,2024,lidar,0.865,val,train
20240125_lidar_tile_1024_0.npy,20240125,2024,lidar,0.5703,val,test
20240125_lidar_tile_1024_256.npy,20240125,2024,lidar,0.9975,val,test
20240125_lidar_tile_1024_512.npy,20240125,2024,lidar,1.0,val,test
20240125_lidar_tile_1024_768.npy,20240125,2024,lidar,0.9991,val,val
20240125_lidar_tile_1024_1024.npy,20240125,2024,lidar,0.9994,val,val
20240125_lidar_tile_1024_1280.npy,20240125,2024,lidar,0.9978,val,train
20240125_lidar_tile_1024_1536.npy,20240125,2024,lidar,0.9902,val,train
20240125_lidar_tile_1024_1792.npy,20240125,2024,lidar,0.9369,val,train
20240125_lidar_tile_1024_2048.npy,20240125,2024,lidar,0.9563,val,train
20240125_lidar_tile_1024_2304.npy,20240125,2024,lidar,0.9929,val,train
20240125_lidar_tile_1024_2560.npy,20240125,2024,lidar,0.9439,val,train
20240125_lidar_tile_1024_2816.npy,20240125,2024,lidar,0.5526,val,train
20240125_lidar_tile_1024_3072.npy,20240125,2024,lidar,0.3378,val,train
20240125_lidar_tile_1280_256.npy,20240125,2024,lidar,0.5246,val,test
20240125_lidar_tile_1280_512.npy,20240125,2024,lidar,0.9968,val,test
20240125_lidar_tile_1280_768.npy,20240125,2024,lidar,0.9966,val,val
20240125_lidar_tile_1280_1024.npy,20240125,2024,lidar,0.9928,val,val
20240125_lidar_tile_1280_1280.npy,20240125,2024,lidar,0.9902,val,train
20240125_lidar_tile_1280_1536.npy,20240125,2024,lidar,0.9827,val,train
20240125_lidar_tile_1280_1792.npy,20240125,2024,lidar,0.962,val,train
20240125_lidar_tile_1280_2048.npy,20240125,2024,lidar,0.9531,val,train
20240125_lidar_tile_1280_2304.npy,20240125,2024,lidar,0.9585,val,train
20240125_lidar_tile_1280_2560.npy,20240125,2024,lidar,0.877,val,train
20240125_lidar_tile_1280_2816.npy,20240125,2024,lidar,0.668,val,train
20240125_lidar_tile_1536_768.npy,20240125,2024,lidar,0.4884,val,val
20240125_lidar_tile_1536_1024.npy,20240125,2024,lidar,0.9893,val,val
20240125_lidar_tile_1536_1280.npy,20240125,2024,lidar,0.9971,val,train
20240125_lidar_tile_1536_1536.npy,20240125,2024,lidar,0.9964,val,train
20240125_lidar_tile_1536_1792.npy,20240125,2024,lidar,0.9813,val,train
20240125_lidar_tile_1536_2048.npy,20240125,2024,lidar,0.9904,val,train
20240125_lidar_tile_1536_2304.npy,20240125,2024,lidar,0.9643,val,train
20240125_lidar_tile_1536_2560.npy,20240125,2024,lidar,0.8984,val,train
20240125_lidar_tile_1536_2816.npy,20240125,2024,lidar,0.925,val,train
20240125_lidar_tile_1792_768.npy,20240125,2024,lidar,0.5597,val,val
20240125_lidar_tile_1792_1024.npy,20240125,2024,lidar,0.998,val,val
20240125_lidar_tile_1792_1280.npy,20240125,2024,lidar,0.9974,val,train
20240125_lidar_tile_1792_1536.npy,20240125,2024,lidar,0.9915,val,train
20240125_lidar_tile_1792_1792.npy,20240125,2024,lidar,0.982,val,train
20240125_lidar_tile_1792_2048.npy,20240125,2024,lidar,0.9615,val,train
20240125_lidar_tile_1792_2304.npy,20240125,2024,lidar,0.9855,val,train
20240125_lidar_tile_1792_2560.npy,20240125,2024,lidar,0.9697,val,train
20240125_lidar_tile_1792_2816.npy,20240125,2024,lidar,0.9458,val,train
20240125_lidar_tile_2048_768.npy,20240125,2024,lidar,0.5801,val,val
20240125_lidar_tile_2048_1024.npy,20240125,2024,lidar,0.9951,val,val
20240125_lidar_tile_2048_1280.npy,20240125,2024,lidar,0.9891,val,train
20240125_lidar_tile_2048_1536.npy,20240125,2024,lidar,0.9792,val,train
20240125_lidar_tile_2048_1792.npy,20240125,2024,lidar,0.98,val,train
20240125_lidar_tile_2048_2048.npy,20240125,2024,lidar,0.9769,val,train
20240125_lidar_tile_2048_2304.npy,20240125,2024,lidar,0.9862,val,train
20240125_lidar_tile_2048_2560.npy,20240125,2024,lidar,0.9636,val,train
20240125_lidar_tile_2304_768.npy,20240125,2024,lidar,0.5867,val,val
20240125_lidar_tile_2304_1024.npy,20240125,2024,lidar,0.9853,val,val
20240125_lidar_tile_2304_1280.npy,20240125,2024,lidar,0.9844,val,train
20240125_lidar_tile_2304_1536.npy,20240125,2024,lidar,0.9884,val,train
20240125_lidar_tile_2304_1792.npy,20240125,2024,lidar,0.9989,val,train
20240125_lidar_tile_2304_2048.npy,20240125,2024,lidar,0.9875,val,train
20240125_lidar_tile_2304_2304.npy,20240125,2024,lidar,0.9537,val,train
20240125_lidar_tile_2560_768.npy,20240125,2024,lidar,0.4098,val,val
20240125_lidar_tile_2560_1024.npy,20240125,2024,lidar,0.974,val,val
20240125_lidar_tile_2560_1280.npy,20240125,2024,lidar,0.9811,val,train
20240125_lidar_tile_2560_1536.npy,20240125,2024,lidar,0.9906,val,train
20240125_lidar_tile_2560_1792.npy,20240125,2024,lidar,0.9879,val,train
20240125_lidar_tile_2560_2048.npy,20240125,2024,lidar,0.942,val,train
20240125_lidar_tile_2560_2304.npy,20240125,2024,lidar,0.4989,val,train
20240125_lidar_tile_2816_1024.npy,20240125,2024,lidar,0.8279,val,val
20240125_lidar_tile_2816_1280.npy,20240125,2024,lidar,0.972,val,train
20240125_lidar_tile_2816_1536.npy,20240125,2024,lidar,0.94,val,train
20240125_lidar_tile_2816_1792.npy,20240125,2024,lidar,0.8874,val,train
20240213_lidar_tile_256_256.npy,20240213,2024,lidar,0.9436,val,test
20240213_lidar_tile_256_512.npy,20240213,2024,lidar,0.9812,val,test
20240213_lidar_tile_256_768.npy,20240213,2024,lidar,0.9898,val,val
20240213_lidar_tile_256_1024.npy,20240213,2024,lidar,0.9648,val,val
20240213_lidar_tile_512_0.npy,20240213,2024,lidar,0.6642,val,test
20240213_lidar_tile_512_256.npy,20240213,2024,lidar,0.9814,val,test
20240213_lidar_tile_512_512.npy,20240213,2024,lidar,0.9946,val,test
20240213_lidar_tile_512_768.npy,20240213,2024,lidar,0.9993,val,val
20240213_lidar_tile_512_1024.npy,20240213,2024,lidar,0.982,val,val
20240213_lidar_tile_512_1280.npy,20240213,2024,lidar,0.925,val,train
20240213_lidar_tile_512_1536.npy,20240213,2024,lidar,0.9657,val,train
20240213_lidar_tile_512_1792.npy,20240213,2024,lidar,0.956,val,train
20240213_lidar_tile_512_2048.npy,20240213,2024,lidar,0.9766,val,train
20240213_lidar_tile_512_2304.npy,20240213,2024,lidar,0.9749,val,train
20240213_lidar_tile_512_2560.npy,20240213,2024,lidar,0.9599,val,train
20240213_lidar_tile_768_0.npy,20240213,2024,lidar,0.8194,val,test
20240213_lidar_tile_768_256.npy,20240213,2024,lidar,0.9953,val,test
20240213_lidar_tile_768_512.npy,20240213,2024,lidar,0.9992,val,test
20240213_lidar_tile_768_768.npy,20240213,2024,lidar,0.998,val,val
20240213_lidar_tile_768_1024.npy,20240213,2024,lidar,0.9923,val,val
20240213_lidar_tile_768_1280.npy,20240213,2024,lidar,0.9826,val,train
20240213_lidar_tile_768_1536.npy,20240213,2024,lidar,0.9836,val,train
20240213_lidar_tile_768_1792.npy,20240213,2024,lidar,0.9471,val,train
20240213_lidar_tile_768_2048.npy,20240213,2024,lidar,0.9612,val,train
20240213_lidar_tile_768_2304.npy,20240213,2024,lidar,0.9744,val,train
20240213_lidar_tile_768_2560.npy,20240213,2024,lidar,0.9576,val,train
20240213_lidar_tile_768_2816.npy,20240213,2024,lidar,0.9769,val,train
20240213_lidar_tile_1024_0.npy,20240213,2024,lidar,0.4819,val,test
20240213_lidar_tile_1024_256.npy,20240213,2024,lidar,0.9777,val,test
20240213_lidar_tile_1024_512.npy,20240213,2024,lidar,0.9993,val,test
20240213_lidar_tile_1024_768.npy,20240213,2024,lidar,0.9994,val,val
20240213_lidar_tile_1024_1024.npy,20240213,2024,lidar,0.9973,val,val
20240213_lidar_tile_1024_1280.npy,20240213,2024,lidar,0.9976,val,train
20240213_lidar_tile_1024_1536.npy,20240213,2024,lidar,0.9818,val,train
20240213_lidar_tile_1024_1792.npy,20240213,2024,lidar,0.9358,val,train
20240213_lidar_tile_1024_2048.npy,20240213,2024,lidar,0.962,val,train
20240213_lidar_tile_1024_2304.npy,20240213,2024,lidar,0.9715,val,train
20240213_lidar_tile_1024_2560.npy,20240213,2024,lidar,0.9617,val,train
20240213_lidar_tile_1024_2816.npy,20240213,2024,lidar,0.9793,val,train
20240213_lidar_tile_1024_3072.npy,20240213,2024,lidar,0.9772,val,train
20240213_lidar_tile_1280_256.npy,20240213,2024,lidar,0.4497,val,test
20240213_lidar_tile_1280_512.npy,20240213,2024,lidar,0.9978,val,test
20240213_lidar_tile_1280_768.npy,20240213,2024,lidar,0.9964,val,val
20240213_lidar_tile_1280_1024.npy,20240213,2024,lidar,0.9837,val,val
20240213_lidar_tile_1280_1280.npy,20240213,2024,lidar,0.9893,val,train
20240213_lidar_tile_1280_1536.npy,20240213,2024,lidar,0.9583,val,train
20240213_lidar_tile_1280_1792.npy,20240213,2024,lidar,0.9697,val,train
20240213_lidar_tile_1280_2048.npy,20240213,2024,lidar,0.9917,val,train
20240213_lidar_tile_1280_2304.npy,20240213,2024,lidar,0.9844,val,train
20240213_lidar_tile_1280_2560.npy,20240213,2024,lidar,0.9822,val,train
20240213_lidar_tile_1280_2816.npy,20240213,2024,lidar,0.9546,val,train
20240213_lidar_tile_1536_768.npy,20240213,2024,lidar,0.4375,val,val
20240213_lidar_tile_1536_1024.npy,20240213,2024,lidar,0.8479,val,val
20240213_lidar_tile_1536_1280.npy,20240213,2024,lidar,0.9728,val,train
20240213_lidar_tile_1536_1536.npy,20240213,2024,lidar,0.9138,val,train
20240213_lidar_tile_1536_1792.npy,20240213,2024,lidar,0.9886,val,train
20240213_lidar_tile_1536_2048.npy,20240213,2024,lidar,0.9889,val,train
20240213_lidar_tile_1536_2304.npy,20240213,2024,lidar,0.9815,val,train
20240213_lidar_tile_1536_2560.npy,20240213,2024,lidar,0.9684,val,train
20240213_lidar_tile_1536_2816.npy,20240213,2024,lidar,0.9969,val,train
20240213_lidar_tile_1792_768.npy,20240213,2024,lidar,0.5158,val,val
20240213_lidar_tile_1792_1024.npy,20240213,2024,lidar,0.9239,val,val
20240213_lidar_tile_1792_1280.npy,20240213,2024,lidar,0.9871,val,train
20240213_lidar_tile_1792_1536.npy,20240213,2024,lidar,0.9816,val,train
20240213_lidar_tile_1792_1792.npy,20240213,2024,lidar,0.998,val,train
20240213_lidar_tile_1792_2048.npy,20240213,2024,lidar,0.9791,val,train
20240213_lidar_tile_1792_2304.npy,20240213,2024,lidar,0.9985,val,train
20240213_lidar_tile_1792_2560.npy,20240213,2024,lidar,0.9961,val,train
20240213_lidar_tile_1792_2816.npy,20240213,2024,lidar,0.9608,val,train
20240213_lidar_tile_2048_768.npy,20240213,2024,lidar,0.7451,val,val
20240213_lidar_tile_2048_1024.npy,20240213,2024,lidar,0.9967,val,val
20240213_lidar_tile_2048_1280.npy,20240213,2024,lidar,0.9977,val,train
20240213_lidar_tile_2048_1536.npy,20240213,2024,lidar,0.9981,val,train
20240213_lidar_tile_2048_1792.npy,20240213,2024,lidar,0.9953,val,train
20240213_lidar_tile_2048_2048.npy,20240213,2024,lidar,0.9878,val,train
20240213_lidar_tile_2048_2304.npy,20240213,2024,lidar,0.9962,val,train
20240213_lidar_tile_2048_2560.npy,20240213,2024,lidar,0.9954,val,train
20240213_lidar_tile_2304_768.npy,20240213,2024,lidar,0.7061,val,val
20240213_lidar_tile_2304_1024.npy,20240213,2024,lidar,0.9893,val,val
20240213_lidar_tile_2304_1280.npy,20240213,2024,lidar,0.9979,val,train
20240213_lidar_tile_2304_1536.npy,20240213,2024,lidar,0.9985,val,train
20240213_lidar_tile_2304_1792.npy,20240213,2024,lidar,0.9985,val,train
20240213_lidar_tile_2304_2048.npy,20240213,2024,lidar,0.9978,val,train
20240213_lidar_tile_2304_2304.npy,20240213,2024,lidar,0.9817,val,train
20240213_lidar_tile_2560_768.npy,20240213,2024,lidar,0.5863,val,val
20240213_lidar_tile_2560_1024.npy,20240213,2024,lidar,0.9942,val,val
20240213_lidar_tile_2560_1280.npy,20240213,2024,lidar,0.9907,val,train
20240213_lidar_tile_2560_1536.npy,20240213,2024,lidar,0.9971,val,train
20240213_lidar_tile_2560_1792.npy,20240213,2024,lidar,0.9977,val,train
20240213_lidar_tile_2560_2048.npy,20240213,2024,lidar,0.9613,val,train
20240213_lidar_tile_2560_2304.npy,20240213,2024,lidar,0.4072,val,train
20240213_lidar_tile_2816_1024.npy,20240213,2024,lidar,0.9009,val,val
20240213_lidar_tile_2816_1280.npy,20240213,2024,lidar,0.9843,val,train
20240213_lidar_tile_2816_1536.npy,20240213,2024,lidar,0.9835,val,train
20240213_lidar_tile_2816_1792.npy,20240213,2024,lidar,0.8673,val,train
20240307_lidar_tile_0_768.npy,20240307,2024,lidar,0.3991,val,val
20240307_lidar_tile_0_1024.npy,20240307,2024,lidar,0.5961,val,val
20240307_lidar_tile_256_512.npy,20240307,2024,lidar,0.7335,val,test
20240307_lidar_tile_256_768.npy,20240307,2024,lidar,0.9954,val,val
20240307_lidar_tile_256_1024.npy,20240307,2024,lidar,0.9999,val,val
20240307_lidar_tile_256_1280.npy,20240307,2024,lidar,0.998,val,train
20240307_lidar_tile_256_1536.npy,20240307,2024,lidar,0.9951,val,train
20240307_lidar_tile_256_1792.npy,20240307,2024,lidar,0.9959,val,train
20240307_lidar_tile_256_2048.npy,20240307,2024,lidar,0.9934,val,train
20240307_lidar_tile_256_2304.npy,20240307,2024,lidar,0.9919,val,train
20240307_lidar_tile_256_2560.npy,20240307,2024,lidar,0.9632,val,train
20240307_lidar_tile_512_256.npy,20240307,2024,lidar,0.8765,val,test
20240307_lidar_tile_512_512.npy,20240307,2024,lidar,0.9894,val,test
20240307_lidar_tile_512_768.npy,20240307,2024,lidar,0.9998,val,val
20240307_lidar_tile_512_1024.npy,20240307,2024,lidar,0.9998,val,val
20240307_lidar_tile_512_1280.npy,20240307,2024,lidar,0.9991,val,train
20240307_lidar_tile_512_1536.npy,20240307,2024,lidar,0.9983,val,train
20240307_lidar_tile_512_1792.npy,20240307,2024,lidar,0.9995,val,train
20240307_lidar_tile_512_2304.npy,20240307,2024,lidar,1.0,val,train
20240307_lidar_tile_512_2560.npy,20240307,2024,lidar,0.9152,val,train
20240307_lidar_tile_768_256.npy,20240307,2024,lidar,0.905,val,test
20240307_lidar_tile_768_512.npy,20240307,2024,lidar,0.9993,val,test
20240307_lidar_tile_768_768.npy,20240307,2024,lidar,0.9991,val,val
20240307_lidar_tile_768_1024.npy,20240307,2024,lidar,0.9993,val,val
20240307_lidar_tile_768_1280.npy,20240307,2024,lidar,0.9968,val,train
20240307_lidar_tile_768_1536.npy,20240307,2024,lidar,0.9997,val,train
20240307_lidar_tile_768_1792.npy,20240307,2024,lidar,0.9982,val,train
20240307_lidar_tile_768_2048.npy,20240307,2024,lidar,0.9904,val,train
20240307_lidar_tile_768_2304.npy,20240307,2024,lidar,1.0,val,train
20240307_lidar_tile_768_2560.npy,20240307,2024,lidar,0.4205,val,train
20240307_lidar_tile_1024_768.npy,20240307,2024,lidar,0.9768,val,val
20240307_lidar_tile_1024_1024.npy,20240307,2024,lidar,0.9246,val,val
20240307_lidar_tile_1024_1280.npy,20240307,2024,lidar,0.996,val,train
20240307_lidar_tile_1024_1536.npy,20240307,2024,lidar,0.9988,val,train
20240307_lidar_tile_1024_1792.npy,20240307,2024,lidar,1.0,val,train
20240307_lidar_tile_1024_2048.npy,20240307,2024,lidar,0.9962,val,train
20240307_lidar_tile_1024_2304.npy,20240307,2024,lidar,0.9773,val,train
20240307_lidar_tile_1280_1280.npy,20240307,2024,lidar,0.7693,val,train
20240307_lidar_tile_1280_1536.npy,20240307,2024,lidar,0.9992,val,train
20240307_lidar_tile_1280_1792.npy,20240307,2024,lidar,0.9998,val,train
20240307_lidar_tile_1280_2048.npy,20240307,2024,lidar,0.9996,val,train
20240307_lidar_tile_1280_2304.npy,20240307,2024,lidar,0.7802,val,train
20240307_lidar_tile_1536_1280.npy,20240307,2024,lidar,0.6012,val,train
20240307_lidar_tile_1536_1536.npy,20240307,2024,lidar,0.9765,val,train
20240307_lidar_tile_1536_1792.npy,20240307,2024,lidar,0.8766,val,train
20240307_lidar_tile_1536_2048.npy,20240307,2024,lidar,0.5853,val,train
20240307_lidar_tile_1792_1280.npy,20240307,2024,lidar,0.3447,val,train
20240307_lidar_tile_1792_1536.npy,20240307,2024,lidar,0.846,val,train
20240307_lidar_tile_1792_1792.npy,20240307,2024,lidar,0.9416,val,train
20240307_lidar_tile_1792_2048.npy,20240307,2024,lidar,0.6112,val,train
20240307_lidar_tile_2048_1536.npy,20240307,2024,lidar,0.395,val,train
20240307_lidar_tile_2048_1792.npy,20240307,2024,lidar,0.4701,val,train
20240314_lidar_tile_0_768.npy,20240314,2024,lidar,0.3991,val,val
20240314_lidar_tile_0_1024.npy,20240314,2024,lidar,0.5961,val,val
20240314_lidar_tile_256_512.npy,20240314,2024,lidar,0.7335,val,test
20240314_lidar_tile_256_768.npy,20240314,2024,lidar,0.9954,val,val
20240314_lidar_tile_256_1024.npy,20240314,2024,lidar,0.9999,val,val
20240314_lidar_tile_256_1280.npy,20240314,2024,lidar,0.998,val,train
20240314_lidar_tile_256_1536.npy,20240314,2024,lidar,0.9951,val,train
20240314_lidar_tile_256_1792.npy,20240314,2024,lidar,0.9959,val,train
20240314_lidar_tile_256_2048.npy,20240314,2024,lidar,0.9934,val,train
20240314_lidar_tile_256_2304.npy,20240314,2024,lidar,0.9919,val,train
20240314_lidar_tile_256_2560.npy,20240314,2024,lidar,0.9632,val,train
20240314_lidar_tile_512_256.npy,20240314,2024,lidar,0.8765,val,test
20240314_lidar_tile_512_512.npy,20240314,2024,lidar,0.9894,val,test
20240314_lidar_tile_512_768.npy,20240314,2024,lidar,0.9998,val,val
20240314_lidar_tile_512_1024.npy,20240314,2024,lidar,0.9998,val,val
20240314_lidar_tile_512_1280.npy,20240314,2024,lidar,0.9991,val,train
20240314_lidar_tile_512_1536.npy,20240314,2024,lidar,0.9983,val,train
20240314_lidar_tile_512_1792.npy,20240314,2024,lidar,0.9995,val,train
20240314_lidar_tile_512_2304.npy,20240314,2024,lidar,1.0,val,train
20240314_lidar_tile_512_2560.npy,20240314,2024,lidar,0.9152,val,train
20240314_lidar_tile_768_256.npy,20240314,2024,lidar,0.905,val,test
20240314_lidar_tile_768_512.npy,20240314,2024,lidar,0.9993,val,test
20240314_lidar_tile_768_768.npy,20240314,2024,lidar,0.9991,val,val
20240314_lidar_tile_768_1024.npy,20240314,2024,lidar,0.9993,val,val
20240314_lidar_tile_768_1280.npy,20240314,2024,lidar,0.9968,val,train
20240314_lidar_tile_768_1536.npy,20240314,2024,lidar,0.9997,val,train
20240314_lidar_tile_768_1792.npy,20240314,2024,lidar,0.9982,val,train
20240314_lidar_tile_768_2048.npy,20240314,2024,lidar,0.9904,val,train
20240314_lidar_tile_768_2304.npy,20240314,2024,lidar,1.0,val,train
20240314_lidar_tile_768_2560.npy,20240314,2024,lidar,0.4205,val,train
20240314_lidar_tile_1024_768.npy,20240314,2024,lidar,0.9768,val,val
20240314_lidar_tile_1024_1024.npy,20240314,2024,lidar,0.9246,val,val
20240314_lidar_tile_1024_1280.npy,20240314,2024,lidar,0.996,val,train
20240314_lidar_tile_1024_1536.npy,20240314,2024,lidar,0.9988,val,train
20240314_lidar_tile_1024_1792.npy,20240314,2024,lidar,1.0,val,train
20240314_lidar_tile_1024_2048.npy,20240314,2024,lidar,0.9962,val,train
20240314_lidar_tile_1024_2304.npy,20240314,2024,lidar,0.9773,val,train
20240314_lidar_tile_1280_1280.npy,20240314,2024,lidar,0.7693,val,train
20240314_lidar_tile_1280_1536.npy,20240314,2024,lidar,0.9992,val,train
20240314_lidar_tile_1280_1792.npy,20240314,2024,lidar,0.9998,val,train
20240314_lidar_tile_1280_2048.npy,20240314,2024,lidar,0.9996,val,train
20240314_lidar_tile_1280_2304.npy,20240314,2024,lidar,0.7802,val,train
20240314_lidar_tile_1536_1280.npy,20240314,2024,lidar,0.6012,val,train
20240314_lidar_tile_1536_1536.npy,20240314,2024,lidar,0.9765,val,train
20240314_lidar_tile_1536_1792.npy,20240314,2024,lidar,0.8766,val,train
20240314_lidar_tile_1536_2048.npy,20240314,2024,lidar,0.5853,val,train
20240314_lidar_tile_1792_1280.npy,20240314,2024,lidar,0.3447,val,train
20240314_lidar_tile_1792_1536.npy,20240314,2024,lidar,0.846,val,train
20240314_lidar_tile_1792_1792.npy,20240314,2024,lidar,0.9416,val,train
20240314_lidar_tile_1792_2048.npy,20240314,2024,lidar,0.6112,val,train
20240314_lidar_tile_2048_1536.npy,20240314,2024,lidar,0.395,val,train
20240314_lidar_tile_2048_1792.npy,20240314,2024,lidar,0.4701,val,train
20240405_lidar_tile_256_256.npy,20240405,2024,lidar,0.6108,val,test
20240405_lidar_tile_256_512.npy,20240405,2024,lidar,0.9655,val,test
20240405_lidar_tile_256_768.npy,20240405,2024,lidar,0.9956,val,val
20240405_lidar_tile_256_1024.npy,20240405,2024,lidar,0.9691,val,val
20240405_lidar_tile_256_1280.npy,20240405,2024,lidar,0.9147,val,train
20240405_lidar_tile_512_0.npy,20240405,2024,lidar,0.5467,val,test
20240405_lidar_tile_512_256.npy,20240405,2024,lidar,0.9996,val,test
20240405_lidar_tile_512_512.npy,20240405,2024,lidar,0.9982,val,test
20240405_lidar_tile_512_768.npy,20240405,2024,lidar,0.9982,val,val
20240405_lidar_tile_512_1024.npy,20240405,2024,lidar,0.9602,val,val
20240405_lidar_tile_512_1280.npy,20240405,2024,lidar,0.8657,val,train
20240405_lidar_tile_768_0.npy,20240405,2024,lidar,0.7691,val,test
20240405_lidar_tile_768_256.npy,20240405,2024,lidar,0.9948,val,test
20240405_lidar_tile_768_512.npy,20240405,2024,lidar,0.9992,val,test
20240405_lidar_tile_768_768.npy,20240405,2024,lidar,0.9993,val,val
20240405_lidar_tile_768_1024.npy,20240405,2024,lidar,0.9887,val,val
20240405_lidar_tile_768_1280.npy,20240405,2024,lidar,0.9669,val,train
20240405_lidar_tile_768_1536.npy,20240405,2024,lidar,0.4639,val,train
20240405_lidar_tile_1024_0.npy,20240405,2024,lidar,0.6144,val,test
20240405_lidar_tile_1024_256.npy,20240405,2024,lidar,0.9726,val,test
20240405_lidar_tile_1024_512.npy,20240405,2024,lidar,0.9898,val,test
20240405_lidar_tile_1024_768.npy,20240405,2024,lidar,0.9944,val,val
20240405_lidar_tile_1024_1024.npy,20240405,2024,lidar,0.9922,val,val
20240405_lidar_tile_1024_1280.npy,20240405,2024,lidar,0.9123,val,train
20240405_lidar_tile_1280_256.npy,20240405,2024,lidar,0.4338,val,test
20240405_lidar_tile_1280_512.npy,20240405,2024,lidar,0.8724,val,test
20240405_lidar_tile_1280_768.npy,20240405,2024,lidar,0.9526,val,val
20240405_lidar_tile_1280_1024.npy,20240405,2024,lidar,0.6972,val,val
20240405_lidar_tile_1536_768.npy,20240405,2024,lidar,0.4636,val,val
20240508_lidar_tile_0_512.npy,20240508,2024,lidar,0.6365,val,test
20240508_lidar_tile_0_768.npy,20240508,2024,lidar,0.7022,val,val
20240508_lidar_tile_0_1024.npy,20240508,2024,lidar,0.6838,val,val
20240508_lidar_tile_256_256.npy,20240508,2024,lidar,0.6706,val,test
20240508_lidar_tile_256_512.npy,20240508,2024,lidar,0.8042,val,test
20240508_lidar_tile_256_768.npy,20240508,2024,lidar,0.8711,val,val
20240508_lidar_tile_256_1024.npy,20240508,2024,lidar,0.7522,val,val
20240508_lidar_tile_256_1280.npy,20240508,2024,lidar,0.7804,val,train
20240508_lidar_tile_512_256.npy,20240508,2024,lidar,0.885,val,test
20240508_lidar_tile_512_512.npy,20240508,2024,lidar,0.8306,val,test
20240508_lidar_tile_512_768.npy,20240508,2024,lidar,0.8392,val,val
20240508_lidar_tile_512_1024.npy,20240508,2024,lidar,0.5954,val,val
20240508_lidar_tile_512_1280.npy,20240508,2024,lidar,0.6019,val,train
20240508_lidar_tile_512_1536.npy,20240508,2024,lidar,0.7159,val,train
20240508_lidar_tile_512_1792.npy,20240508,2024,lidar,0.9005,val,train
20240508_lidar_tile_512_2048.npy,20240508,2024,lidar,0.6662,val,train
20240508_lidar_tile_768_256.npy,20240508,2024,lidar,0.8777,val,test
20240508_lidar_tile_768_512.npy,20240508,2024,lidar,0.941,val,test
20240508_lidar_tile_768_768.npy,20240508,2024,lidar,0.9621,val,val
20240508_lidar_tile_768_1024.npy,20240508,2024,lidar,0.7577,val,val
20240508_lidar_tile_768_1280.npy,20240508,2024,lidar,0.8571,val,train
20240508_lidar_tile_768_1536.npy,20240508,2024,lidar,0.8273,val,train
20240508_lidar_tile_768_1792.npy,20240508,2024,lidar,0.4924,val,train
20240508_lidar_tile_768_2304.npy,20240508,2024,lidar,0.3718,val,train
20240508_lidar_tile_768_2560.npy,20240508,2024,lidar,0.3354,val,train
20240508_lidar_tile_1024_256.npy,20240508,2024,lidar,0.7918,val,test
20240508_lidar_tile_1024_512.npy,20240508,2024,lidar,0.701,val,test
20240508_lidar_tile_1024_768.npy,20240508,2024,lidar,0.9617,val,val
20240508_lidar_tile_1024_1024.npy,20240508,2024,lidar,0.7455,val,val
20240508_lidar_tile_1024_1280.npy,20240508,2024,lidar,0.7899,val,train
20240508_lidar_tile_1024_1536.npy,20240508,2024,lidar,0.5111,val,train
20240508_lidar_tile_1024_1792.npy,20240508,2024,lidar,0.3035,val,train
20240508_lidar_tile_1280_768.npy,20240508,2024,lidar,0.6208,val,val
20240508_lidar_tile_1280_1024.npy,20240508,2024,lidar,0.6066,val,val
20240508_lidar_tile_1280_1280.npy,20240508,2024,lidar,0.576,val,train
20240508_lidar_tile_1280_1536.npy,20240508,2024,lidar,0.3659,val,train
20240508_lidar_tile_1280_1792.npy,20240508,2024,lidar,0.4743,val,train
20240508_lidar_tile_1280_2048.npy,20240508,2024,lidar,0.3088,val,train
20240508_lidar_tile_1280_2304.npy,20240508,2024,lidar,0.5174,val,train
20240508_lidar_tile_1280_2560.npy,20240508,2024,lidar,0.7016,val,train
20240508_lidar_tile_1280_2816.npy,20240508,2024,lidar,0.555,val,train
20240508_lidar_tile_1536_768.npy,20240508,2024,lidar,0.5484,val,val
20240508_lidar_tile_1536_1024.npy,20240508,2024,lidar,0.6125,val,val
20240508_lidar_tile_1536_1280.npy,20240508,2024,lidar,0.5262,val,train
20240508_lidar_tile_1536_1536.npy,20240508,2024,lidar,0.4568,val,train
20240508_lidar_tile_1536_1792.npy,20240508,2024,lidar,0.4329,val,train
20240508_lidar_tile_1536_2048.npy,20240508,2024,lidar,0.6912,val,train
20240508_lidar_tile_1536_2304.npy,20240508,2024,lidar,0.7086,val,train
20240508_lidar_tile_1536_2560.npy,20240508,2024,lidar,0.5699,val,train
20240508_lidar_tile_1792_1024.npy,20240508,2024,lidar,0.5071,val,val
20240508_lidar_tile_1792_1280.npy,20240508,2024,lidar,0.5523,val,train
20240508_lidar_tile_1792_1536.npy,20240508,2024,lidar,0.3808,val,train
20240508_lidar_tile_1792_1792.npy,20240508,2024,lidar,0.5078,val,train
20240508_lidar_tile_1792_2048.npy,20240508,2024,lidar,0.4541,val,train
20240508_lidar_tile_2048_1024.npy,20240508,2024,lidar,0.526,val,val
20240508_lidar_tile_2048_1280.npy,20240508,2024,lidar,0.5911,val,train
20240508_lidar_tile_2048_1536.npy,20240508,2024,lidar,0.7613,val,train
20240508_lidar_tile_2048_1792.npy,20240508,2024,lidar,0.7193,val,train
20240508_lidar_tile_2048_2048.npy,20240508,2024,lidar,0.6923,val,train
20240508_lidar_tile_2048_2304.npy,20240508,2024,lidar,0.7721,val,train
20240508_lidar_tile_2048_2560.npy,20240508,2024,lidar,0.8213,val,train
20240508_lidar_tile_2304_768.npy,20240508,2024,lidar,0.3967,val,val
20240508_lidar_tile_2304_1024.npy,20240508,2024,lidar,0.8578,val,val
20240508_lidar_tile_2304_1280.npy,20240508,2024,lidar,0.89,val,train
20240508_lidar_tile_2304_1536.npy,20240508,2024,lidar,0.8832,val,train
20240508_lidar_tile_2304_1792.npy,20240508,2024,lidar,0.8322,val,train
20240508_lidar_tile_2304_2048.npy,20240508,2024,lidar,0.9306,val,train
20240508_lidar_tile_2304_2304.npy,20240508,2024,lidar,0.9326,val,train
20240508_lidar_tile_2560_768.npy,20240508,2024,lidar,0.6891,val,val
20240508_lidar_tile_2560_1024.npy,20240508,2024,lidar,0.8508,val,val
20240508_lidar_tile_2560_1280.npy,20240508,2024,lidar,0.8221,val,train
20240508_lidar_tile_2560_1536.npy,20240508,2024,lidar,0.887,val,train
20240508_lidar_tile_2560_1792.npy,20240508,2024,lidar,0.7097,val,train
20240508_lidar_tile_2560_2048.npy,20240508,2024,lidar,0.4775,val,train
20240508_lidar_tile_2816_1024.npy,20240508,2024,lidar,0.6605,val,val
20240605_lidar_tile_0_512.npy,20240605,2024,lidar,0.3523,val,test
20240605_lidar_tile_0_768.npy,20240605,2024,lidar,0.8581,val,val
20240605_lidar_tile_256_512.npy,20240605,2024,lidar,0.899,val,test
20240605_lidar_tile_256_768.npy,20240605,2024,lidar,0.9693,val,val
20240605_lidar_tile_256_1024.npy,20240605,2024,lidar,0.7712,val,val
20240605_lidar_tile_512_256.npy,20240605,2024,lidar,0.4333,val,test
20240605_lidar_tile_512_512.npy,20240605,2024,lidar,0.9699,val,test
20240605_lidar_tile_512_768.npy,20240605,2024,lidar,0.913,val,val
20240605_lidar_tile_512_1024.npy,20240605,2024,lidar,0.8876,val,val
20240605_lidar_tile_512_1280.npy,20240605,2024,lidar,0.959,val,train
20240605_lidar_tile_512_1536.npy,20240605,2024,lidar,0.9377,val,train
20240605_lidar_tile_512_1792.npy,20240605,2024,lidar,0.9807,val,train
20240605_lidar_tile_512_2048.npy,20240605,2024,lidar,0.665,val,train
20240605_lidar_tile_768_256.npy,20240605,2024,lidar,0.6414,val,test
20240605_lidar_tile_768_512.npy,20240605,2024,lidar,0.8482,val,test
20240605_lidar_tile_768_768.npy,20240605,2024,lidar,0.9305,val,val
20240605_lidar_tile_768_1024.npy,20240605,2024,lidar,0.9788,val,val
20240605_lidar_tile_768_1280.npy,20240605,2024,lidar,0.9508,val,train
20240605_lidar_tile_768_1536.npy,20240605,2024,lidar,0.8634,val,train
20240605_lidar_tile_768_1792.npy,20240605,2024,lidar,0.9713,val,train
20240605_lidar_tile_1024_256.npy,20240605,2024,lidar,0.4475,val,test
20240605_lidar_tile_1024_512.npy,20240605,2024,lidar,0.7484,val,test
20240605_lidar_tile_1024_768.npy,20240605,2024,lidar,0.8629,val,val
20240605_lidar_tile_1024_1024.npy,20240605,2024,lidar,0.9615,val,val
20240605_lidar_tile_1024_1280.npy,20240605,2024,lidar,0.8521,val,train
20240605_lidar_tile_1024_1536.npy,20240605,2024,lidar,0.9379,val,train
20240605_lidar_tile_1024_1792.npy,20240605,2024,lidar,0.9619,val,train
20240605_lidar_tile_1024_2048.npy,20240605,2024,lidar,0.7437,val,train
20240605_lidar_tile_1280_768.npy,20240605,2024,lidar,0.3487,val,val
20240605_lidar_tile_1280_1024.npy,20240605,2024,lidar,0.6616,val,val
20240605_lidar_tile_1280_1280.npy,20240605,2024,lidar,0.6493,val,train
20240605_lidar_tile_1280_1536.npy,20240605,2024,lidar,0.7998,val,train
20240605_lidar_tile_1280_1792.npy,20240605,2024,lidar,0.7012,val,train
20250317_lidar_tile_0_256.npy,20250317,2025,lidar,0.5441,test,test
20250317_lidar_tile_0_512.npy,20250317,2025,lidar,0.8143,test,test
20250317_lidar_tile_256_256.npy,20250317,2025,lidar,0.9532,test,test
20250317_lidar_tile_256_512.npy,20250317,2025,lidar,0.9996,test,test
20250317_lidar_tile_256_768.npy,20250317,2025,lidar,0.9999,test,val
20250317_lidar_tile_256_1024.npy,20250317,2025,lidar,0.9486,test,val
20250317_lidar_tile_512_0.npy,20250317,2025,lidar,0.4204,test,test
20250317_lidar_tile_512_256.npy,20250317,2025,lidar,0.9992,test,test
20250317_lidar_tile_512_512.npy,20250317,2025,lidar,0.9995,test,test
20250317_lidar_tile_512_768.npy,20250317,2025,lidar,1.0,test,val
20250317_lidar_tile_512_1024.npy,20250317,2025,lidar,0.9977,test,val
20250317_lidar_tile_512_1280.npy,20250317,2025,lidar,0.998,test,train
20250317_lidar_tile_512_1536.npy,20250317,2025,lidar,0.9994,test,train
20250317_lidar_tile_512_1792.npy,20250317,2025,lidar,0.9293,test,train
20250317_lidar_tile_768_0.npy,20250317,2025,lidar,0.782,test,test
20250317_lidar_tile_768_256.npy,20250317,2025,lidar,0.9983,test,test
20250317_lidar_tile_768_512.npy,20250317,2025,lidar,0.9997,test,test
20250317_lidar_tile_768_768.npy,20250317,2025,lidar,1.0,test,val
20250317_lidar_tile_768_1024.npy,20250317,2025,lidar,0.9993,test,val
20250317_lidar_tile_768_1280.npy,20250317,2025,lidar,0.9984,test,train
20250317_lidar_tile_768_1536.npy,20250317,2025,lidar,0.9995,test,train
20250317_lidar_tile_768_2048.npy,20250317,2025,lidar,0.7953,test,train
20250317_lidar_tile_1024_0.npy,20250317,2025,lidar,0.6552,test,test
20250317_lidar_tile_1024_256.npy,20250317,2025,lidar,0.9996,test,test
20250317_lidar_tile_1024_512.npy,20250317,2025,lidar,0.9991,test,test
20250317_lidar_tile_1024_768.npy,20250317,2025,lidar,1.0,test,val
20250317_lidar_tile_1024_1024.npy,20250317,2025,lidar,0.997,test,val
20250317_lidar_tile_1024_1280.npy,20250317,2025,lidar,0.9998,test,train
20250317_lidar_tile_1024_1536.npy,20250317,2025,lidar,0.9989,test,train
20250317_lidar_tile_1024_1792.npy,20250317,2025,lidar,0.9891,test,train
20250317_lidar_tile_1024_2048.npy,20250317,2025,lidar,0.601,test,train
20250317_lidar_tile_1280_512.npy,20250317,2025,lidar,0.9653,test,test
20250317_lidar_tile_1280_768.npy,20250317,2025,lidar,0.8163,test,val
20250317_lidar_tile_1280_1024.npy,20250317,2025,lidar,0.9977,test,val
20250317_lidar_tile_1280_1280.npy,20250317,2025,lidar,0.9999,test,train
20250317_lidar_tile_1280_1536.npy,20250317,2025,lidar,1.0,test,train
20250317_lidar_tile_1280_1792.npy,20250317,2025,lidar,0.9573,test,train
20250317_lidar_tile_1536_1024.npy,20250317,2025,lidar,0.6092,test,val
20250317_lidar_tile_1536_1280.npy,20250317,2025,lidar,0.8631,test,train
20250317_lidar_tile_1536_1536.npy,20250317,2025,lidar,0.9864,test,train
20250317_lidar_tile_1536_1792.npy,20250317,2025,lidar,0.911,test,train
20250317_lidar_tile_1536_2048.npy,20250317,2025,lidar,0.4606,test,train
20250317_lidar_tile_1792_1280.npy,20250317,2025,lidar,0.7853,test,train
20250317_lidar_tile_1792_1536.npy,20250317,2025,lidar,0.9847,test,train
20250317_lidar_tile_1792_1792.npy,20250317,2025,lidar,0.9737,test,train
20250317_lidar_tile_1792_2048.npy,20250317,2025,lidar,0.6344,test,train
20250317_lidar_tile_2048_1024.npy,20250317,2025,lidar,0.3281,test,val
20250317_lidar_tile_2048_1280.npy,20250317,2025,lidar,0.7893,test,train
20250317_lidar_tile_2048_1536.npy,20250317,2025,lidar,0.9776,test,train
20250317_lidar_tile_2048_1792.npy,20250317,2025,lidar,0.9611,test,train
20250317_lidar_tile_2048_2048.npy,20250317,2025,lidar,0.6731,test,train
20250317_lidar_tile_2304_1024.npy,20250317,2025,lidar,0.5034,test,val
20250317_lidar_tile_2304_1280.npy,20250317,2025,lidar,0.9032,test,train
20250317_lidar_tile_2304_1536.npy,20250317,2025,lidar,0.9407,test,train
20250317_lidar_tile_2304_1792.npy,20250317,2025,lidar,0.6944,test,train
20250317_lidar_tile_2560_1280.npy,20250317,2025,lidar,0.3307,test,train
20250317_lidar_tile_2560_1536.npy,20250317,2025,lidar,0.4563,test,train
20250327_lidar_tile_0_512.npy,20250327,2025,lidar,0.7392,test,test
20250327_lidar_tile_0_768.npy,20250327,2025,lidar,0.8609,test,val
20250327_lidar_tile_256_256.npy,20250327,2025,lidar,0.749,test,test
20250327_lidar_tile_256_512.npy,20250327,2025,lidar,0.9983,test,test
20250327_lidar_tile_256_768.npy,20250327,2025,lidar,1.0,test,val
20250327_lidar_tile_256_1024.npy,20250327,2025,lidar,0.9996,test,val
20250327_lidar_tile_512_256.npy,20250327,2025,lidar,0.9902,test,test
20250327_lidar_tile_512_512.npy,20250327,2025,lidar,0.9996,test,test
20250327_lidar_tile_512_768.npy,20250327,2025,lidar,0.9998,test,val
20250327_lidar_tile_512_1024.npy,20250327,2025,lidar,1.0,test,val
20250327_lidar_tile_512_1280.npy,20250327,2025,lidar,0.9967,test,train
20250327_lidar_tile_512_1536.npy,20250327,2025,lidar,0.9992,test,train
20250327_lidar_tile_512_1792.npy,20250327,2025,lidar,1.0,test,train
20250327_lidar_tile_512_2048.npy,20250327,2025,lidar,0.7683,test,train
20250327_lidar_tile_768_0.npy,20250327,2025,lidar,0.5372,test,test
20250327_lidar_tile_768_256.npy,20250327,2025,lidar,0.9975,test,test
20250327_lidar_tile_768_512.npy,20250327,2025,lidar,0.9998,test,test
20250327_lidar_tile_768_768.npy,20250327,2025,lidar,0.9998,test,val
20250327_lidar_tile_768_1024.npy,20250327,2025,lidar,0.9997,test,val
20250327_lidar_tile_768_1280.npy,20250327,2025,lidar,0.9992,test,train
20250327_lidar_tile_768_1536.npy,20250327,2025,lidar,0.9984,test,train
20250327_lidar_tile_768_1792.npy,20250327,2025,lidar,0.9969,test,train
20250327_lidar_tile_768_2304.npy,20250327,2025,lidar,1.0,test,train
20250327_lidar_tile_768_2560.npy,20250327,2025,lidar,0.7771,test,train
20250327_lidar_tile_1024_256.npy,20250327,2025,lidar,0.9994,test,test
20250327_lidar_tile_1024_512.npy,20250327,2025,lidar,0.9997,test,test
20250327_lidar_tile_1024_768.npy,20250327,2025,lidar,0.999,test,val
20250327_lidar_tile_1024_1024.npy,20250327,2025,lidar,0.9992,test,val
20250327_lidar_tile_1024_1280.npy,20250327,2025,lidar,0.9976,test,train
20250327_lidar_tile_1024_1536.npy,20250327,2025,lidar,0.9996,test,train
20250327_lidar_tile_1024_1792.npy,20250327,2025,lidar,0.9973,test,train
20250327_lidar_tile_1024_2048.npy,20250327,2025,lidar,0.9949,test,train
20250327_lidar_tile_1024_2304.npy,20250327,2025,lidar,1.0,test,train
20250327_lidar_tile_1024_2560.npy,20250327,2025,lidar,0.9559,test,train
20250327_lidar_tile_1024_2816.npy,20250327,2025,lidar,0.8472,test,train
20250327_lidar_tile_1280_768.npy,20250327,2025,lidar,0.9956,test,val
20250327_lidar_tile_1280_1024.npy,20250327,2025,lidar,0.9837,test,val
20250327_lidar_tile_1280_1280.npy,20250327,2025,lidar,0.9972,test,train
20250327_lidar_tile_1280_1536.npy,20250327,2025,lidar,0.9993,test,train
20250327_lidar_tile_1280_1792.npy,20250327,2025,lidar,1.0,test,train
20250327_lidar_tile_1280_2048.npy,20250327,2025,lidar,0.9953,test,train
20250327_lidar_tile_1280_2304.npy,20250327,2025,lidar,0.9994,test,train
20250327_lidar_tile_1280_2560.npy,20250327,2025,lidar,0.9895,test,train
20250327_lidar_tile_1280_2816.npy,20250327,2025,lidar,0.9243,test,train
20250327_lidar_tile_1536_768.npy,20250327,2025,lidar,0.9483,test,val
20250327_lidar_tile_1536_1024.npy,20250327,2025,lidar,0.9754,test,val
20250327_lidar_tile_1536_1280.npy,20250327,2025,lidar,0.9846,test,train
20250327_lidar_tile_1536_1536.npy,20250327,2025,lidar,0.9993,test,train
20250327_lidar_tile_1536_1792.npy,20250327,2025,lidar,1.0,test,train
20250327_lidar_tile_1536_2048.npy,20250327,2025,lidar,0.9991,test,train
20250327_lidar_tile_1536_2304.npy,20250327,2025,lidar,0.9989,test,train
20250327_lidar_tile_1536_2560.npy,20250327,2025,lidar,0.9882,test,train
20250327_lidar_tile_1536_2816.npy,20250327,2025,lidar,0.9881,test,train
20250327_lidar_tile_1792_768.npy,20250327,2025,lidar,0.9362,test,val
20250327_lidar_tile_1792_1024.npy,20250327,2025,lidar,0.9329,test,val
20250327_lidar_tile_1792_1280.npy,20250327,2025,lidar,0.9413,test,train
20250327_lidar_tile_1792_1536.npy,20250327,2025,lidar,0.9925,test,train
20250327_lidar_tile_1792_1792.npy,20250327,2025,lidar,0.9998,test,train
20250327_lidar_tile_1792_2048.npy,20250327,2025,lidar,0.9938,test,train
20250327_lidar_tile_1792_2304.npy,20250327,2025,lidar,0.996,test,train
20250327_lidar_tile_1792_2560.npy,20250327,2025,lidar,0.997,test,train
20250327_lidar_tile_1792_2816.npy,20250327,2025,lidar,0.8596,test,train
20250327_lidar_tile_2048_768.npy,20250327,2025,lidar,0.787,test,val
20250327_lidar_tile_2048_1024.npy,20250327,2025,lidar,0.9368,test,val
20250327_lidar_tile_2048_1280.npy,20250327,2025,lidar,0.952,test,train
20250327_lidar_tile_2048_1536.npy,20250327,2025,lidar,0.9955,test,train
20250327_lidar_tile_2048_1792.npy,20250327,2025,lidar,0.9973,test,train
20250327_lidar_tile_2048_2048.npy,20250327,2025,lidar,0.9923,test,train
20250327_lidar_tile_2048_2304.npy,20250327,2025,lidar,0.9943,test,train
20250327_lidar_tile_2048_2560.npy,20250327,2025,lidar,0.6344,test,train
20250327_lidar_tile_2304_768.npy,20250327,2025,lidar,0.5316,test,val
20250327_lidar_tile_2304_1024.npy,20250327,2025,lidar,0.9801,test,val
20250327_lidar_tile_2304_1280.npy,20250327,2025,lidar,0.9916,test,train
20250327_lidar_tile_2304_1536.npy,20250327,2025,lidar,0.951,test,train
20250327_lidar_tile_2304_1792.npy,20250327,2025,lidar,0.9907,test,train
20250327_lidar_tile_2304_2048.npy,20250327,2025,lidar,0.9909,test,train
20250327_lidar_tile_2304_2304.npy,20250327,2025,lidar,0.7886,test,train
20250327_lidar_tile_2560_768.npy,20250327,2025,lidar,0.4392,test,val
20250327_lidar_tile_2560_1024.npy,20250327,2025,lidar,0.8393,test,val
20250327_lidar_tile_2560_1280.npy,20250327,2025,lidar,0.9911,test,train
20250327_lidar_tile_2560_1536.npy,20250327,2025,lidar,0.9923,test,train
20250327_lidar_tile_2560_1792.npy,20250327,2025,lidar,0.9971,test,train
20250327_lidar_tile_2560_2048.npy,20250327,2025,lidar,0.9195,test,train
20250327_lidar_tile_2560_2304.npy,20250327,2025,lidar,0.5201,test,train
20250327_lidar_tile_2816_1024.npy,20250327,2025,lidar,0.8723,test,val
20250327_lidar_tile_2816_1280.npy,20250327,2025,lidar,0.9546,test,train
20250327_lidar_tile_2816_1536.npy,20250327,2025,lidar,0.976,test,train
20250401_lidar_tile_0_256.npy,20250401,2025,lidar,0.4239,test,test
20250401_lidar_tile_256_256.npy,20250401,2025,lidar,0.985,test,test
20250401_lidar_tile_256_512.npy,20250401,2025,lidar,0.9983,test,test
20250401_lidar_tile_256_768.npy,20250401,2025,lidar,0.9997,test,val
20250401_lidar_tile_256_1024.npy,20250401,2025,lidar,0.9968,test,val
20250401_lidar_tile_256_1280.npy,20250401,2025,lidar,0.4476,test,train
20250401_lidar_tile_512_0.npy,20250401,2025,lidar,0.8428,test,test
20250401_lidar_tile_512_256.npy,20250401,2025,lidar,0.9995,test,test
20250401_lidar_tile_512_512.npy,20250401,2025,lidar,0.9986,test,test
20250401_lidar_tile_512_768.npy,20250401,2025,lidar,0.9991,test,val
20250401_lidar_tile_512_1024.npy,20250401,2025,lidar,0.9414,test,val
20250401_lidar_tile_512_1280.npy,20250401,2025,lidar,0.716,test,train
20250401_lidar_tile_768_0.npy,20250401,2025,lidar,0.8973,test,test
20250401_lidar_tile_768_256.npy,20250401,2025,lidar,0.9967,test,test
20250401_lidar_tile_768_512.npy,20250401,2025,lidar,0.9998,test,test
20250401_lidar_tile_768_768.npy,20250401,2025,lidar,0.9958,test,val
20250401_lidar_tile_768_1024.npy,20250401,2025,lidar,0.8852,test,val
20250401_lidar_tile_768_1280.npy,20250401,2025,lidar,0.4545,test,train
20250401_lidar_tile_1024_0.npy,20250401,2025,lidar,0.5177,test,test
20250401_lidar_tile_1024_256.npy,20250401,2025,lidar,0.9836,test,test
20250401_lidar_tile_1024_512.npy,20250401,2025,lidar,0.9795,test,test
20250401_lidar_tile_1024_768.npy,20250401,2025,lidar,0.9445,test,val
20250401_lidar_tile_1024_1024.npy,20250401,2025,lidar,0.6038,test,val
20250424_lidar_tile_0_256.npy,20250424,2025,lidar,0.4734,test,test
20250424_lidar_tile_256_0.npy,20250424,2025,lidar,0.4061,test,test
20250424_lidar_tile_256_256.npy,20250424,2025,lidar,0.9989,test,test
20250424_lidar_tile_256_512.npy,20250424,2025,lidar,0.9986,test,test
20250424_lidar_tile_256_768.npy,20250424,2025,lidar,1.0,test,val
20250424_lidar_tile_256_1024.npy,20250424,2025,lidar,0.9611,test,val
20250424_lidar_tile_256_1280.npy,20250424,2025,lidar,0.5527,test,train
20250424_lidar_tile_512_0.npy,20250424,2025,lidar,0.7386,test,test
20250424_lidar_tile_512_256.npy,20250424,2025,lidar,0.9997,test,test
20250424_lidar_tile_512_512.npy,20250424,2025,lidar,0.999,test,test
20250424_lidar_tile_512_768.npy,20250424,2025,lidar,0.9962,test,val
20250424_lidar_tile_512_1280.npy,20250424,2025,lidar,0.52,test,train
20250424_lidar_tile_768_0.npy,20250424,2025,lidar,0.8366,test,test
20250424_lidar_tile_768_256.npy,20250424,2025,lidar,0.9944,test,test
20250424_lidar_tile_768_512.npy,20250424,2025,lidar,0.9884,test,test
20250424_lidar_tile_768_768.npy,20250424,2025,lidar,0.9967,test,val
20250424_lidar_tile_768_1024.npy,20250424,2025,lidar,0.7981,test,val
20250424_lidar_tile_768_1280.npy,20250424,2025,lidar,0.4273,test,train
20250424_lidar_tile_1024_0.npy,20250424,2025,lidar,0.4835,test,test
20250424_lidar_tile_1024_256.npy,20250424,2025,lidar,0.8152,test,test
20250424_lidar_tile_1024_512.npy,20250424,2025,lidar,0.6955,test,test
20250424_lidar_tile_1024_768.npy,20250424,2025,lidar,0.9657,test,val
20250424_lidar_tile_1024_1024.npy,20250424,2025,lidar,0.4729,test,val
20250521_lidar_tile_0_512.npy,20250521,2025,lidar,0.7826,test,test
20250521_lidar_tile_256_256.npy,20250521,2025,lidar,0.9331,test,test
20250521_lidar_tile_256_512.npy,20250521,2025,lidar,0.9993,test,test
20250521_lidar_tile_256_768.npy,20250521,2025,lidar,0.9998,test,val
20250521_lidar_tile_256_1024.npy,20250521,2025,lidar,0.967,test,val
20250521_lidar_tile_512_0.npy,20250521,2025,lidar,0.6349,test,test
20250521_lidar_tile_512_256.npy,20250521,2025,lidar,0.9952,test,test
20250521_lidar_tile_512_512.npy,20250521,2025,lidar,0.9717,test,test
20250521_lidar_tile_512_768.npy,20250521,2025,lidar,0.9603,test,val
20250521_lidar_tile_512_1024.npy,20250521,2025,lidar,0.8393,test,val
20250521_lidar_tile_512_1280.npy,20250521,2025,lidar,0.5074,test,train
20250521_lidar_tile_512_1536.npy,20250521,2025,lidar,0.5871,test,train
20250521_lidar_tile_768_0.npy,20250521,2025,lidar,0.8799,test,test
20250521_lidar_tile_768_256.npy,20250521,2025,lidar,0.9853,test,test
20250521_lidar_tile_768_512.npy,20250521,2025,lidar,0.8663,test,test
20250521_lidar_tile_768_768.npy,20250521,2025,lidar,0.8549,test,val
20250521_lidar_tile_768_1024.npy,20250521,2025,lidar,0.8542,test,val
20250521_lidar_tile_768_1280.npy,20250521,2025,lidar,0.9257,test,train
20250521_lidar_tile_768_1536.npy,20250521,2025,lidar,0.999,test,train
20250521_lidar_tile_1024_0.npy,20250521,2025,lidar,0.6489,test,test
20250521_lidar_tile_1024_256.npy,20250521,2025,lidar,0.9412,test,test
20250521_lidar_tile_1024_512.npy,20250521,2025,lidar,0.835,test,test
20250521_lidar_tile_1024_768.npy,20250521,2025,lidar,0.8295,test,val
20250521_lidar_tile_1024_1024.npy,20250521,2025,lidar,0.9456,test,val
20250521_lidar_tile_1024_1280.npy,20250521,2025,lidar,0.9946,test,train
20250521_lidar_tile_1024_1536.npy,20250521,2025,lidar,0.6796,test,train
20250521_lidar_tile_1280_512.npy,20250521,2025,lidar,0.7885,test,test
20250521_lidar_tile_1280_768.npy,20250521,2025,lidar,0.745,test,val
20250521_lidar_tile_1280_1024.npy,20250521,2025,lidar,0.9477,test,val
20250521_lidar_tile_1280_1280.npy,20250521,2025,lidar,0.7234,test,train
