{
  "experiment": "attention_unet_v6_5m",
  "best_val_loss": 0.173421,
  "epochs_run": 150,
  "train_loss": [
    1.114939,
    0.62202,
    0.461813,
    0.43107,
    0.431801,
    0.360363,
    0.336119,
    0.346572,
    0.308043,
    0.29454,
    0.307043,
    0.263355,
    0.263104,
    0.2623,
    0.278213,
    0.278606,
    0.241854,
    0.250257,
    0.248859,
    0.246588,
    0.266844,
    0.248091,
    0.229834,
    0.249233,
    0.233202,
    0.233671,
    0.228226,
    0.238303,
    0.235254,
    0.249091,
    0.223619,
    0.248227,
    0.215432,
    0.239639,
    0.207581,
    0.255117,
    0.226072,
    0.21592,
    0.208196,
    0.211927,
    0.208397,
    0.211103,
    0.220644,
    0.229943,
    0.211258,
    0.208043,
    0.214776,
    0.203511,
    0.192089,
    0.202444,
    0.203734,
    0.189849,
    0.182069,
    0.198554,
    0.207938,
    0.206098,
    0.202708,
    0.185577,
    0.204351,
    0.189862,
    0.18669,
    0.19084,
    0.190121,
    0.184081,
    0.182374,
    0.184149,
    0.166317,
    0.187481,
    0.190996,
    0.164019,
    0.173705,
    0.168129,
    0.168227,
    0.176071,
    0.184497,
    0.17803,
    0.163375,
    0.169609,
    0.166775,
    0.168469,
    0.186804,
    0.214035,
    0.179088,
    0.167089,
    0.202971,
    0.163385,
    0.201913,
    0.167822,
    0.174807,
    0.172488,
    0.191113,
    0.165073,
    0.161724,
    0.169891,
    0.184271,
    0.182423,
    0.164603,
    0.151224,
    0.149445,
    0.156626,
    0.142259,
    0.180054,
    0.155677,
    0.156823,
    0.165461,
    0.161674,
    0.179312,
    0.148123,
    0.155264,
    0.14558,
    0.151396,
    0.184009,
    0.151086,
    0.150436,
    0.142036,
    0.146714,
    0.138206,
    0.130051,
    0.139918,
    0.134509,
    0.148879,
    0.132676,
    0.139321,
    0.167645,
    0.153657,
    0.152695,
    0.149739,
    0.128616,
    0.15661,
    0.177442,
    0.149365,
    0.139987,
    0.136604,
    0.131921,
    0.12795,
    0.134178,
    0.141001,
    0.112615,
    0.117017,
    0.123268,
    0.130126,
    0.153086,
    0.144402,
    0.123543,
    0.119162,
    0.126457,
    0.129972,
    0.141875,
    0.134584,
    0.13252
  ],
  "val_loss": [
    0.508927,
    0.452215,
    0.373346,
    0.28111,
    0.248364,
    0.279316,
    0.217565,
    0.246434,
    0.248982,
    0.307642,
    0.247687,
    0.245172,
    0.237367,
    0.322412,
    0.233818,
    0.318939,
    0.249965,
    0.252875,
    0.232708,
    0.224622,
    0.231483,
    0.209899,
    0.22637,
    0.250927,
    0.25071,
    0.200666,
    0.207654,
    0.303132,
    0.201093,
    0.217115,
    0.243686,
    0.263247,
    0.229066,
    0.208025,
    0.243784,
    0.255468,
    0.276899,
    0.242489,
    0.231602,
    0.214602,
    0.231929,
    0.259763,
    0.299575,
    0.257994,
    0.206452,
    0.251643,
    0.362491,
    0.239459,
    0.194903,
    0.206166,
    0.236269,
    0.239997,
    0.267691,
    0.213094,
    0.243452,
    0.250566,
    0.239009,
    0.245249,
    0.245937,
    0.220203,
    0.214716,
    0.214835,
    0.190316,
    0.205841,
    0.223924,
    0.277814,
    0.20262,
    0.201606,
    0.20399,
    0.199365,
    0.216785,
    0.206775,
    0.232076,
    0.234554,
    0.207111,
    0.188304,
    0.240548,
    0.22899,
    0.19704,
    0.185039,
    0.224792,
    0.290276,
    0.314537,
    0.27085,
    0.262536,
    0.232802,
    0.200216,
    0.205844,
    0.192097,
    0.196927,
    0.280108,
    0.239336,
    0.208692,
    0.200695,
    0.234396,
    0.19241,
    0.203257,
    0.187504,
    0.208751,
    0.209171,
    0.205604,
    0.193736,
    0.192674,
    0.290709,
    0.292576,
    0.209578,
    0.188974,
    0.290113,
    0.237019,
    0.185884,
    0.209402,
    0.195009,
    0.23666,
    0.206302,
    0.231727,
    0.233312,
    0.241153,
    0.213081,
    0.210181,
    0.207414,
    0.249964,
    0.206152,
    0.20896,
    0.262154,
    0.25419,
    0.196815,
    0.193233,
    0.33007,
    0.272763,
    0.202174,
    0.190288,
    0.203483,
    0.210146,
    0.278383,
    0.226021,
    0.233523,
    0.197405,
    0.173421,
    0.216546,
    0.208854,
    0.225902,
    0.187577,
    0.197796,
    0.25589,
    0.248883,
    0.204695,
    0.184565,
    0.215599,
    0.180708,
    0.191493
  ],
  "config": {
    "architecture": "attention_unet",
    "in_channels": 17,
    "features": [
      48,
      96,
      192,
      384
    ],
    "dropout_p": 0.1,
    "batch_size": 16,
    "learning_rate": 0.00039,
    "weight_decay": 1.6e-05,
    "optimizer": "adam",
    "loss": "mse",
    "grad_clip": 0.0,
    "epochs": 150,
    "channel_indices": [
      0,
      1,
      2,
      3,
      4,
      5,
      6,
      7,
      8,
      9,
      10,
      11,
      12,
      13,
      30,
      31,
      32
    ]
  }
}